time,temperature_2m,relative_humidity_2m,rain,wind_speed_10m,shortwave_radiation
2025-01-01 00:00:00,22.8,67,0.0,5.2,0.0
2025-01-01 01:00:00,22.4,69,0.0,5.2,0.0
2025-01-01 02:00:00,21.8,72,0.0,5.3,0.0
2025-01-01 03:00:00,21.3,74,0.0,5.5,0.0
2025-01-01 04:00:00,20.8,74,0.0,5.3,0.0
2025-01-01 05:00:00,20.5,74,0.0,4.6,0.0
2025-01-01 06:00:00,20.5,76,0.0,6.4,0.0
2025-01-01 07:00:00,20.6,74,0.0,6.2,27.0
2025-01-01 08:00:00,22.1,67,0.0,4.5,190.0
2025-01-01 09:00:00,24.3,57,0.0,6.9,395.0
2025-01-01 10:00:00,26.0,48,0.0,9.5,581.0
2025-01-01 11:00:00,27.1,44,0.0,9.8,710.0
2025-01-01 12:00:00,27.9,42,0.0,10.2,765.0
2025-01-01 13:00:00,28.4,40,0.0,9.9,746.0
2025-01-01 14:00:00,28.6,39,0.0,9.4,661.0
2025-01-01 15:00:00,28.5,39,0.0,9.0,519.0
2025-01-01 16:00:00,27.9,40,0.0,8.8,327.0
2025-01-01 17:00:00,27.0,42,0.0,9.2,122.0
2025-01-01 18:00:00,26.4,46,0.0,8.0,5.0
2025-01-01 19:00:00,25.3,50,0.0,6.7,0.0
2025-01-01 20:00:00,24.3,54,0.0,5.5,0.0
2025-01-01 21:00:00,23.4,58,0.0,5.3,0.0
2025-01-01 22:00:00,22.8,60,0.0,5.3,0.0
2025-01-01 23:00:00,21.9,63,0.0,5.9,0.0
2025-01-02 00:00:00,21.3,65,0.0,6.2,0.0
2025-01-02 01:00:00,20.7,67,0.0,6.5,0.0
2025-01-02 02:00:00,20.2,69,0.0,6.5,0.0
2025-01-02 03:00:00,19.7,72,0.0,7.5,0.0
2025-01-02 04:00:00,19.1,73,0.0,7.5,0.0
2025-01-02 05:00:00,18.6,73,0.0,7.3,0.0
2025-01-02 06:00:00,18.7,73,0.0,6.7,0.0
2025-01-02 07:00:00,18.7,74,0.0,6.1,25.0
2025-01-02 08:00:00,19.9,69,0.0,4.3,177.0
2025-01-02 09:00:00,22.1,58,0.0,5.4,370.0
2025-01-02 10:00:00,24.3,46,0.0,7.1,581.0
2025-01-02 11:00:00,26.1,33,0.0,8.1,694.0
2025-01-02 12:00:00,27.4,25,0.0,9.1,789.0
2025-01-02 13:00:00,28.2,21,0.0,9.4,771.0
2025-01-02 14:00:00,28.2,21,0.0,9.6,608.0
2025-01-02 15:00:00,28.0,22,0.0,9.7,521.0
2025-01-02 16:00:00,27.2,24,0.0,9.7,312.0
2025-01-02 17:00:00,26.0,27,0.0,9.4,116.0
2025-01-02 18:00:00,25.7,32,0.0,8.7,5.0
2025-01-02 19:00:00,24.4,36,0.0,8.6,0.0
2025-01-02 20:00:00,23.2,40,0.0,8.3,0.0
2025-01-02 21:00:00,22.2,43,0.0,8.0,0.0
2025-01-02 22:00:00,21.5,46,0.0,7.4,0.0
2025-01-02 23:00:00,20.8,48,0.0,6.4,0.0
2025-01-03 00:00:00,20.2,48,0.0,7.6,0.0
2025-01-03 01:00:00,19.6,47,0.0,8.1,0.0
2025-01-03 02:00:00,19.3,46,0.0,8.4,0.0
2025-01-03 03:00:00,19.0,49,0.0,7.1,0.0
2025-01-03 04:00:00,18.6,51,0.0,5.5,0.0
2025-01-03 05:00:00,18.2,53,0.0,5.0,0.0
2025-01-03 06:00:00,18.2,56,0.0,6.7,0.0
2025-01-03 07:00:00,18.3,55,0.0,5.9,27.0
2025-01-03 08:00:00,19.8,49,0.0,3.8,200.0
2025-01-03 09:00:00,22.1,40,0.0,5.0,416.0
2025-01-03 10:00:00,24.5,32,0.0,6.7,604.0
2025-01-03 11:00:00,26.4,28,0.0,7.8,736.0
2025-01-03 12:00:00,27.6,26,0.0,8.2,799.0
2025-01-03 13:00:00,28.5,24,0.0,8.4,787.0
2025-01-03 14:00:00,28.9,24,0.0,8.6,702.0
2025-01-03 15:00:00,28.8,24,0.0,9.0,551.0
2025-01-03 16:00:00,28.3,25,0.0,9.4,352.0
2025-01-03 17:00:00,27.2,27,0.0,8.8,137.0
2025-01-03 18:00:00,26.4,32,0.0,7.0,6.0
2025-01-03 19:00:00,25.0,37,0.0,6.4,0.0
2025-01-03 20:00:00,23.7,41,0.0,6.8,0.0
2025-01-03 21:00:00,22.6,44,0.0,6.8,0.0
2025-01-03 22:00:00,21.8,46,0.0,7.0,0.0
2025-01-03 23:00:00,21.1,48,0.0,6.6,0.0
2025-01-04 00:00:00,20.6,49,0.0,6.7,0.0
2025-01-04 01:00:00,20.2,51,0.0,6.0,0.0
2025-01-04 02:00:00,19.8,52,0.0,5.6,0.0
2025-01-04 03:00:00,19.5,53,0.0,5.8,0.0
2025-01-04 04:00:00,19.1,54,0.0,5.6,0.0
2025-01-04 05:00:00,18.7,55,0.0,5.8,0.0
2025-01-04 06:00:00,18.5,56,0.0,6.4,0.0
2025-01-04 07:00:00,18.6,56,0.0,6.4,27.0
2025-01-04 08:00:00,20.2,52,0.0,4.6,201.0
2025-01-04 09:00:00,22.9,42,0.0,4.3,418.0
2025-01-04 10:00:00,25.4,34,0.0,7.3,605.0
2025-01-04 11:00:00,27.0,29,0.0,8.2,737.0
2025-01-04 12:00:00,28.1,24,0.0,8.6,800.0
2025-01-04 13:00:00,28.7,22,0.0,9.2,790.0
2025-01-04 14:00:00,28.9,22,0.0,9.5,707.0
2025-01-04 15:00:00,28.6,24,0.0,9.9,556.0
2025-01-04 16:00:00,27.7,25,0.0,9.9,356.0
2025-01-04 17:00:00,26.8,26,0.0,9.9,140.0
2025-01-04 18:00:00,26.1,29,0.0,8.6,7.0
2025-01-04 19:00:00,24.9,32,0.0,7.5,0.0
2025-01-04 20:00:00,23.7,36,0.0,6.2,0.0
2025-01-04 21:00:00,22.6,41,0.0,6.4,0.0
2025-01-04 22:00:00,21.7,46,0.0,5.5,0.0
2025-01-04 23:00:00,20.8,50,0.0,4.8,0.0
2025-01-05 00:00:00,20.1,54,0.0,3.1,0.0
2025-01-05 01:00:00,19.2,65,0.0,1.0,0.0
2025-01-05 02:00:00,18.4,71,0.0,0.6,0.0
2025-01-05 03:00:00,17.8,71,0.0,2.3,0.0
2025-01-05 04:00:00,17.0,79,0.0,1.8,0.0
2025-01-05 05:00:00,16.4,88,0.0,0.5,0.0
2025-01-05 06:00:00,16.9,85,0.0,3.5,0.0
2025-01-05 07:00:00,17.1,86,0.0,3.8,26.0
2025-01-05 08:00:00,19.2,73,0.0,1.9,198.0
2025-01-05 09:00:00,22.3,57,0.0,2.0,414.0
2025-01-05 10:00:00,24.4,46,0.0,4.9,601.0
2025-01-05 11:00:00,25.9,39,0.0,6.2,734.0
2025-01-05 12:00:00,27.1,35,0.0,6.6,798.0
2025-01-05 13:00:00,27.8,32,0.0,6.9,786.0
2025-01-05 14:00:00,28.2,31,0.0,7.4,700.0
2025-01-05 15:00:00,28.0,32,0.0,7.9,551.0
2025-01-05 16:00:00,27.4,34,0.0,8.4,353.0
2025-01-05 17:00:00,26.3,38,0.0,9.3,138.0
2025-01-05 18:00:00,25.4,43,0.0,9.5,7.0
2025-01-05 19:00:00,24.1,51,0.0,7.6,0.0
2025-01-05 20:00:00,23.2,56,0.0,7.7,0.0
2025-01-05 21:00:00,22.9,57,0.0,7.1,0.0
2025-01-05 22:00:00,22.2,60,0.0,7.0,0.0
2025-01-05 23:00:00,22.1,59,0.0,7.6,0.0
2025-01-06 00:00:00,21.6,61,0.0,6.2,0.0
2025-01-06 01:00:00,20.5,65,0.0,5.5,0.0
2025-01-06 02:00:00,19.6,69,0.0,5.4,0.0
2025-01-06 03:00:00,18.9,73,0.0,4.7,0.0
2025-01-06 04:00:00,18.3,76,0.0,4.4,0.0
2025-01-06 05:00:00,18.0,77,0.0,5.8,0.0
2025-01-06 06:00:00,17.8,79,0.0,5.4,0.0
2025-01-06 07:00:00,17.7,80,0.0,5.1,26.0
2025-01-06 08:00:00,19.3,73,0.0,2.7,198.0
2025-01-06 09:00:00,21.8,62,0.0,4.8,414.0
2025-01-06 10:00:00,23.7,52,0.0,6.2,599.0
2025-01-06 11:00:00,25.1,45,0.0,5.1,731.0
2025-01-06 12:00:00,26.1,42,0.0,3.9,793.0
2025-01-06 13:00:00,26.9,39,0.0,3.6,782.0
2025-01-06 14:00:00,27.4,38,0.0,4.0,698.0
2025-01-06 15:00:00,27.5,38,0.0,5.2,548.0
2025-01-06 16:00:00,27.1,40,0.0,6.3,351.0
2025-01-06 17:00:00,26.3,42,0.0,8.0,138.0
2025-01-06 18:00:00,25.8,46,0.0,8.8,6.0
2025-01-06 19:00:00,24.7,49,0.0,7.5,0.0
2025-01-06 20:00:00,23.6,52,0.0,6.5,0.0
2025-01-06 21:00:00,22.6,56,0.0,5.6,0.0
2025-01-06 22:00:00,22.0,58,0.0,6.3,0.0
2025-01-06 23:00:00,21.4,60,0.0,7.3,0.0
2025-01-07 00:00:00,21.0,62,0.0,6.8,0.0
2025-01-07 01:00:00,20.5,64,0.0,6.1,0.0
2025-01-07 02:00:00,19.9,66,0.0,4.6,0.0
2025-01-07 03:00:00,19.4,69,0.0,2.7,0.0
2025-01-07 04:00:00,18.7,78,0.0,0.9,0.0
2025-01-07 05:00:00,18.2,82,0.0,0.5,0.0
2025-01-07 06:00:00,18.1,81,0.0,1.6,0.0
2025-01-07 07:00:00,18.0,80,0.0,1.9,25.0
2025-01-07 08:00:00,19.7,72,0.0,1.5,193.0
2025-01-07 09:00:00,22.3,59,0.0,1.3,407.0
2025-01-07 10:00:00,24.5,45,0.0,2.8,592.0
2025-01-07 11:00:00,26.2,37,0.0,5.3,726.0
2025-01-07 12:00:00,27.4,34,0.0,6.6,791.0
2025-01-07 13:00:00,28.2,32,0.0,6.8,781.0
2025-01-07 14:00:00,28.6,31,0.0,7.5,698.0
2025-01-07 15:00:00,28.5,31,0.0,8.6,551.0
2025-01-07 16:00:00,27.8,34,0.0,9.8,354.0
2025-01-07 17:00:00,26.9,36,0.0,10.4,141.0
2025-01-07 18:00:00,26.0,38,0.0,10.2,8.0
2025-01-07 19:00:00,24.6,42,0.0,9.7,0.0
2025-01-07 20:00:00,23.6,47,0.0,9.7,0.0
2025-01-07 21:00:00,22.9,51,0.0,7.5,0.0
2025-01-07 22:00:00,21.9,55,0.0,7.6,0.0
2025-01-07 23:00:00,21.3,57,0.0,7.1,0.0
2025-01-08 00:00:00,20.7,59,0.0,6.7,0.0
2025-01-08 01:00:00,20.2,60,0.0,6.9,0.0
2025-01-08 02:00:00,19.8,60,0.0,7.1,0.0
2025-01-08 03:00:00,19.7,60,0.0,7.0,0.0
2025-01-08 04:00:00,19.4,61,0.0,7.0,0.0
2025-01-08 05:00:00,19.0,63,0.0,7.3,0.0
2025-01-08 06:00:00,18.7,66,0.0,7.5,0.0
2025-01-08 07:00:00,18.7,65,0.0,7.6,25.0
2025-01-08 08:00:00,20.3,59,0.0,5.7,196.0
2025-01-08 09:00:00,22.8,46,0.0,7.5,414.0
2025-01-08 10:00:00,24.2,38,0.0,7.3,603.0
2025-01-08 11:00:00,25.2,34,0.0,6.4,736.0
2025-01-08 12:00:00,26.1,32,0.0,6.1,801.0
2025-01-08 13:00:00,26.8,30,0.0,6.2,792.0
2025-01-08 14:00:00,27.2,28,0.0,6.7,710.0
2025-01-08 15:00:00,27.1,29,0.0,6.9,560.0
2025-01-08 16:00:00,26.6,30,0.0,7.3,362.0
2025-01-08 17:00:00,25.8,32,0.0,8.2,146.0
2025-01-08 18:00:00,25.0,36,0.0,7.6,8.0
2025-01-08 19:00:00,23.7,42,0.0,8.4,0.0
2025-01-08 20:00:00,22.5,44,0.0,7.8,0.0
2025-01-08 21:00:00,21.6,47,0.0,9.2,0.0
2025-01-08 22:00:00,21.0,48,0.0,8.6,0.0
2025-01-08 23:00:00,20.4,49,0.0,7.9,0.0
2025-01-09 00:00:00,19.9,49,0.0,7.8,0.0
2025-01-09 01:00:00,19.3,49,0.0,6.7,0.0
2025-01-09 02:00:00,18.9,47,0.0,6.7,0.0
2025-01-09 03:00:00,18.4,49,0.0,5.3,0.0
2025-01-09 04:00:00,17.7,53,0.0,6.3,0.0
2025-01-09 05:00:00,17.2,55,0.0,6.6,0.0
2025-01-09 06:00:00,17.1,59,0.0,4.5,0.0
2025-01-09 07:00:00,17.0,60,0.0,5.4,25.0
2025-01-09 08:00:00,18.5,53,0.0,4.6,196.0
2025-01-09 09:00:00,20.9,42,0.0,6.9,407.0
2025-01-09 10:00:00,22.6,45,0.0,9.2,599.0
2025-01-09 11:00:00,23.9,47,0.0,10.2,733.0
2025-01-09 12:00:00,24.9,43,0.0,10.7,799.0
2025-01-09 13:00:00,25.6,41,0.0,11.3,789.0
2025-01-09 14:00:00,25.8,43,0.0,10.7,702.0
2025-01-09 15:00:00,25.7,44,0.0,10.3,548.0
2025-01-09 16:00:00,25.3,45,0.0,10.0,353.0
2025-01-09 17:00:00,24.6,47,0.0,9.5,143.0
2025-01-09 18:00:00,24.2,48,0.0,6.7,8.0
2025-01-09 19:00:00,23.7,49,0.0,5.9,0.0
2025-01-09 20:00:00,23.0,51,0.0,5.9,0.0
2025-01-09 21:00:00,22.3,55,0.0,5.3,0.0
2025-01-09 22:00:00,21.7,57,0.0,5.0,0.0
2025-01-09 23:00:00,21.0,60,0.0,6.1,0.0
2025-01-10 00:00:00,20.4,63,0.0,6.0,0.0
2025-01-10 01:00:00,19.7,65,0.0,7.3,0.0
2025-01-10 02:00:00,19.1,68,0.0,7.0,0.0
2025-01-10 03:00:00,18.5,71,0.0,6.1,0.0
2025-01-10 04:00:00,18.1,75,0.0,7.6,0.0
2025-01-10 05:00:00,17.7,80,0.0,7.4,0.0
2025-01-10 06:00:00,17.4,83,0.0,5.6,0.0
2025-01-10 07:00:00,17.3,84,0.0,6.3,23.0
2025-01-10 08:00:00,18.9,82,0.0,8.4,172.0
2025-01-10 09:00:00,20.9,72,0.0,11.5,354.0
2025-01-10 10:00:00,22.8,59,0.0,9.9,576.0
2025-01-10 11:00:00,24.3,49,0.0,10.2,719.0
2025-01-10 12:00:00,25.3,45,0.0,10.0,782.0
2025-01-10 13:00:00,25.9,43,0.0,9.2,757.0
2025-01-10 14:00:00,26.2,42,0.0,10.6,675.0
2025-01-10 15:00:00,26.2,43,0.0,10.2,537.0
2025-01-10 16:00:00,26.4,41,0.0,9.8,342.0
2025-01-10 17:00:00,26.1,40,0.0,12.5,133.0
2025-01-10 18:00:00,24.1,55,0.0,10.5,8.0
2025-01-10 19:00:00,23.4,58,0.0,8.4,0.0
2025-01-10 20:00:00,23.1,57,0.0,9.2,0.0
2025-01-10 21:00:00,22.8,56,0.0,8.8,0.0
2025-01-10 22:00:00,22.1,56,0.0,7.8,0.0
2025-01-10 23:00:00,21.3,60,0.0,8.1,0.0
2025-01-11 00:00:00,20.4,69,0.0,9.4,0.0
2025-01-11 01:00:00,19.6,76,0.0,8.9,0.0
2025-01-11 02:00:00,19.1,79,0.0,8.1,0.0
2025-01-11 03:00:00,18.6,82,0.0,8.7,0.0
2025-01-11 04:00:00,18.2,83,0.0,9.1,0.0
2025-01-11 05:00:00,17.8,84,0.0,9.1,0.0
2025-01-11 06:00:00,18.0,86,0.0,9.3,0.0
2025-01-11 07:00:00,18.0,86,0.0,7.2,22.0
2025-01-11 08:00:00,19.2,80,0.0,8.6,180.0
2025-01-11 09:00:00,21.0,69,0.0,9.3,387.0
2025-01-11 10:00:00,22.9,60,0.0,9.6,569.0
2025-01-11 11:00:00,24.4,52,0.0,9.6,699.0
2025-01-11 12:00:00,25.6,46,0.0,9.0,769.0
2025-01-11 13:00:00,26.4,43,0.0,8.7,765.0
2025-01-11 14:00:00,26.8,41,0.0,8.3,687.0
2025-01-11 15:00:00,26.8,41,0.0,7.4,543.0
2025-01-11 16:00:00,26.5,41,0.0,6.8,337.0
2025-01-11 17:00:00,25.9,43,0.0,9.3,129.0
2025-01-11 18:00:00,25.0,49,0.0,12.5,7.0
2025-01-11 19:00:00,24.1,51,0.0,9.5,0.0
2025-01-11 20:00:00,23.4,53,0.0,8.8,0.0
2025-01-11 21:00:00,22.7,55,0.0,8.6,0.0
2025-01-11 22:00:00,22.2,58,0.0,8.2,0.0
2025-01-11 23:00:00,21.8,60,0.0,8.1,0.0
2025-01-12 00:00:00,21.2,64,0.0,9.8,0.0
2025-01-12 01:00:00,19.9,76,0.0,11.0,0.0
2025-01-12 02:00:00,19.1,83,0.0,10.7,0.0
2025-01-12 03:00:00,18.7,85,0.0,10.4,0.0
2025-01-12 04:00:00,18.2,86,0.0,9.8,0.0
2025-01-12 05:00:00,18.0,86,0.0,8.7,0.0
2025-01-12 06:00:00,18.1,88,0.0,8.0,0.0
2025-01-12 07:00:00,18.3,87,0.0,9.1,22.0
2025-01-12 08:00:00,19.5,81,0.0,10.2,177.0
2025-01-12 09:00:00,21.3,72,0.0,8.9,375.0
2025-01-12 10:00:00,23.1,63,0.0,7.7,551.0
2025-01-12 11:00:00,24.7,57,0.0,7.4,686.0
2025-01-12 12:00:00,26.0,52,0.0,6.2,744.0
2025-01-12 13:00:00,27.0,48,0.0,5.5,722.0
2025-01-12 14:00:00,27.5,47,0.0,6.2,636.0
2025-01-12 15:00:00,27.7,45,0.0,6.7,464.0
2025-01-12 16:00:00,27.2,46,0.0,7.3,248.0
2025-01-12 17:00:00,26.2,51,0.0,9.3,53.0
2025-01-12 18:00:00,25.5,54,0.0,10.3,6.0
2025-01-12 19:00:00,24.4,57,0.0,9.1,0.0
2025-01-12 20:00:00,23.6,57,0.0,8.0,0.0
2025-01-12 21:00:00,23.1,57,0.0,7.7,0.0
2025-01-12 22:00:00,22.5,57,0.0,8.3,0.0
2025-01-12 23:00:00,22.0,58,0.0,8.1,0.0
2025-01-13 00:00:00,21.5,60,0.0,7.3,0.0
2025-01-13 01:00:00,21.1,61,0.0,6.1,0.0
2025-01-13 02:00:00,20.6,64,0.0,6.1,0.0
2025-01-13 03:00:00,20.1,66,0.0,6.7,0.0
2025-01-13 04:00:00,19.6,69,0.0,7.1,0.0
2025-01-13 05:00:00,19.0,72,0.0,6.9,0.0
2025-01-13 06:00:00,19.1,81,0.0,6.8,0.0
2025-01-13 07:00:00,19.0,85,0.0,6.0,22.0
2025-01-13 08:00:00,20.4,82,0.0,5.1,184.0
2025-01-13 09:00:00,22.4,72,0.0,5.9,394.0
2025-01-13 10:00:00,24.5,61,0.0,6.7,580.0
2025-01-13 11:00:00,26.2,51,0.0,7.8,716.0
2025-01-13 12:00:00,27.4,44,0.0,8.3,783.0
2025-01-13 13:00:00,28.3,40,0.0,7.0,777.0
2025-01-13 14:00:00,28.6,37,0.0,5.6,615.0
2025-01-13 15:00:00,28.7,36,0.0,5.4,456.0
2025-01-13 16:00:00,27.9,40,0.0,9.3,228.0
2025-01-13 17:00:00,26.6,45,0.0,11.7,81.0
2025-01-13 18:00:00,25.8,47,0.0,10.7,9.0
2025-01-13 19:00:00,24.9,50,0.0,9.5,0.0
2025-01-13 20:00:00,24.1,53,0.0,9.1,0.0
2025-01-13 21:00:00,23.4,55,0.0,7.9,0.0
2025-01-13 22:00:00,22.7,57,0.0,7.7,0.0
2025-01-13 23:00:00,22.1,61,0.0,7.9,0.0
2025-01-14 00:00:00,21.3,65,0.0,8.0,0.0
2025-01-14 01:00:00,20.9,69,0.0,7.4,0.0
2025-01-14 02:00:00,20.3,73,0.0,8.1,0.0
2025-01-14 03:00:00,19.7,76,0.0,7.8,0.0
2025-01-14 04:00:00,19.2,79,0.0,6.7,0.0
2025-01-14 05:00:00,18.6,83,0.0,7.0,0.0
2025-01-14 06:00:00,18.5,86,0.0,6.7,0.0
2025-01-14 07:00:00,18.4,88,0.0,6.7,22.0
2025-01-14 08:00:00,19.9,83,0.0,5.8,184.0
2025-01-14 09:00:00,22.2,72,0.0,7.5,397.0
2025-01-14 10:00:00,24.4,59,0.0,9.6,578.0
2025-01-14 11:00:00,26.2,49,0.0,10.2,720.0
2025-01-14 12:00:00,27.3,43,0.0,9.7,789.0
2025-01-14 13:00:00,27.9,41,0.0,8.8,783.0
2025-01-14 14:00:00,28.3,39,0.0,7.9,702.0
2025-01-14 15:00:00,28.5,38,0.0,6.9,532.0
2025-01-14 16:00:00,28.0,38,0.0,8.1,281.0
2025-01-14 17:00:00,27.1,42,0.0,10.8,111.0
2025-01-14 18:00:00,26.1,48,0.0,9.6,9.0
2025-01-14 19:00:00,25.3,53,0.0,8.3,0.0
2025-01-14 20:00:00,24.5,56,0.0,8.5,0.0
2025-01-14 21:00:00,23.8,59,0.0,8.8,0.0
2025-01-14 22:00:00,23.1,61,0.0,8.7,0.0
2025-01-14 23:00:00,22.7,61,0.0,7.6,0.0
2025-01-15 00:00:00,22.0,63,0.0,9.3,0.0
2025-01-15 01:00:00,20.8,73,0.0,7.9,0.0
2025-01-15 02:00:00,20.2,80,0.0,7.9,0.0
2025-01-15 03:00:00,19.6,85,0.0,9.4,0.0
2025-01-15 04:00:00,19.1,90,0.0,9.0,0.0
2025-01-15 05:00:00,18.7,93,0.0,8.5,0.0
2025-01-15 06:00:00,18.9,94,0.0,7.7,0.0
2025-01-15 07:00:00,19.1,93,0.0,9.0,16.0
2025-01-15 08:00:00,20.2,84,0.0,11.0,124.0
2025-01-15 09:00:00,22.2,69,0.0,12.0,359.0
2025-01-15 10:00:00,24.1,59,0.0,12.2,536.0
2025-01-15 11:00:00,25.5,51,0.0,11.7,650.0
2025-01-15 12:00:00,26.6,45,0.0,10.8,749.0
2025-01-15 13:00:00,27.4,42,0.0,9.0,769.0
2025-01-15 14:00:00,28.0,39,0.0,7.3,672.0
2025-01-15 15:00:00,28.1,38,0.0,7.6,515.0
2025-01-15 16:00:00,26.9,45,0.0,10.8,278.0
2025-01-15 17:00:00,26.0,47,0.0,12.0,89.0
2025-01-15 18:00:00,24.9,56,0.0,11.4,9.0
2025-01-15 19:00:00,24.3,58,0.0,8.2,0.0
2025-01-15 20:00:00,23.9,59,0.0,7.0,0.0
2025-01-15 21:00:00,23.3,62,0.0,6.7,0.0
2025-01-15 22:00:00,22.6,65,0.0,6.8,0.0
2025-01-15 23:00:00,22.1,67,0.0,6.5,0.0
2025-01-16 00:00:00,21.8,68,0.0,6.3,0.0
2025-01-16 01:00:00,21.2,70,0.0,7.5,0.0
2025-01-16 02:00:00,20.3,76,0.0,7.6,0.0
2025-01-16 03:00:00,19.7,83,0.0,6.7,0.0
2025-01-16 04:00:00,19.3,85,0.0,6.3,0.0
2025-01-16 05:00:00,18.9,88,0.0,7.1,0.0
2025-01-16 06:00:00,19.2,88,0.0,7.3,0.0
2025-01-16 07:00:00,19.1,91,0.0,9.4,20.0
2025-01-16 08:00:00,20.5,82,0.0,10.8,151.0
2025-01-16 09:00:00,22.4,70,0.0,10.1,345.0
2025-01-16 10:00:00,24.2,60,0.0,9.1,551.0
2025-01-16 11:00:00,25.7,52,0.0,8.9,683.0
2025-01-16 12:00:00,26.9,46,0.0,8.2,758.0
2025-01-16 13:00:00,27.8,42,0.0,7.6,750.0
2025-01-16 14:00:00,28.2,40,0.0,8.2,624.0
2025-01-16 15:00:00,28.2,39,0.0,9.2,490.0
2025-01-16 16:00:00,27.6,40,0.0,9.9,312.0
2025-01-16 17:00:00,26.9,43,0.0,8.7,141.0
2025-01-16 18:00:00,26.1,49,0.0,7.8,10.0
2025-01-16 19:00:00,25.1,53,0.0,8.3,0.0
2025-01-16 20:00:00,24.2,57,0.0,7.0,0.0
2025-01-16 21:00:00,23.3,61,0.0,6.9,0.0
2025-01-16 22:00:00,22.8,64,0.0,6.9,0.0
2025-01-16 23:00:00,22.3,66,0.0,5.8,0.0
2025-01-17 00:00:00,21.7,69,0.0,6.3,0.0
2025-01-17 01:00:00,21.1,72,0.0,6.5,0.0
2025-01-17 02:00:00,20.7,74,0.0,5.9,0.0
2025-01-17 03:00:00,20.0,77,0.0,7.2,0.0
2025-01-17 04:00:00,19.6,79,0.0,6.3,0.0
2025-01-17 05:00:00,18.9,83,0.0,8.4,0.0
2025-01-17 06:00:00,18.9,89,0.0,7.1,0.0
2025-01-17 07:00:00,19.1,91,0.0,5.9,20.0
2025-01-17 08:00:00,20.3,85,0.0,5.9,168.0
2025-01-17 09:00:00,22.0,75,0.0,4.9,367.0
2025-01-17 10:00:00,23.9,62,0.0,5.6,566.0
2025-01-17 11:00:00,25.7,50,0.0,7.7,714.0
2025-01-17 12:00:00,27.1,43,0.0,8.7,788.0
2025-01-17 13:00:00,28.1,36,0.0,9.1,784.0
2025-01-17 14:00:00,28.4,34,0.0,9.9,709.0
2025-01-17 15:00:00,28.1,36,0.0,10.4,565.0
2025-01-17 16:00:00,27.4,41,0.0,11.1,370.0
2025-01-17 17:00:00,26.5,43,0.0,12.0,150.0
2025-01-17 18:00:00,25.7,46,0.0,11.0,11.0
2025-01-17 19:00:00,24.8,52,0.0,9.0,0.0
2025-01-17 20:00:00,23.7,58,0.0,7.3,0.0
2025-01-17 21:00:00,22.9,61,0.0,6.9,0.0
2025-01-17 22:00:00,22.3,63,0.0,6.5,0.0
2025-01-17 23:00:00,21.9,66,0.0,5.4,0.0
2025-01-18 00:00:00,21.4,68,0.0,4.7,0.0
2025-01-18 01:00:00,20.9,70,0.0,4.7,0.0
2025-01-18 02:00:00,20.4,73,0.0,5.6,0.0
2025-01-18 03:00:00,19.9,76,0.0,5.7,0.0
2025-01-18 04:00:00,19.2,80,0.0,5.9,0.0
2025-01-18 05:00:00,18.5,86,0.0,5.7,0.0
2025-01-18 06:00:00,18.8,90,0.0,7.2,0.0
2025-01-18 07:00:00,19.4,83,0.0,6.8,9.0
2025-01-18 08:00:00,20.2,78,0.0,6.1,99.0
2025-01-18 09:00:00,21.4,70,0.0,5.8,287.0
2025-01-18 10:00:00,23.1,61,0.0,5.8,569.0
2025-01-18 11:00:00,24.7,52,0.0,7.0,709.0
2025-01-18 12:00:00,25.9,46,0.0,8.5,790.0
2025-01-18 13:00:00,26.6,42,0.0,9.5,788.0
2025-01-18 14:00:00,26.9,42,0.0,9.7,711.0
2025-01-18 15:00:00,26.9,41,0.0,10.1,567.0
2025-01-18 16:00:00,26.3,43,0.0,10.5,374.0
2025-01-18 17:00:00,25.3,47,0.0,10.9,161.0
2025-01-18 18:00:00,24.6,51,0.0,9.0,14.0
2025-01-18 19:00:00,23.8,55,0.0,7.8,0.0
2025-01-18 20:00:00,23.1,58,0.0,6.8,0.0
2025-01-18 21:00:00,22.4,60,0.0,4.9,0.0
2025-01-18 22:00:00,21.6,65,0.0,4.8,0.0
2025-01-18 23:00:00,21.1,68,0.0,4.0,0.0
2025-01-19 00:00:00,20.7,70,0.0,2.5,0.0
2025-01-19 01:00:00,20.1,73,0.0,3.6,0.0
2025-01-19 02:00:00,19.7,75,0.0,3.8,0.0
2025-01-19 03:00:00,19.3,78,0.0,2.4,0.0
2025-01-19 04:00:00,19.0,78,0.0,3.5,0.0
2025-01-19 05:00:00,19.0,76,0.0,5.0,0.0
2025-01-19 06:00:00,19.3,68,0.0,5.5,0.0
2025-01-19 07:00:00,19.5,65,0.0,6.4,22.0
2025-01-19 08:00:00,20.9,58,0.0,4.0,188.0
2025-01-19 09:00:00,23.2,46,0.0,4.9,405.0
2025-01-19 10:00:00,25.0,40,0.0,5.6,596.0
2025-01-19 11:00:00,26.6,34,0.0,5.4,735.0
2025-01-19 12:00:00,28.0,29,0.0,5.6,807.0
2025-01-19 13:00:00,28.9,26,0.0,5.6,802.0
2025-01-19 14:00:00,29.3,26,0.0,6.5,723.0
2025-01-19 15:00:00,29.3,27,0.0,7.4,577.0
2025-01-19 16:00:00,28.7,29,0.0,8.4,377.0
2025-01-19 17:00:00,27.7,32,0.0,9.7,165.0
2025-01-19 18:00:00,27.0,36,0.0,7.8,15.0
2025-01-19 19:00:00,25.6,41,0.0,7.9,0.0
2025-01-19 20:00:00,24.3,47,0.0,7.3,0.0
2025-01-19 21:00:00,23.1,52,0.0,7.4,0.0
2025-01-19 22:00:00,22.3,55,0.0,6.5,0.0
2025-01-19 23:00:00,21.7,58,0.0,6.1,0.0
2025-01-20 00:00:00,21.3,58,0.0,6.6,0.0
2025-01-20 01:00:00,20.9,57,0.0,6.9,0.0
2025-01-20 02:00:00,20.6,55,0.0,7.2,0.0
2025-01-20 03:00:00,20.2,55,0.0,7.5,0.0
2025-01-20 04:00:00,19.8,55,0.0,6.3,0.0
2025-01-20 05:00:00,19.5,56,0.0,6.5,0.0
2025-01-20 06:00:00,19.3,61,0.0,5.0,0.0
2025-01-20 07:00:00,19.2,61,0.0,4.8,23.0
2025-01-20 08:00:00,20.3,57,0.0,3.9,193.0
2025-01-20 09:00:00,22.5,47,0.0,4.9,415.0
2025-01-20 10:00:00,24.8,37,0.0,6.8,611.0
2025-01-20 11:00:00,26.6,32,0.0,7.2,753.0
2025-01-20 12:00:00,28.1,29,0.0,6.8,826.0
2025-01-20 13:00:00,29.1,27,0.0,7.1,821.0
2025-01-20 14:00:00,29.5,26,0.0,7.7,742.0
2025-01-20 15:00:00,29.4,26,0.0,8.5,594.0
2025-01-20 16:00:00,28.8,27,0.0,9.5,395.0
2025-01-20 17:00:00,27.7,30,0.0,9.7,174.0
2025-01-20 18:00:00,26.8,35,0.0,8.7,16.0
2025-01-20 19:00:00,25.3,40,0.0,7.7,0.0
2025-01-20 20:00:00,24.1,44,0.0,7.2,0.0
2025-01-20 21:00:00,23.0,48,0.0,6.7,0.0
2025-01-20 22:00:00,22.2,50,0.0,6.3,0.0
2025-01-20 23:00:00,21.7,51,0.0,5.6,0.0
2025-01-21 00:00:00,21.3,51,0.0,5.5,0.0
2025-01-21 01:00:00,20.8,50,0.0,5.6,0.0
2025-01-21 02:00:00,20.4,49,0.0,4.8,0.0
2025-01-21 03:00:00,19.7,50,0.0,4.1,0.0
2025-01-21 04:00:00,19.1,52,0.0,3.5,0.0
2025-01-21 05:00:00,18.2,58,0.0,2.8,0.0
2025-01-21 06:00:00,18.2,58,0.0,2.5,0.0
2025-01-21 07:00:00,18.2,58,0.0,2.6,24.0
2025-01-21 08:00:00,20.4,51,0.0,1.7,201.0
2025-01-21 09:00:00,23.6,37,0.0,2.7,427.0
2025-01-21 10:00:00,25.7,32,0.0,4.2,625.0
2025-01-21 11:00:00,27.4,27,0.0,3.8,766.0
2025-01-21 12:00:00,28.9,22,0.0,4.2,838.0
2025-01-21 13:00:00,30.0,20,0.0,5.1,833.0
2025-01-21 14:00:00,30.5,18,0.0,6.8,753.0
2025-01-21 15:00:00,30.5,17,0.0,8.3,605.0
2025-01-21 16:00:00,29.8,18,0.0,9.0,405.0
2025-01-21 17:00:00,28.7,21,0.0,9.6,181.0
2025-01-21 18:00:00,27.6,25,0.0,9.3,17.0
2025-01-21 19:00:00,26.1,31,0.0,8.6,0.0
2025-01-21 20:00:00,24.7,37,0.0,8.7,0.0
2025-01-21 21:00:00,23.8,41,0.0,7.1,0.0
2025-01-21 22:00:00,22.7,45,0.0,5.2,0.0
2025-01-21 23:00:00,21.8,48,0.0,5.8,0.0
2025-01-22 00:00:00,21.4,51,0.0,5.5,0.0
2025-01-22 01:00:00,21.0,54,0.0,4.0,0.0
2025-01-22 02:00:00,20.3,58,0.0,3.3,0.0
2025-01-22 03:00:00,19.8,59,0.0,4.0,0.0
2025-01-22 04:00:00,19.0,64,0.0,3.4,0.0
2025-01-22 05:00:00,18.6,67,0.0,2.8,0.0
2025-01-22 06:00:00,18.8,63,0.0,6.6,0.0
2025-01-22 07:00:00,18.6,65,0.0,6.9,24.0
2025-01-22 08:00:00,20.3,61,0.0,4.4,198.0
2025-01-22 09:00:00,23.2,51,0.0,5.1,422.0
2025-01-22 10:00:00,25.7,42,0.0,6.3,619.0
2025-01-22 11:00:00,27.6,33,0.0,7.0,761.0
2025-01-22 12:00:00,29.0,28,0.0,7.9,833.0
2025-01-22 13:00:00,29.8,25,0.0,8.5,828.0
2025-01-22 14:00:00,30.1,24,0.0,8.4,749.0
2025-01-22 15:00:00,29.9,24,0.0,9.3,603.0
2025-01-22 16:00:00,29.2,27,0.0,9.9,404.0
2025-01-22 17:00:00,28.1,31,0.0,9.7,180.0
2025-01-22 18:00:00,26.9,39,0.0,8.2,17.0
2025-01-22 19:00:00,25.8,45,0.0,7.7,0.0
2025-01-22 20:00:00,24.8,51,0.0,8.0,0.0
2025-01-22 21:00:00,23.9,54,0.0,7.9,0.0
2025-01-22 22:00:00,23.0,58,0.0,7.4,0.0
2025-01-22 23:00:00,22.3,61,0.0,6.6,0.0
2025-01-23 00:00:00,21.6,64,0.0,6.9,0.0
2025-01-23 01:00:00,20.8,66,0.0,6.7,0.0
2025-01-23 02:00:00,20.1,69,0.0,6.4,0.0
2025-01-23 03:00:00,19.4,73,0.0,7.5,0.0
2025-01-23 04:00:00,18.9,76,0.0,7.0,0.0
2025-01-23 05:00:00,18.5,79,0.0,6.9,0.0
2025-01-23 06:00:00,18.7,80,0.0,8.4,0.0
2025-01-23 07:00:00,18.7,78,0.0,7.7,23.0
2025-01-23 08:00:00,19.9,74,0.0,5.8,193.0
2025-01-23 09:00:00,21.8,67,0.0,6.9,410.0
2025-01-23 10:00:00,23.7,59,0.0,7.7,590.0
2025-01-23 11:00:00,25.7,47,0.0,6.4,732.0
2025-01-23 12:00:00,27.7,37,0.0,5.2,814.0
2025-01-23 13:00:00,29.1,32,0.0,5.6,817.0
2025-01-23 14:00:00,29.6,31,0.0,6.6,740.0
2025-01-23 15:00:00,29.4,34,0.0,7.9,594.0
2025-01-23 16:00:00,28.6,39,0.0,8.7,396.0
2025-01-23 17:00:00,27.1,46,0.0,10.4,176.0
2025-01-23 18:00:00,25.8,56,0.0,11.6,17.0
2025-01-23 19:00:00,24.9,62,0.0,10.6,0.0
2025-01-23 20:00:00,24.0,67,0.0,9.2,0.0
2025-01-23 21:00:00,23.3,71,0.0,7.7,0.0
2025-01-23 22:00:00,22.5,75,0.0,7.4,0.0
2025-01-23 23:00:00,22.0,76,0.0,7.4,0.0
2025-01-24 00:00:00,21.8,75,0.0,7.8,0.0
2025-01-24 01:00:00,21.2,76,0.0,7.2,0.0
2025-01-24 02:00:00,20.6,78,0.0,6.3,0.0
2025-01-24 03:00:00,20.2,80,0.0,5.6,0.0
2025-01-24 04:00:00,19.6,82,0.0,6.0,0.0
2025-01-24 05:00:00,19.2,83,0.0,4.7,0.0
2025-01-24 06:00:00,19.2,85,0.0,5.2,0.0
2025-01-24 07:00:00,19.0,85,0.0,5.7,23.0
2025-01-24 08:00:00,20.5,77,0.0,4.3,195.0
2025-01-24 09:00:00,22.8,67,0.0,5.5,418.0
2025-01-24 10:00:00,25.2,51,0.0,6.5,615.0
2025-01-24 11:00:00,27.3,40,0.0,7.3,758.0
2025-01-24 12:00:00,29.0,31,0.0,7.6,829.0
2025-01-24 13:00:00,30.1,25,0.0,7.8,831.0
2025-01-24 14:00:00,30.6,22,0.0,9.0,756.0
2025-01-24 15:00:00,30.4,22,0.0,10.1,611.0
2025-01-24 16:00:00,29.6,24,0.0,9.9,411.0
2025-01-24 17:00:00,28.3,28,0.0,10.1,186.0
2025-01-24 18:00:00,27.0,39,0.0,9.2,19.0
2025-01-24 19:00:00,25.4,49,0.0,8.7,0.0
2025-01-24 20:00:00,24.1,56,0.0,8.2,0.0
2025-01-24 21:00:00,23.4,60,0.0,7.7,0.0
2025-01-24 22:00:00,22.8,62,0.0,7.8,0.0
2025-01-24 23:00:00,22.2,65,0.0,6.8,0.0
2025-01-25 00:00:00,21.2,70,0.0,5.0,0.0
2025-01-25 01:00:00,20.5,74,0.0,4.7,0.0
2025-01-25 02:00:00,19.9,77,0.0,3.7,0.0
2025-01-25 03:00:00,19.3,80,0.0,5.0,0.0
2025-01-25 04:00:00,18.8,82,0.0,5.4,0.0
2025-01-25 05:00:00,18.4,84,0.0,4.6,0.0
2025-01-25 06:00:00,18.4,87,0.0,6.2,0.0
2025-01-25 07:00:00,18.3,87,0.0,5.7,24.0
2025-01-25 08:00:00,20.1,77,0.0,3.6,199.0
2025-01-25 09:00:00,22.9,61,0.0,4.4,425.0
2025-01-25 10:00:00,25.7,46,0.0,4.5,624.0
2025-01-25 11:00:00,28.2,32,0.0,4.9,768.0
2025-01-25 12:00:00,30.0,24,0.0,5.7,840.0
2025-01-25 13:00:00,31.0,20,0.0,6.2,832.0
2025-01-25 14:00:00,31.3,19,0.0,6.5,753.0
2025-01-25 15:00:00,31.1,20,0.0,7.2,610.0
2025-01-25 16:00:00,30.4,21,0.0,8.3,410.0
2025-01-25 17:00:00,29.1,26,0.0,9.8,185.0
2025-01-25 18:00:00,27.5,35,0.0,9.7,20.0
2025-01-25 19:00:00,26.2,41,0.0,8.2,0.0
2025-01-25 20:00:00,25.1,44,0.0,6.6,0.0
2025-01-25 21:00:00,24.3,45,0.0,5.6,0.0
2025-01-25 22:00:00,23.5,47,0.0,6.7,0.0
2025-01-25 23:00:00,22.9,48,0.0,6.6,0.0
2025-01-26 00:00:00,22.4,50,0.0,7.0,0.0
2025-01-26 01:00:00,21.7,53,0.0,6.2,0.0
2025-01-26 02:00:00,21.1,56,0.0,5.8,0.0
2025-01-26 03:00:00,20.7,58,0.0,3.3,0.0
2025-01-26 04:00:00,20.0,64,0.0,2.8,0.0
2025-01-26 05:00:00,19.6,68,0.0,2.1,0.0
2025-01-26 06:00:00,19.7,66,0.0,3.2,0.0
2025-01-26 07:00:00,20.0,63,0.0,4.8,24.0
2025-01-26 08:00:00,22.0,56,0.0,3.1,196.0
2025-01-26 09:00:00,25.1,46,0.0,4.0,419.0
2025-01-26 10:00:00,27.6,35,0.0,6.8,615.0
2025-01-26 11:00:00,28.9,31,0.0,8.8,758.0
2025-01-26 12:00:00,29.6,30,0.0,8.8,831.0
2025-01-26 13:00:00,30.1,30,0.0,8.7,827.0
2025-01-26 14:00:00,30.1,31,0.0,8.9,750.0
2025-01-26 15:00:00,29.9,32,0.0,9.4,603.0
2025-01-26 16:00:00,29.2,33,0.0,9.5,406.0
2025-01-26 17:00:00,28.4,36,0.0,9.5,186.0
2025-01-26 18:00:00,27.8,37,0.0,9.3,20.0
2025-01-26 19:00:00,27.0,39,0.0,8.3,0.0
2025-01-26 20:00:00,25.8,44,0.0,7.7,0.0
2025-01-26 21:00:00,24.6,49,0.0,6.0,0.0
2025-01-26 22:00:00,23.9,51,0.0,5.0,0.0
2025-01-26 23:00:00,23.1,53,0.0,4.8,0.0
2025-01-27 00:00:00,22.3,56,0.0,2.8,0.0
2025-01-27 01:00:00,21.5,60,0.0,2.4,0.0
2025-01-27 02:00:00,20.7,65,0.0,5.0,0.0
2025-01-27 03:00:00,19.8,69,0.0,6.5,0.0
2025-01-27 04:00:00,19.6,71,0.0,1.3,0.0
2025-01-27 05:00:00,19.2,74,0.0,4.9,0.0
2025-01-27 06:00:00,19.3,81,0.0,1.5,0.0
2025-01-27 07:00:00,19.5,77,0.0,0.4,24.0
2025-01-27 08:00:00,21.7,66,0.0,1.2,199.0
2025-01-27 09:00:00,24.7,50,0.0,2.4,423.0
2025-01-27 10:00:00,27.1,37,0.0,1.5,620.0
2025-01-27 11:00:00,28.7,31,0.0,2.1,763.0
2025-01-27 12:00:00,29.9,28,0.0,3.2,837.0
2025-01-27 13:00:00,30.8,26,0.0,4.6,834.0
2025-01-27 14:00:00,31.2,25,0.0,5.7,756.0
2025-01-27 15:00:00,31.2,25,0.0,7.4,611.0
2025-01-27 16:00:00,30.6,26,0.0,9.2,412.0
2025-01-27 17:00:00,29.6,30,0.0,9.9,189.0
2025-01-27 18:00:00,28.5,36,0.0,7.8,21.0
2025-01-27 19:00:00,27.2,41,0.0,6.6,0.0
2025-01-27 20:00:00,26.2,44,0.0,6.5,0.0
2025-01-27 21:00:00,24.9,48,0.0,6.7,0.0
2025-01-27 22:00:00,24.2,50,0.0,6.2,0.0
2025-01-27 23:00:00,23.5,51,0.0,6.8,0.0
2025-01-28 00:00:00,23.0,51,0.0,7.4,0.0
2025-01-28 01:00:00,22.6,51,0.0,5.8,0.0
2025-01-28 02:00:00,22.3,52,0.0,3.4,0.0
2025-01-28 03:00:00,21.3,60,0.0,2.1,0.0
2025-01-28 04:00:00,20.2,62,0.0,3.6,0.0
2025-01-28 05:00:00,19.3,68,0.0,4.3,0.0
2025-01-28 06:00:00,19.7,70,0.0,4.0,0.0
2025-01-28 07:00:00,19.4,71,0.0,3.5,24.0
2025-01-28 08:00:00,21.4,62,0.0,2.8,197.0
2025-01-28 09:00:00,24.5,48,0.0,4.0,419.0
2025-01-28 10:00:00,26.8,39,0.0,4.1,615.0
2025-01-28 11:00:00,28.4,34,0.0,3.3,758.0
2025-01-28 12:00:00,29.6,31,0.0,3.3,832.0
2025-01-28 13:00:00,30.5,29,0.0,4.2,831.0
2025-01-28 14:00:00,31.0,29,0.0,5.8,751.0
2025-01-28 15:00:00,31.0,29,0.0,8.2,601.0
2025-01-28 16:00:00,30.2,32,0.0,10.0,405.0
2025-01-28 17:00:00,29.0,34,0.0,10.9,187.0
2025-01-28 18:00:00,28.1,37,0.0,9.9,21.0
2025-01-28 19:00:00,26.7,42,0.0,9.6,0.0
2025-01-28 20:00:00,25.5,45,0.0,7.5,0.0
2025-01-28 21:00:00,24.8,46,0.0,7.1,0.0
2025-01-28 22:00:00,24.1,48,0.0,8.3,0.0
2025-01-28 23:00:00,23.4,50,0.0,8.5,0.0
2025-01-29 00:00:00,22.9,51,0.0,7.8,0.0
2025-01-29 01:00:00,22.3,54,0.0,6.0,0.0
2025-01-29 02:00:00,21.4,58,0.0,6.0,0.0
2025-01-29 03:00:00,20.7,62,0.0,4.9,0.0
2025-01-29 04:00:00,20.3,65,0.0,4.0,0.0
2025-01-29 05:00:00,19.9,67,0.0,4.2,0.0
2025-01-29 06:00:00,19.9,72,0.0,5.3,0.0
2025-01-29 07:00:00,19.8,72,0.0,4.9,24.0
2025-01-29 08:00:00,21.3,66,0.0,2.6,184.0
2025-01-29 09:00:00,23.8,54,0.0,3.7,397.0
2025-01-29 10:00:00,26.1,44,0.0,5.0,596.0
2025-01-29 11:00:00,27.8,39,0.0,4.5,747.0
2025-01-29 12:00:00,29.2,35,0.0,4.3,825.0
2025-01-29 13:00:00,30.1,33,0.0,5.4,826.0
2025-01-29 14:00:00,30.5,32,0.0,7.4,750.0
2025-01-29 15:00:00,30.3,33,0.0,9.4,606.0
2025-01-29 16:00:00,29.5,35,0.0,10.5,409.0
2025-01-29 17:00:00,28.2,39,0.0,10.9,189.0
2025-01-29 18:00:00,27.1,43,0.0,10.3,23.0
2025-01-29 19:00:00,26.0,49,0.0,8.2,0.0
2025-01-29 20:00:00,25.0,53,0.0,7.9,0.0
2025-01-29 21:00:00,24.2,56,0.0,6.6,0.0
2025-01-29 22:00:00,23.5,60,0.0,7.3,0.0
2025-01-29 23:00:00,22.7,64,0.0,6.9,0.0
2025-01-30 00:00:00,22.0,67,0.0,6.3,0.0
2025-01-30 01:00:00,21.5,69,0.0,5.2,0.0
2025-01-30 02:00:00,21.1,70,0.0,8.0,0.0
2025-01-30 03:00:00,20.4,70,0.0,7.4,0.0
2025-01-30 04:00:00,19.7,73,0.0,6.6,0.0
2025-01-30 05:00:00,19.3,75,0.0,6.3,0.0
2025-01-30 06:00:00,19.4,80,0.0,6.7,0.0
2025-01-30 07:00:00,19.5,79,0.0,7.0,25.0
2025-01-30 08:00:00,21.3,71,0.0,5.4,196.0
2025-01-30 09:00:00,24.1,60,0.0,7.5,417.0
2025-01-30 10:00:00,26.4,48,0.0,8.6,613.0
2025-01-30 11:00:00,28.0,42,0.0,8.0,755.0
2025-01-30 12:00:00,29.3,37,0.0,6.6,830.0
2025-01-30 13:00:00,30.3,34,0.0,5.7,831.0
2025-01-30 14:00:00,30.8,32,0.0,5.9,755.0
2025-01-30 15:00:00,31.0,31,0.0,5.7,612.0
2025-01-30 16:00:00,30.8,31,0.0,5.8,415.0
2025-01-30 17:00:00,30.1,32,0.0,6.3,193.0
2025-01-30 18:00:00,28.3,32,0.0,8.9,24.0
2025-01-30 19:00:00,26.5,41,0.0,9.2,0.0
2025-01-30 20:00:00,25.0,47,0.0,6.8,0.0
2025-01-30 21:00:00,24.1,50,0.0,6.6,0.0
2025-01-30 22:00:00,23.4,52,0.0,6.5,0.0
2025-01-30 23:00:00,22.6,54,0.0,5.7,0.0
2025-01-31 00:00:00,22.1,56,0.0,4.2,0.0
2025-01-31 01:00:00,21.5,59,0.0,4.6,0.0
2025-01-31 02:00:00,21.2,60,0.0,5.2,0.0
2025-01-31 03:00:00,20.4,63,0.0,4.7,0.0
2025-01-31 04:00:00,19.9,66,0.0,3.9,0.0
2025-01-31 05:00:00,19.6,66,0.0,3.2,0.0
2025-01-31 06:00:00,19.7,74,0.0,4.5,0.0
2025-01-31 07:00:00,19.7,74,0.0,5.4,25.0
2025-01-31 08:00:00,21.6,66,0.0,2.5,200.0
2025-01-31 09:00:00,25.0,51,0.0,3.3,424.0
2025-01-31 10:00:00,28.0,36,0.0,5.0,623.0
2025-01-31 11:00:00,29.7,31,0.0,4.4,768.0
2025-01-31 12:00:00,31.0,27,0.0,4.1,843.0
2025-01-31 13:00:00,32.0,23,0.0,4.8,843.0
2025-01-31 14:00:00,32.4,22,0.0,6.3,767.0
2025-01-31 15:00:00,32.1,24,0.0,8.2,619.0
2025-01-31 16:00:00,31.4,26,0.0,9.6,419.0
2025-01-31 17:00:00,30.4,29,0.0,10.6,195.0
2025-01-31 18:00:00,29.0,37,0.0,10.7,24.0
2025-01-31 19:00:00,27.6,43,0.0,9.9,0.0
2025-01-31 20:00:00,26.7,46,0.0,10.4,0.0
2025-01-31 21:00:00,25.6,50,0.0,7.9,0.0
2025-01-31 22:00:00,24.6,54,0.0,6.3,0.0
2025-01-31 23:00:00,23.7,58,0.0,6.5,0.0
2025-02-01 00:00:00,23.1,60,0.0,6.5,0.0
2025-02-01 01:00:00,22.8,60,0.0,5.6,0.0
2025-02-01 02:00:00,22.4,61,0.0,4.7,0.0
2025-02-01 03:00:00,21.9,62,0.0,4.4,0.0
2025-02-01 04:00:00,21.5,62,0.0,4.2,0.0
2025-02-01 05:00:00,21.1,64,0.0,5.2,0.0
2025-02-01 06:00:00,21.0,71,0.0,5.8,0.0
2025-02-01 07:00:00,21.1,70,0.0,7.0,25.0
2025-02-01 08:00:00,22.9,63,0.0,4.3,200.0
2025-02-01 09:00:00,25.8,53,0.0,6.0,425.0
2025-02-01 10:00:00,28.7,37,0.0,7.5,624.0
2025-02-01 11:00:00,30.6,27,0.0,8.1,770.0
2025-02-01 12:00:00,31.6,23,0.0,8.0,846.0
2025-02-01 13:00:00,32.1,22,0.0,8.1,846.0
2025-02-01 14:00:00,32.2,22,0.0,7.8,769.0
2025-02-01 15:00:00,32.1,23,0.0,7.9,623.0
2025-02-01 16:00:00,31.5,25,0.0,8.7,424.0
2025-02-01 17:00:00,30.5,27,0.0,9.5,199.0
2025-02-01 18:00:00,29.4,28,0.0,9.7,25.0
2025-02-01 19:00:00,27.8,34,0.0,8.7,0.0
2025-02-01 20:00:00,26.8,36,0.0,8.9,0.0
2025-02-01 21:00:00,26.3,36,0.0,8.5,0.0
2025-02-01 22:00:00,25.6,38,0.0,8.1,0.0
2025-02-01 23:00:00,24.3,44,0.0,7.0,0.0
2025-02-02 00:00:00,23.6,48,0.0,5.7,0.0
2025-02-02 01:00:00,23.1,49,0.0,5.1,0.0
2025-02-02 02:00:00,22.9,49,0.0,4.9,0.0
2025-02-02 03:00:00,22.5,49,0.0,5.6,0.0
2025-02-02 04:00:00,21.9,50,0.0,5.1,0.0
2025-02-02 05:00:00,21.4,53,0.0,5.0,0.0
2025-02-02 06:00:00,21.3,66,0.0,5.5,0.0
2025-02-02 07:00:00,21.5,65,0.0,6.4,25.0
2025-02-02 08:00:00,23.5,57,0.0,4.5,195.0
2025-02-02 09:00:00,26.5,43,0.0,6.7,421.0
2025-02-02 10:00:00,28.7,33,0.0,8.3,613.0
2025-02-02 11:00:00,30.2,29,0.0,7.0,744.0
2025-02-02 12:00:00,31.3,26,0.0,6.0,845.0
2025-02-02 13:00:00,32.0,25,0.0,6.4,846.0
2025-02-02 14:00:00,32.3,25,0.0,7.5,769.0
2025-02-02 15:00:00,32.2,26,0.0,8.7,624.0
2025-02-02 16:00:00,31.5,28,0.0,10.1,424.0
2025-02-02 17:00:00,30.2,31,0.0,11.0,200.0
2025-02-02 18:00:00,29.1,34,0.0,10.5,26.0
2025-02-02 19:00:00,28.1,37,0.0,9.2,0.0
2025-02-02 20:00:00,26.8,42,0.0,7.9,0.0
2025-02-02 21:00:00,25.8,45,0.0,6.7,0.0
2025-02-02 22:00:00,25.1,47,0.0,6.0,0.0
2025-02-02 23:00:00,24.7,47,0.0,4.7,0.0
2025-02-03 00:00:00,24.4,47,0.0,4.7,0.0
2025-02-03 01:00:00,23.6,49,0.0,5.0,0.0
2025-02-03 02:00:00,22.8,51,0.0,5.4,0.0
2025-02-03 03:00:00,22.2,53,0.0,4.8,0.0
2025-02-03 04:00:00,21.6,57,0.0,2.7,0.0
2025-02-03 05:00:00,20.9,63,0.0,2.2,0.0
2025-02-03 06:00:00,20.9,67,0.0,2.4,0.0
2025-02-03 07:00:00,20.9,66,0.0,3.6,27.0
2025-02-03 08:00:00,23.2,56,0.0,0.6,206.0
2025-02-03 09:00:00,26.7,40,0.0,2.5,433.0
2025-02-03 10:00:00,29.1,30,0.0,4.9,633.0
2025-02-03 11:00:00,30.5,27,0.0,7.8,778.0
2025-02-03 12:00:00,31.4,26,0.0,9.3,854.0
2025-02-03 13:00:00,31.9,25,0.0,9.7,854.0
2025-02-03 14:00:00,32.2,24,0.0,9.6,775.0
2025-02-03 15:00:00,31.9,25,0.0,9.9,632.0
2025-02-03 16:00:00,31.3,27,0.0,10.8,432.0
2025-02-03 17:00:00,30.2,31,0.0,11.2,205.0
2025-02-03 18:00:00,29.1,35,0.0,9.0,27.0
2025-02-03 19:00:00,28.1,39,0.0,8.1,0.0
2025-02-03 20:00:00,27.2,41,0.0,7.8,0.0
2025-02-03 21:00:00,26.6,41,0.0,7.8,0.0
2025-02-03 22:00:00,25.9,43,0.0,7.5,0.0
2025-02-03 23:00:00,24.8,45,0.0,5.6,0.0
2025-02-04 00:00:00,23.8,48,0.0,4.5,0.0
2025-02-04 01:00:00,22.6,53,0.0,5.7,0.0
2025-02-04 02:00:00,21.9,56,0.0,5.6,0.0
2025-02-04 03:00:00,21.2,60,0.0,4.8,0.0
2025-02-04 04:00:00,20.7,63,0.0,5.1,0.0
2025-02-04 05:00:00,20.2,65,0.0,5.5,0.0
2025-02-04 06:00:00,20.0,67,0.0,5.9,0.0
2025-02-04 07:00:00,20.0,67,0.0,6.7,28.0
2025-02-04 08:00:00,22.5,58,0.0,4.8,208.0
2025-02-04 09:00:00,26.4,42,0.0,3.7,436.0
2025-02-04 10:00:00,29.4,29,0.0,5.3,639.0
2025-02-04 11:00:00,31.2,22,0.0,5.5,786.0
2025-02-04 12:00:00,32.3,19,0.0,6.0,860.0
2025-02-04 13:00:00,32.9,18,0.0,6.8,857.0
2025-02-04 14:00:00,33.1,19,0.0,7.5,779.0
2025-02-04 15:00:00,32.9,22,0.0,8.5,628.0
2025-02-04 16:00:00,32.3,24,0.0,8.7,423.0
2025-02-04 17:00:00,31.4,26,0.0,9.7,198.0
2025-02-04 18:00:00,30.0,32,0.0,10.2,27.0
2025-02-04 19:00:00,28.6,38,0.0,8.9,0.0
2025-02-04 20:00:00,27.8,40,0.0,8.3,0.0
2025-02-04 21:00:00,26.9,42,0.0,7.6,0.0
2025-02-04 22:00:00,26.1,45,0.0,7.9,0.0
2025-02-04 23:00:00,25.4,47,0.0,6.0,0.0
2025-02-05 00:00:00,24.6,50,0.0,5.9,0.0
2025-02-05 01:00:00,24.3,50,0.0,5.7,0.0
2025-02-05 02:00:00,23.8,52,0.0,6.0,0.0
2025-02-05 03:00:00,23.3,53,0.0,5.4,0.0
2025-02-05 04:00:00,22.7,55,0.0,3.2,0.0
2025-02-05 05:00:00,22.1,58,0.0,4.5,0.0
2025-02-05 06:00:00,22.2,60,0.0,4.0,0.0
2025-02-05 07:00:00,22.1,61,0.0,4.0,27.0
2025-02-05 08:00:00,24.2,51,0.0,3.5,204.0
2025-02-05 09:00:00,27.5,39,0.0,4.1,429.0
2025-02-05 10:00:00,30.0,30,0.0,6.9,628.0
2025-02-05 11:00:00,31.5,24,0.0,6.5,772.0
2025-02-05 12:00:00,32.4,22,0.0,5.8,847.0
2025-02-05 13:00:00,33.1,21,0.0,5.9,846.0
2025-02-05 14:00:00,33.4,20,0.0,7.3,769.0
2025-02-05 15:00:00,33.2,21,0.0,8.7,625.0
2025-02-05 16:00:00,32.6,22,0.0,9.4,426.0
2025-02-05 17:00:00,31.7,24,0.0,10.9,200.0
2025-02-05 18:00:00,30.4,27,0.0,12.4,22.0
2025-02-05 19:00:00,29.1,31,0.0,9.6,0.0
2025-02-05 20:00:00,28.4,32,0.0,8.7,0.0
2025-02-05 21:00:00,27.7,34,0.0,7.6,0.0
2025-02-05 22:00:00,26.5,38,0.0,7.3,0.0
2025-02-05 23:00:00,25.7,41,0.0,6.9,0.0
2025-02-06 00:00:00,24.7,43,0.0,6.6,0.0
2025-02-06 01:00:00,24.4,43,0.0,2.0,0.0
2025-02-06 02:00:00,23.7,45,0.0,3.1,0.0
2025-02-06 03:00:00,22.9,49,0.0,4.0,0.0
2025-02-06 04:00:00,22.5,51,0.0,3.2,0.0
2025-02-06 05:00:00,21.8,55,0.0,3.7,0.0
2025-02-06 06:00:00,21.7,60,0.0,3.2,0.0
2025-02-06 07:00:00,21.6,63,0.0,4.7,27.0
2025-02-06 08:00:00,23.8,54,0.0,2.4,203.0
2025-02-06 09:00:00,26.8,39,0.0,4.5,427.0
2025-02-06 10:00:00,29.3,31,0.0,7.5,625.0
2025-02-06 11:00:00,30.8,27,0.0,6.8,771.0
2025-02-06 12:00:00,31.9,24,0.0,7.4,846.0
2025-02-06 13:00:00,32.4,24,0.0,9.1,846.0
2025-02-06 14:00:00,32.4,24,0.0,11.0,771.0
2025-02-06 15:00:00,31.9,25,0.0,12.0,627.0
2025-02-06 16:00:00,31.2,26,0.0,12.7,430.0
2025-02-06 17:00:00,30.1,30,0.0,11.8,206.0
2025-02-06 18:00:00,28.9,36,0.0,10.2,28.0
2025-02-06 19:00:00,28.3,39,0.0,8.8,0.0
2025-02-06 20:00:00,27.6,41,0.0,8.5,0.0
2025-02-06 21:00:00,26.5,45,0.0,8.3,0.0
2025-02-06 22:00:00,25.8,47,0.0,7.0,0.0
2025-02-06 23:00:00,25.2,48,0.0,5.4,0.0
2025-02-07 00:00:00,24.7,50,0.0,2.8,0.0
2025-02-07 01:00:00,23.8,54,0.0,4.7,0.0
2025-02-07 02:00:00,23.2,57,0.0,5.5,0.0
2025-02-07 03:00:00,22.5,59,0.0,6.2,0.0
2025-02-07 04:00:00,22.2,61,0.0,4.6,0.0
2025-02-07 05:00:00,21.9,65,0.0,2.2,0.0
2025-02-07 06:00:00,22.2,66,0.0,3.1,0.0
2025-02-07 07:00:00,22.1,67,0.0,4.8,28.0
2025-02-07 08:00:00,24.1,58,0.0,2.5,202.0
2025-02-07 09:00:00,26.6,47,0.0,3.2,425.0
2025-02-07 10:00:00,28.4,40,0.0,4.4,621.0
2025-02-07 11:00:00,29.8,37,0.0,5.6,766.0
2025-02-07 12:00:00,30.9,33,0.0,6.5,842.0
2025-02-07 13:00:00,31.7,31,0.0,7.0,843.0
2025-02-07 14:00:00,32.1,29,0.0,8.0,690.0
2025-02-07 15:00:00,31.8,29,0.0,8.1,436.0
2025-02-07 16:00:00,31.1,30,0.0,8.6,208.0
2025-02-07 17:00:00,30.3,32,0.0,10.7,118.0
2025-02-07 18:00:00,29.6,34,0.0,9.9,20.0
2025-02-07 19:00:00,28.7,39,0.0,9.5,0.0
2025-02-07 20:00:00,27.6,45,0.0,8.7,0.0
2025-02-07 21:00:00,27.0,47,0.0,7.3,0.0
2025-02-07 22:00:00,26.3,49,0.0,7.7,0.0
2025-02-07 23:00:00,25.7,51,0.0,6.0,0.0
2025-02-08 00:00:00,25.0,52,0.0,3.4,0.0
2025-02-08 01:00:00,24.0,56,0.0,3.6,0.0
2025-02-08 02:00:00,23.4,59,0.0,2.9,0.0
2025-02-08 03:00:00,23.0,59,0.0,4.8,0.0
2025-02-08 04:00:00,22.5,61,0.0,3.5,0.0
2025-02-08 05:00:00,22.2,65,0.0,0.9,0.0
2025-02-08 06:00:00,22.5,66,0.0,1.8,0.0
2025-02-08 07:00:00,22.5,65,0.0,2.2,28.0
2025-02-08 08:00:00,24.4,57,0.0,1.6,204.0
2025-02-08 09:00:00,27.0,44,0.0,3.1,427.0
2025-02-08 10:00:00,28.9,37,0.0,6.8,626.0
2025-02-08 11:00:00,30.1,33,0.0,6.7,771.0
2025-02-08 12:00:00,31.2,30,0.0,6.4,848.0
2025-02-08 13:00:00,31.8,28,0.0,6.9,848.0
2025-02-08 14:00:00,32.3,28,0.0,8.1,766.0
2025-02-08 15:00:00,32.3,27,0.0,9.3,626.0
2025-02-08 16:00:00,31.7,28,0.0,10.8,373.0
2025-02-08 17:00:00,31.0,31,0.0,11.2,196.0
2025-02-08 18:00:00,29.9,33,0.0,10.2,29.0
2025-02-08 19:00:00,28.8,38,0.0,7.4,0.0
2025-02-08 20:00:00,27.8,40,0.0,7.3,0.0
2025-02-08 21:00:00,26.8,45,0.0,6.7,0.0
2025-02-08 22:00:00,26.0,48,0.0,4.9,0.0
2025-02-08 23:00:00,25.4,49,0.0,7.6,0.0
2025-02-09 00:00:00,25.2,47,0.0,8.7,0.0
2025-02-09 01:00:00,25.0,45,0.0,8.7,0.0
2025-02-09 02:00:00,24.9,43,0.0,7.9,0.0
2025-02-09 03:00:00,24.4,43,0.0,7.6,0.0
2025-02-09 04:00:00,23.0,49,0.0,5.8,0.0
2025-02-09 05:00:00,22.1,55,0.0,4.6,0.0
2025-02-09 06:00:00,22.1,60,0.0,5.7,0.0
2025-02-09 07:00:00,22.2,61,0.0,4.6,29.0
2025-02-09 08:00:00,23.9,55,0.0,3.2,210.0
2025-02-09 09:00:00,26.5,45,0.0,5.1,436.0
2025-02-09 10:00:00,28.6,36,0.0,8.0,636.0
2025-02-09 11:00:00,30.0,31,0.0,9.2,782.0
2025-02-09 12:00:00,30.9,29,0.0,9.4,858.0
2025-02-09 13:00:00,31.4,28,0.0,9.6,859.0
2025-02-09 14:00:00,31.6,28,0.0,9.6,783.0
2025-02-09 15:00:00,31.4,30,0.0,9.7,638.0
2025-02-09 16:00:00,30.9,32,0.0,9.4,438.0
2025-02-09 17:00:00,30.0,35,0.0,10.3,212.0
2025-02-09 18:00:00,29.0,37,0.0,9.4,31.0
2025-02-09 19:00:00,28.4,40,0.0,9.2,0.0
2025-02-09 20:00:00,27.7,43,0.0,7.8,0.0
2025-02-09 21:00:00,26.8,45,0.0,6.6,0.0
2025-02-09 22:00:00,26.1,47,0.0,6.4,0.0
2025-02-09 23:00:00,25.6,49,0.0,6.1,0.0
2025-02-10 00:00:00,25.1,51,0.0,5.8,0.0
2025-02-10 01:00:00,24.2,55,0.0,5.3,0.0
2025-02-10 02:00:00,23.2,59,0.0,8.0,0.0
2025-02-10 03:00:00,22.5,63,0.0,6.9,0.0
2025-02-10 04:00:00,22.0,67,0.0,6.9,0.0
2025-02-10 05:00:00,21.4,72,0.0,6.4,0.0
2025-02-10 06:00:00,21.6,77,0.0,5.7,0.0
2025-02-10 07:00:00,21.4,78,0.0,3.8,30.0
2025-02-10 08:00:00,23.0,71,0.0,3.1,212.0
2025-02-10 09:00:00,25.8,59,0.0,4.5,438.0
2025-02-10 10:00:00,28.1,45,0.0,5.7,637.0
2025-02-10 11:00:00,29.7,36,0.0,5.6,784.0
2025-02-10 12:00:00,31.0,31,0.0,5.0,860.0
2025-02-10 13:00:00,31.8,28,0.0,5.4,860.0
2025-02-10 14:00:00,32.1,27,0.0,6.7,783.0
2025-02-10 15:00:00,32.3,27,0.0,8.5,632.0
2025-02-10 16:00:00,31.8,28,0.0,10.2,381.0
2025-02-10 17:00:00,30.6,31,0.0,12.2,178.0
2025-02-10 18:00:00,29.2,35,0.0,10.4,29.0
2025-02-10 19:00:00,28.2,39,0.0,9.4,0.0
2025-02-10 20:00:00,27.3,43,0.0,8.6,0.0
2025-02-10 21:00:00,26.6,44,0.0,7.5,0.0
2025-02-10 22:00:00,26.2,44,0.0,7.7,0.0
2025-02-10 23:00:00,25.7,45,0.0,7.4,0.0
2025-02-11 00:00:00,24.9,49,0.0,6.7,0.0
2025-02-11 01:00:00,24.2,52,0.0,4.8,0.0
2025-02-11 02:00:00,23.3,55,0.0,3.8,0.0
2025-02-11 03:00:00,22.7,58,0.0,5.0,0.0
2025-02-11 04:00:00,22.2,60,0.0,4.5,0.0
2025-02-11 05:00:00,21.5,63,0.0,4.4,0.0
2025-02-11 06:00:00,21.5,73,0.0,4.7,0.0
2025-02-11 07:00:00,21.6,74,0.0,4.9,31.0
2025-02-11 08:00:00,23.9,63,0.0,3.0,211.0
2025-02-11 09:00:00,26.9,47,0.0,4.5,438.0
2025-02-11 10:00:00,29.3,36,0.0,4.4,639.0
2025-02-11 11:00:00,30.9,31,0.0,4.0,785.0
2025-02-11 12:00:00,32.1,28,0.0,4.4,861.0
2025-02-11 13:00:00,32.9,26,0.0,5.8,861.0
2025-02-11 14:00:00,33.3,26,0.0,7.2,784.0
2025-02-11 15:00:00,33.7,24,0.0,7.6,628.0
2025-02-11 16:00:00,33.2,24,0.0,9.0,368.0
2025-02-11 17:00:00,31.3,33,0.0,11.5,136.0
2025-02-11 18:00:00,29.6,35,0.0,12.0,31.0
2025-02-11 19:00:00,28.8,38,0.0,8.9,0.0
2025-02-11 20:00:00,27.7,42,0.0,8.7,0.0
2025-02-11 21:00:00,27.0,42,0.0,6.5,0.0
2025-02-11 22:00:00,26.5,43,0.0,6.6,0.0
2025-02-11 23:00:00,26.1,43,0.0,7.9,0.0
2025-02-12 00:00:00,25.4,45,0.0,7.1,0.0
2025-02-12 01:00:00,24.8,47,0.0,5.7,0.0
2025-02-12 02:00:00,23.7,51,0.0,6.7,0.0
2025-02-12 03:00:00,23.1,52,0.0,6.2,0.0
2025-02-12 04:00:00,22.7,54,0.0,5.3,0.0
2025-02-12 05:00:00,22.2,55,0.0,7.0,0.0
2025-02-12 06:00:00,22.1,62,0.0,5.9,0.0
2025-02-12 07:00:00,22.0,64,0.0,6.0,32.0
2025-02-12 08:00:00,24.0,56,0.0,3.2,213.0
2025-02-12 09:00:00,27.5,42,0.0,3.0,440.0
2025-02-12 10:00:00,30.1,32,0.0,3.4,640.0
2025-02-12 11:00:00,31.6,29,0.0,4.0,786.0
2025-02-12 12:00:00,32.6,28,0.0,4.4,863.0
2025-02-12 13:00:00,33.4,27,0.0,4.9,863.0
2025-02-12 14:00:00,34.1,26,0.0,5.7,785.0
2025-02-12 15:00:00,34.4,24,0.0,7.8,616.0
2025-02-12 16:00:00,33.7,25,0.0,10.9,409.0
2025-02-12 17:00:00,32.6,26,0.0,8.0,192.0
2025-02-12 18:00:00,31.5,27,0.0,4.2,31.0
2025-02-12 19:00:00,30.3,36,0.0,10.5,0.0
2025-02-12 20:00:00,28.8,41,0.0,7.5,0.0
2025-02-12 21:00:00,27.8,43,0.0,6.2,0.0
2025-02-12 22:00:00,27.4,43,0.0,6.8,0.0
2025-02-12 23:00:00,26.8,44,0.0,3.5,0.0
2025-02-13 00:00:00,26.0,46,0.0,4.0,0.0
2025-02-13 01:00:00,25.4,47,0.0,4.1,0.0
2025-02-13 02:00:00,24.8,47,0.0,4.6,0.0
2025-02-13 03:00:00,24.2,49,0.0,3.7,0.0
2025-02-13 04:00:00,23.2,54,0.0,3.2,0.0
2025-02-13 05:00:00,22.4,59,0.0,5.3,0.0
2025-02-13 06:00:00,21.5,69,0.0,6.3,0.0
2025-02-13 07:00:00,21.5,69,0.0,5.9,33.0
2025-02-13 08:00:00,23.4,61,0.0,4.8,216.0
2025-02-13 09:00:00,26.4,50,0.0,3.5,444.0
2025-02-13 10:00:00,29.1,39,0.0,2.9,645.0
2025-02-13 11:00:00,30.9,32,0.0,2.4,792.0
2025-02-13 12:00:00,32.2,26,0.0,3.3,871.0
2025-02-13 13:00:00,33.1,22,0.0,5.6,875.0
2025-02-13 14:00:00,33.6,20,0.0,8.0,801.0
2025-02-13 15:00:00,33.4,19,0.0,9.8,656.0
2025-02-13 16:00:00,32.7,20,0.0,9.6,455.0
2025-02-13 17:00:00,31.9,21,0.0,8.9,225.0
2025-02-13 18:00:00,30.7,24,0.0,6.0,36.0
2025-02-13 19:00:00,29.8,27,0.0,4.7,0.0
2025-02-13 20:00:00,29.1,29,0.0,4.8,0.0
2025-02-13 21:00:00,27.8,34,0.0,6.1,0.0
2025-02-13 22:00:00,26.7,38,0.0,5.9,0.0
2025-02-13 23:00:00,26.1,40,0.0,2.9,0.0
2025-02-14 00:00:00,25.2,43,0.0,3.1,0.0
2025-02-14 01:00:00,24.6,45,0.0,2.1,0.0
2025-02-14 02:00:00,23.9,49,0.0,3.8,0.0
2025-02-14 03:00:00,23.3,51,0.0,3.6,0.0
2025-02-14 04:00:00,22.6,54,0.0,4.7,0.0
2025-02-14 05:00:00,22.5,54,0.0,4.6,0.0
2025-02-14 06:00:00,22.4,58,0.0,6.4,0.0
2025-02-14 07:00:00,22.4,55,0.0,4.8,33.0
2025-02-14 08:00:00,24.4,46,0.0,2.5,220.0
2025-02-14 09:00:00,27.0,34,0.0,5.3,450.0
2025-02-14 10:00:00,28.6,30,0.0,6.2,654.0
2025-02-14 11:00:00,29.9,26,0.0,4.5,803.0
2025-02-14 12:00:00,31.0,24,0.0,3.4,882.0
2025-02-14 13:00:00,31.9,22,0.0,2.5,883.0
2025-02-14 14:00:00,32.6,21,0.0,1.8,805.0
2025-02-14 15:00:00,32.8,20,0.0,2.5,657.0
2025-02-14 16:00:00,32.4,20,0.0,4.5,454.0
2025-02-14 17:00:00,31.4,21,0.0,5.4,225.0
2025-02-14 18:00:00,29.7,25,0.0,4.3,36.0
2025-02-14 19:00:00,28.7,29,0.0,6.0,0.0
2025-02-14 20:00:00,27.5,33,0.0,5.8,0.0
2025-02-14 21:00:00,26.3,37,0.0,4.8,0.0
2025-02-14 22:00:00,25.6,39,0.0,3.6,0.0
2025-02-14 23:00:00,24.8,42,0.0,2.3,0.0
2025-02-15 00:00:00,24.4,43,0.0,1.4,0.0
2025-02-15 01:00:00,23.6,48,0.0,1.7,0.0
2025-02-15 02:00:00,22.7,55,0.0,1.3,0.0
2025-02-15 03:00:00,21.8,62,0.0,2.6,0.0
2025-02-15 04:00:00,21.1,65,0.0,3.1,0.0
2025-02-15 05:00:00,20.6,68,0.0,3.8,0.0
2025-02-15 06:00:00,20.9,66,0.0,3.1,0.0
2025-02-15 07:00:00,21.2,64,0.0,2.7,35.0
2025-02-15 08:00:00,24.1,48,0.0,0.2,227.0
2025-02-15 09:00:00,27.3,30,0.0,3.1,461.0
2025-02-15 10:00:00,29.8,19,0.0,6.6,667.0
2025-02-15 11:00:00,31.2,16,0.0,7.1,817.0
2025-02-15 12:00:00,32.2,15,0.0,8.3,897.0
2025-02-15 13:00:00,32.7,15,0.0,9.4,897.0
2025-02-15 14:00:00,32.9,15,0.0,10.4,820.0
2025-02-15 15:00:00,32.7,16,0.0,10.9,672.0
2025-02-15 16:00:00,32.2,16,0.0,10.1,467.0
2025-02-15 17:00:00,31.4,17,0.0,10.1,233.0
2025-02-15 18:00:00,30.3,19,0.0,8.8,38.0
2025-02-15 19:00:00,29.2,22,0.0,5.9,0.0
2025-02-15 20:00:00,28.2,25,0.0,4.7,0.0
2025-02-15 21:00:00,27.0,29,0.0,5.2,0.0
2025-02-15 22:00:00,26.1,31,0.0,4.1,0.0
2025-02-15 23:00:00,25.1,34,0.0,4.5,0.0
2025-02-16 00:00:00,24.7,35,0.0,4.2,0.0
2025-02-16 01:00:00,24.0,38,0.0,2.7,0.0
2025-02-16 02:00:00,23.0,48,0.0,1.8,0.0
2025-02-16 03:00:00,22.3,49,0.0,0.7,0.0
2025-02-16 04:00:00,21.6,52,0.0,1.7,0.0
2025-02-16 05:00:00,20.9,59,0.0,1.3,0.0
2025-02-16 06:00:00,20.4,65,0.0,1.3,0.0
2025-02-16 07:00:00,20.5,69,0.0,0.5,37.0
2025-02-16 08:00:00,23.7,49,0.0,0.8,230.0
2025-02-16 09:00:00,27.2,29,0.0,2.8,465.0
2025-02-16 10:00:00,29.4,22,0.0,5.4,669.0
2025-02-16 11:00:00,31.0,18,0.0,4.8,819.0
2025-02-16 12:00:00,32.2,16,0.0,4.2,898.0
2025-02-16 13:00:00,33.0,15,0.0,4.3,899.0
2025-02-16 14:00:00,33.4,15,0.0,5.6,820.0
2025-02-16 15:00:00,33.5,15,0.0,7.2,670.0
2025-02-16 16:00:00,33.0,17,0.0,7.6,464.0
2025-02-16 17:00:00,32.0,19,0.0,7.9,230.0
2025-02-16 18:00:00,30.2,23,0.0,8.5,37.0
2025-02-16 19:00:00,28.9,26,0.0,8.8,0.0
2025-02-16 20:00:00,27.8,29,0.0,8.4,0.0
2025-02-16 21:00:00,27.1,29,0.0,7.0,0.0
2025-02-16 22:00:00,26.6,29,0.0,4.5,0.0
2025-02-16 23:00:00,26.1,30,0.0,6.2,0.0
2025-02-17 00:00:00,25.7,31,0.0,5.4,0.0
2025-02-17 01:00:00,25.0,33,0.0,6.2,0.0
2025-02-17 02:00:00,24.0,37,0.0,5.8,0.0
2025-02-17 03:00:00,23.2,39,0.0,5.1,0.0
2025-02-17 04:00:00,22.5,42,0.0,3.5,0.0
2025-02-17 05:00:00,21.7,46,0.0,4.0,0.0
2025-02-17 06:00:00,21.5,55,0.0,3.4,0.0
2025-02-17 07:00:00,21.4,58,0.0,3.9,37.0
2025-02-17 08:00:00,23.8,49,0.0,2.0,229.0
2025-02-17 09:00:00,27.2,37,0.0,2.5,462.0
2025-02-17 10:00:00,29.8,28,0.0,3.8,664.0
2025-02-17 11:00:00,31.6,22,0.0,2.3,812.0
2025-02-17 12:00:00,32.8,18,0.0,1.0,889.0
2025-02-17 13:00:00,33.7,17,0.0,1.4,888.0
2025-02-17 14:00:00,34.3,17,0.0,2.3,810.0
2025-02-17 15:00:00,34.3,17,0.0,3.3,662.0
2025-02-17 16:00:00,33.7,19,0.0,4.8,459.0
2025-02-17 17:00:00,32.5,23,0.0,8.3,228.0
2025-02-17 18:00:00,30.4,28,0.0,11.6,37.0
2025-02-17 19:00:00,29.2,30,0.0,8.0,0.0
2025-02-17 20:00:00,28.5,30,0.0,9.0,0.0
2025-02-17 21:00:00,28.1,29,0.0,6.8,0.0
2025-02-17 22:00:00,27.2,31,0.0,6.2,0.0
2025-02-17 23:00:00,26.7,33,0.0,6.5,0.0
2025-02-18 00:00:00,25.9,36,0.0,7.4,0.0
2025-02-18 01:00:00,24.6,41,0.0,6.5,0.0
2025-02-18 02:00:00,24.0,46,0.0,6.3,0.0
2025-02-18 03:00:00,23.2,51,0.0,6.5,0.0
2025-02-18 04:00:00,22.6,54,0.0,6.6,0.0
2025-02-18 05:00:00,22.1,57,0.0,6.2,0.0
2025-02-18 06:00:00,22.0,65,0.0,6.0,0.0
2025-02-18 07:00:00,21.9,64,0.0,5.7,37.0
2025-02-18 08:00:00,24.1,56,0.0,4.2,227.0
2025-02-18 09:00:00,27.4,45,0.0,4.3,457.0
2025-02-18 10:00:00,30.2,33,0.0,4.1,659.0
2025-02-18 11:00:00,31.9,26,0.0,3.0,806.0
2025-02-18 12:00:00,33.1,23,0.0,3.4,882.0
2025-02-18 13:00:00,34.0,21,0.0,4.5,880.0
2025-02-18 14:00:00,34.6,21,0.0,6.0,802.0
2025-02-18 15:00:00,34.7,20,0.0,6.7,655.0
2025-02-18 16:00:00,34.5,19,0.0,5.3,455.0
2025-02-18 17:00:00,33.7,21,0.0,5.8,225.0
2025-02-18 18:00:00,30.9,33,0.0,10.1,37.0
2025-02-18 19:00:00,29.4,35,0.0,11.8,0.0
2025-02-18 20:00:00,28.7,35,0.0,7.7,0.0
2025-02-18 21:00:00,28.0,36,0.0,7.5,0.0
2025-02-18 22:00:00,27.7,35,0.0,5.0,0.0
2025-02-18 23:00:00,26.9,37,0.0,5.4,0.0
2025-02-19 00:00:00,26.5,37,0.0,7.2,0.0
2025-02-19 01:00:00,25.3,40,0.0,6.7,0.0
2025-02-19 02:00:00,24.8,43,0.0,6.7,0.0
2025-02-19 03:00:00,23.9,47,0.0,7.2,0.0
2025-02-19 04:00:00,23.4,49,0.0,7.7,0.0
2025-02-19 05:00:00,23.2,51,0.0,8.7,0.0
2025-02-19 06:00:00,23.0,56,0.0,8.0,0.0
2025-02-19 07:00:00,23.0,59,0.0,7.1,38.0
2025-02-19 08:00:00,24.8,53,0.0,5.9,227.0
2025-02-19 09:00:00,27.6,44,0.0,6.0,456.0
2025-02-19 10:00:00,30.3,33,0.0,7.8,658.0
2025-02-19 11:00:00,31.9,28,0.0,7.7,804.0
2025-02-19 12:00:00,32.9,26,0.0,7.1,881.0
2025-02-19 13:00:00,33.6,24,0.0,7.2,880.0
2025-02-19 14:00:00,34.0,23,0.0,8.1,803.0
2025-02-19 15:00:00,34.0,23,0.0,9.3,653.0
2025-02-19 16:00:00,33.7,23,0.0,8.7,446.0
2025-02-19 17:00:00,33.3,23,0.0,8.9,220.0
2025-02-19 18:00:00,32.6,25,0.0,6.4,34.0
2025-02-19 19:00:00,31.5,27,0.0,1.7,0.0
2025-02-19 20:00:00,29.5,33,0.0,7.1,0.0
2025-02-19 21:00:00,28.8,37,0.0,8.5,0.0
2025-02-19 22:00:00,28.4,38,0.0,6.2,0.0
2025-02-19 23:00:00,27.6,40,0.0,3.9,0.0
2025-02-20 00:00:00,26.7,42,0.0,7.6,0.0
2025-02-20 01:00:00,26.4,42,0.0,6.4,0.0
2025-02-20 02:00:00,25.4,44,0.0,3.2,0.0
2025-02-20 03:00:00,24.7,47,0.0,4.2,0.0
2025-02-20 04:00:00,24.1,50,0.0,2.9,0.0
2025-02-20 05:00:00,23.4,53,0.0,5.2,0.0
2025-02-20 06:00:00,23.4,62,0.0,3.2,0.0
2025-02-20 07:00:00,23.4,64,0.0,4.7,38.0
2025-02-20 08:00:00,25.1,58,0.0,4.8,225.0
2025-02-20 09:00:00,27.3,48,0.0,3.1,451.0
2025-02-20 10:00:00,29.6,39,0.0,4.2,651.0
2025-02-20 11:00:00,31.4,33,0.0,3.5,798.0
2025-02-20 12:00:00,32.4,30,0.0,3.7,782.0
2025-02-20 13:00:00,33.6,28,0.0,5.4,840.0
2025-02-20 14:00:00,33.9,26,0.0,5.8,734.0
2025-02-20 15:00:00,33.3,27,0.0,3.0,537.0
2025-02-20 16:00:00,32.4,30,0.0,7.4,366.0
2025-02-20 17:00:00,31.2,33,0.0,8.6,187.0
2025-02-20 18:00:00,30.0,39,0.5,7.4,32.0
2025-02-20 19:00:00,29.6,40,0.0,6.1,0.0
2025-02-20 20:00:00,29.2,40,0.0,7.5,0.0
2025-02-20 21:00:00,28.6,42,0.0,7.1,0.0
2025-02-20 22:00:00,27.7,44,0.0,7.4,0.0
2025-02-20 23:00:00,26.8,48,0.0,7.9,0.0
2025-02-21 00:00:00,26.2,51,0.0,7.9,0.0
2025-02-21 01:00:00,25.2,57,0.0,7.3,0.0
2025-02-21 02:00:00,24.5,63,0.0,5.4,0.0
2025-02-21 03:00:00,24.2,65,0.0,6.0,0.0
2025-02-21 04:00:00,23.7,67,0.0,4.6,0.0
2025-02-21 05:00:00,23.3,69,0.0,4.1,0.0
2025-02-21 06:00:00,23.4,76,0.0,3.9,0.0
2025-02-21 07:00:00,23.3,77,0.0,3.5,39.0
2025-02-21 08:00:00,24.7,70,0.0,4.0,226.0
2025-02-21 09:00:00,27.1,58,0.0,1.5,453.0
2025-02-21 10:00:00,29.4,46,0.0,1.5,653.0
2025-02-21 11:00:00,31.0,37,0.0,2.1,777.0
2025-02-21 12:00:00,31.9,33,0.0,3.6,742.0
2025-02-21 13:00:00,32.8,29,0.0,3.6,794.0
2025-02-21 14:00:00,32.6,28,0.0,2.9,629.0
2025-02-21 15:00:00,32.3,28,0.0,3.2,546.0
2025-02-21 16:00:00,31.7,29,0.0,5.2,349.0
2025-02-21 17:00:00,31.2,29,0.0,2.7,198.0
2025-02-21 18:00:00,30.5,31,0.0,9.2,39.0
2025-02-21 19:00:00,29.4,37,0.0,9.6,0.0
2025-02-21 20:00:00,28.4,40,0.0,7.5,0.0
2025-02-21 21:00:00,27.4,44,0.0,6.9,0.0
2025-02-21 22:00:00,26.6,47,0.0,4.7,0.0
2025-02-21 23:00:00,26.1,49,0.0,5.4,0.0
2025-02-22 00:00:00,25.8,49,0.0,4.6,0.0
2025-02-22 01:00:00,24.9,52,0.0,3.6,0.0
2025-02-22 02:00:00,24.3,54,0.0,4.7,0.0
2025-02-22 03:00:00,24.0,55,0.0,3.1,0.0
2025-02-22 04:00:00,23.3,59,0.0,4.3,0.0
2025-02-22 05:00:00,22.4,64,0.0,4.7,0.0
2025-02-22 06:00:00,22.3,72,0.0,4.5,0.0
2025-02-22 07:00:00,22.4,70,0.0,5.1,40.0
2025-02-22 08:00:00,24.6,59,0.0,4.0,230.0
2025-02-22 09:00:00,27.5,48,0.0,3.8,458.0
2025-02-22 10:00:00,29.7,38,0.0,3.2,660.0
2025-02-22 11:00:00,31.4,28,0.0,1.8,774.0
2025-02-22 12:00:00,32.4,25,0.0,2.7,811.0
2025-02-22 13:00:00,33.3,22,0.0,4.6,820.0
2025-02-22 14:00:00,33.9,21,0.0,8.8,758.0
2025-02-22 15:00:00,33.4,22,0.0,11.0,604.0
2025-02-22 16:00:00,32.8,24,0.0,8.9,431.0
2025-02-22 17:00:00,32.4,23,0.0,10.2,216.0
2025-02-22 18:00:00,31.4,25,0.0,8.3,39.0
2025-02-22 19:00:00,30.1,30,0.0,8.4,0.0
2025-02-22 20:00:00,29.4,33,0.0,7.6,0.0
2025-02-22 21:00:00,28.7,35,0.0,6.7,0.0
2025-02-22 22:00:00,27.5,37,0.0,6.1,0.0
2025-02-22 23:00:00,26.6,41,0.0,4.9,0.0
2025-02-23 00:00:00,25.9,43,0.0,4.9,0.0
2025-02-23 01:00:00,25.1,46,0.0,4.4,0.0
2025-02-23 02:00:00,24.6,48,0.0,4.2,0.0
2025-02-23 03:00:00,24.1,51,0.0,3.8,0.0
2025-02-23 04:00:00,23.4,55,0.0,1.9,0.0
2025-02-23 05:00:00,23.0,57,0.0,3.8,0.0
2025-02-23 06:00:00,23.3,61,0.0,4.0,0.0
2025-02-23 07:00:00,23.1,62,0.0,1.9,43.0
2025-02-23 08:00:00,25.0,53,0.0,1.1,240.0
2025-02-23 09:00:00,27.9,41,0.0,3.4,473.0
2025-02-23 10:00:00,30.2,28,0.0,7.0,678.0
2025-02-23 11:00:00,31.5,23,0.0,8.1,827.0
2025-02-23 12:00:00,32.4,22,0.0,7.8,877.0
2025-02-23 13:00:00,33.2,20,0.0,10.3,874.0
2025-02-23 14:00:00,33.1,19,0.0,12.9,742.0
2025-02-23 15:00:00,32.8,19,0.0,12.3,620.0
2025-02-23 16:00:00,32.3,19,0.0,11.3,436.0
2025-02-23 17:00:00,31.6,21,0.0,12.0,228.0
2025-02-23 18:00:00,30.5,23,0.0,10.0,41.0
2025-02-23 19:00:00,29.4,26,0.0,8.7,0.0
2025-02-23 20:00:00,28.0,28,0.0,8.1,0.0
2025-02-23 21:00:00,26.9,31,0.0,8.8,0.0
2025-02-23 22:00:00,26.1,33,0.0,8.8,0.0
2025-02-23 23:00:00,25.5,33,0.0,9.7,0.0
2025-02-24 00:00:00,25.8,30,0.0,9.5,0.0
2025-02-24 01:00:00,25.8,28,0.0,8.9,0.0
2025-02-24 02:00:00,25.1,28,0.0,9.2,0.0
2025-02-24 03:00:00,24.5,30,0.0,7.3,0.0
2025-02-24 04:00:00,23.6,33,0.0,3.5,0.0
2025-02-24 05:00:00,22.7,35,0.0,8.9,0.0
2025-02-24 06:00:00,22.9,41,0.0,9.2,0.0
2025-02-24 07:00:00,22.7,44,0.0,7.6,46.0
2025-02-24 08:00:00,24.5,41,0.0,5.8,247.0
2025-02-24 09:00:00,27.6,32,0.0,8.5,483.0
2025-02-24 10:00:00,29.8,23,0.0,10.9,691.0
2025-02-24 11:00:00,31.1,19,0.0,10.8,843.0
2025-02-24 12:00:00,31.9,18,0.0,10.2,922.0
2025-02-24 13:00:00,32.3,17,0.0,10.0,920.0
2025-02-24 14:00:00,32.3,18,0.0,9.8,838.0
2025-02-24 15:00:00,32.1,19,0.0,9.2,686.0
2025-02-24 16:00:00,31.7,20,0.0,10.3,477.0
2025-02-24 17:00:00,31.0,22,0.0,10.9,241.0
2025-02-24 18:00:00,30.1,26,0.0,9.6,42.0
2025-02-24 19:00:00,29.4,28,0.0,9.6,0.0
2025-02-24 20:00:00,28.6,30,0.0,8.0,0.0
2025-02-24 21:00:00,27.3,34,0.0,7.1,0.0
2025-02-24 22:00:00,26.2,36,0.0,7.7,0.0
2025-02-24 23:00:00,26.1,34,0.0,8.3,0.0
2025-02-25 00:00:00,25.6,35,0.0,6.7,0.0
2025-02-25 01:00:00,24.3,38,0.0,9.2,0.0
2025-02-25 02:00:00,22.8,53,0.0,7.9,0.0
2025-02-25 03:00:00,22.3,57,0.0,7.1,0.0
2025-02-25 04:00:00,21.7,61,0.0,8.3,0.0
2025-02-25 05:00:00,21.1,66,0.0,6.9,0.0
2025-02-25 06:00:00,21.4,72,0.0,6.5,0.0
2025-02-25 07:00:00,21.3,77,0.0,7.4,45.0
2025-02-25 08:00:00,22.4,75,0.0,8.0,243.0
2025-02-25 09:00:00,24.5,65,0.0,8.8,470.0
2025-02-25 10:00:00,26.8,53,0.0,9.2,663.0
2025-02-25 11:00:00,29.2,37,0.0,9.6,820.0
2025-02-25 12:00:00,30.8,27,0.0,9.0,906.0
2025-02-25 13:00:00,31.5,23,0.0,8.9,907.0
2025-02-25 14:00:00,31.8,23,0.0,9.6,828.0
2025-02-25 15:00:00,31.6,23,0.0,10.1,678.0
2025-02-25 16:00:00,31.1,25,0.0,10.7,473.0
2025-02-25 17:00:00,30.3,27,0.0,10.8,239.0
2025-02-25 18:00:00,29.4,30,0.0,9.2,42.0
2025-02-25 19:00:00,28.6,32,0.0,9.2,0.0
2025-02-25 20:00:00,28.2,33,0.0,9.7,0.0
2025-02-25 21:00:00,27.5,35,0.0,8.9,0.0
2025-02-25 22:00:00,26.7,37,0.0,7.3,0.0
2025-02-25 23:00:00,26.1,38,0.0,7.3,0.0
2025-02-26 00:00:00,25.7,39,0.0,6.8,0.0
2025-02-26 01:00:00,25.4,40,0.0,6.0,0.0
2025-02-26 02:00:00,23.5,47,0.0,8.6,0.0
2025-02-26 03:00:00,22.6,55,0.0,7.4,0.0
2025-02-26 04:00:00,22.1,60,0.0,7.5,0.0
2025-02-26 05:00:00,21.7,62,0.0,6.9,0.0
2025-02-26 06:00:00,21.9,68,0.0,5.3,0.0
2025-02-26 07:00:00,22.0,68,0.0,5.4,46.0
2025-02-26 08:00:00,23.5,62,0.0,6.6,242.0
2025-02-26 09:00:00,25.9,51,0.0,7.1,473.0
2025-02-26 10:00:00,28.1,42,0.0,7.1,676.0
2025-02-26 11:00:00,29.8,35,0.0,7.2,823.0
2025-02-26 12:00:00,31.0,30,0.0,9.3,901.0
2025-02-26 13:00:00,31.7,27,0.0,10.6,901.0
2025-02-26 14:00:00,31.8,28,0.0,10.6,823.0
2025-02-26 15:00:00,31.6,29,0.0,9.9,673.0
2025-02-26 16:00:00,31.1,30,0.0,10.2,467.0
2025-02-26 17:00:00,30.5,31,0.0,10.7,236.0
2025-02-26 18:00:00,29.4,35,0.0,9.8,42.0
2025-02-26 19:00:00,28.6,38,0.0,8.1,0.0
2025-02-26 20:00:00,27.9,41,0.0,7.2,0.0
2025-02-26 21:00:00,27.3,42,0.0,5.9,0.0
2025-02-26 22:00:00,26.7,44,0.0,4.6,0.0
2025-02-26 23:00:00,25.7,47,0.0,5.2,0.0
2025-02-27 00:00:00,25.4,49,0.0,5.7,0.0
2025-02-27 01:00:00,24.9,50,0.0,3.3,0.0
2025-02-27 02:00:00,23.5,54,0.0,8.8,0.0
2025-02-27 03:00:00,22.7,56,0.0,8.7,0.0
2025-02-27 04:00:00,22.3,56,0.0,7.2,0.0
2025-02-27 05:00:00,22.0,56,0.0,6.1,0.0
2025-02-27 06:00:00,21.6,67,0.0,5.8,0.0
2025-02-27 07:00:00,21.8,68,0.0,4.2,47.0
2025-02-27 08:00:00,23.4,63,0.0,4.7,244.0
2025-02-27 09:00:00,25.9,52,0.0,4.4,475.0
2025-02-27 10:00:00,28.2,41,0.0,3.9,679.0
2025-02-27 11:00:00,30.1,33,0.0,3.5,827.0
2025-02-27 12:00:00,31.5,27,0.0,6.1,906.0
2025-02-27 13:00:00,32.3,24,0.0,8.8,907.0
2025-02-27 14:00:00,32.4,25,0.0,10.2,830.0
2025-02-27 15:00:00,32.0,27,0.0,10.1,680.0
2025-02-27 16:00:00,31.5,28,0.0,9.6,474.0
2025-02-27 17:00:00,30.8,30,0.0,9.1,241.0
2025-02-27 18:00:00,29.4,34,0.0,9.4,44.0
2025-02-27 19:00:00,28.9,36,0.0,7.6,0.0
2025-02-27 20:00:00,28.0,38,0.0,6.8,0.0
2025-02-27 21:00:00,27.0,43,0.0,6.5,0.0
2025-02-27 22:00:00,26.4,46,0.0,6.8,0.0
2025-02-27 23:00:00,25.9,48,0.0,5.7,0.0
2025-02-28 00:00:00,25.5,49,0.0,4.0,0.0
2025-02-28 01:00:00,24.9,51,0.0,3.4,0.0
2025-02-28 02:00:00,23.8,55,0.0,8.6,0.0
2025-02-28 03:00:00,22.8,62,0.0,7.0,0.0
2025-02-28 04:00:00,22.2,70,0.0,5.5,0.0
2025-02-28 05:00:00,21.7,73,0.0,4.6,0.0
2025-02-28 06:00:00,21.7,79,0.0,5.2,0.0
2025-02-28 07:00:00,21.7,79,0.0,5.1,49.0
2025-02-28 08:00:00,23.3,70,0.0,5.1,247.0
2025-02-28 09:00:00,26.2,56,0.0,6.1,479.0
2025-02-28 10:00:00,28.5,45,0.0,7.1,680.0
2025-02-28 11:00:00,30.3,36,0.0,7.7,828.0
2025-02-28 12:00:00,31.5,31,0.0,9.2,907.0
2025-02-28 13:00:00,32.2,28,0.0,9.7,906.0
2025-02-28 14:00:00,32.5,26,0.0,9.4,828.0
2025-02-28 15:00:00,32.5,26,0.0,9.1,679.0
2025-02-28 16:00:00,31.9,27,0.0,9.6,475.0
2025-02-28 17:00:00,31.0,31,0.0,9.5,241.0
2025-02-28 18:00:00,29.9,38,0.0,10.1,44.0
2025-02-28 19:00:00,29.2,40,0.0,9.1,0.0
2025-02-28 20:00:00,28.4,43,0.0,8.5,0.0
2025-02-28 21:00:00,27.5,46,0.0,8.0,0.0
2025-02-28 22:00:00,27.2,47,0.0,8.5,0.0
2025-02-28 23:00:00,26.8,48,0.0,7.0,0.0
2025-03-01 00:00:00,25.4,53,0.0,11.6,0.0
2025-03-01 01:00:00,24.2,61,0.0,10.5,0.0
2025-03-01 02:00:00,23.6,61,0.0,10.2,0.0
2025-03-01 03:00:00,22.9,61,0.0,9.3,0.0
2025-03-01 04:00:00,22.3,62,0.0,8.6,0.0
2025-03-01 05:00:00,21.8,63,0.0,8.7,0.0
2025-03-01 06:00:00,21.6,71,0.0,8.0,0.0
2025-03-01 07:00:00,21.8,71,0.0,6.0,51.0
2025-03-01 08:00:00,23.5,61,0.0,6.5,255.0
2025-03-01 09:00:00,26.2,44,0.0,7.7,490.0
2025-03-01 10:00:00,28.8,33,0.0,9.3,694.0
2025-03-01 11:00:00,30.5,29,0.0,9.8,842.0
2025-03-01 12:00:00,31.7,27,0.0,9.7,918.0
2025-03-01 13:00:00,32.4,25,0.0,8.9,916.0
2025-03-01 14:00:00,32.8,23,0.0,8.5,836.0
2025-03-01 15:00:00,32.8,23,0.0,8.6,685.0
2025-03-01 16:00:00,32.2,24,0.0,8.8,479.0
2025-03-01 17:00:00,31.3,26,0.0,10.3,244.0
2025-03-01 18:00:00,30.2,30,0.0,9.4,45.0
2025-03-01 19:00:00,29.3,35,0.0,8.5,0.0
2025-03-01 20:00:00,28.4,38,0.0,7.8,0.0
2025-03-01 21:00:00,27.7,39,0.0,6.5,0.0
2025-03-01 22:00:00,26.8,42,0.0,7.4,0.0
2025-03-01 23:00:00,26.0,45,0.0,7.2,0.0
2025-03-02 00:00:00,25.3,48,0.0,6.9,0.0
2025-03-02 01:00:00,24.7,49,0.0,5.3,0.0
2025-03-02 02:00:00,24.0,51,0.0,6.7,0.0
2025-03-02 03:00:00,23.6,51,0.0,6.2,0.0
2025-03-02 04:00:00,23.2,53,0.0,4.6,0.0
2025-03-02 05:00:00,22.7,55,0.0,4.3,0.0
2025-03-02 06:00:00,22.5,61,0.0,4.9,0.0
2025-03-02 07:00:00,22.7,62,0.0,5.3,44.0
2025-03-02 08:00:00,24.5,58,0.0,3.2,214.0
2025-03-02 09:00:00,27.8,44,0.0,4.8,492.0
2025-03-02 10:00:00,30.6,31,0.0,5.8,703.0
2025-03-02 11:00:00,32.7,22,0.0,6.4,848.0
2025-03-02 12:00:00,33.8,20,0.0,5.5,922.0
2025-03-02 13:00:00,34.4,19,0.0,6.8,909.0
2025-03-02 14:00:00,34.5,19,0.0,8.7,778.0
2025-03-02 15:00:00,34.3,19,0.0,10.7,629.0
2025-03-02 16:00:00,33.7,20,0.0,11.7,456.0
2025-03-02 17:00:00,32.9,22,0.0,11.7,235.0
2025-03-02 18:00:00,31.6,24,0.0,9.6,45.0
2025-03-02 19:00:00,30.7,27,0.0,8.8,0.0
2025-03-02 20:00:00,29.8,29,0.0,8.2,0.0
2025-03-02 21:00:00,28.9,30,0.0,7.5,0.0
2025-03-02 22:00:00,28.0,31,0.0,5.1,0.0
2025-03-02 23:00:00,27.3,32,0.0,5.4,0.0
2025-03-03 00:00:00,27.0,31,0.0,4.6,0.0
2025-03-03 01:00:00,26.6,32,0.0,5.8,0.0
2025-03-03 02:00:00,26.1,33,0.0,2.5,0.0
2025-03-03 03:00:00,25.0,36,0.0,5.8,0.0
2025-03-03 04:00:00,24.0,38,0.0,4.5,0.0
2025-03-03 05:00:00,23.5,39,0.0,3.1,0.0
2025-03-03 06:00:00,23.7,51,0.0,3.0,0.0
2025-03-03 07:00:00,23.6,53,0.0,5.6,54.0
2025-03-03 08:00:00,26.1,44,0.0,4.3,257.0
2025-03-03 09:00:00,29.6,32,0.0,3.3,491.0
2025-03-03 10:00:00,32.1,26,0.0,2.1,695.0
2025-03-03 11:00:00,33.7,22,0.0,4.6,838.0
2025-03-03 12:00:00,34.8,19,0.0,7.1,913.0
2025-03-03 13:00:00,35.5,17,0.0,9.0,918.0
2025-03-03 14:00:00,35.6,16,0.0,10.5,841.0
2025-03-03 15:00:00,35.5,17,0.0,10.4,688.0
2025-03-03 16:00:00,34.8,18,0.0,11.9,480.0
2025-03-03 17:00:00,34.0,19,0.0,11.7,240.0
2025-03-03 18:00:00,33.0,21,0.0,6.3,46.0
2025-03-03 19:00:00,32.1,23,0.0,4.4,0.0
2025-03-03 20:00:00,31.4,24,0.0,7.9,0.0
2025-03-03 21:00:00,31.5,24,0.0,5.9,0.0
2025-03-03 22:00:00,30.5,25,0.0,5.6,0.0
2025-03-03 23:00:00,28.9,28,0.0,5.8,0.0
2025-03-04 00:00:00,27.7,31,0.0,3.2,0.0
2025-03-04 01:00:00,26.3,34,0.0,1.5,0.0
2025-03-04 02:00:00,25.0,40,0.0,4.0,0.0
2025-03-04 03:00:00,24.2,45,0.0,6.0,0.0
2025-03-04 04:00:00,23.6,49,0.0,6.2,0.0
2025-03-04 05:00:00,23.0,52,0.0,4.8,0.0
2025-03-04 06:00:00,22.8,62,0.0,4.5,0.0
2025-03-04 07:00:00,23.5,60,0.0,3.1,56.0
2025-03-04 08:00:00,27.1,48,0.0,0.4,262.0
2025-03-04 09:00:00,30.7,33,0.0,3.4,477.0
2025-03-04 10:00:00,32.7,22,0.0,6.0,620.0
2025-03-04 11:00:00,34.2,18,0.0,6.6,829.0
2025-03-04 12:00:00,35.1,17,0.0,6.8,923.0
2025-03-04 13:00:00,35.6,17,0.0,7.8,861.0
2025-03-04 14:00:00,36.0,17,0.0,10.4,834.0
2025-03-04 15:00:00,35.7,17,0.0,12.6,660.0
2025-03-04 16:00:00,35.1,18,0.0,13.5,474.0
2025-03-04 17:00:00,34.5,18,0.0,13.1,238.0
2025-03-04 18:00:00,33.2,21,0.0,7.1,42.0
2025-03-04 19:00:00,32.0,25,0.0,4.3,0.0
2025-03-04 20:00:00,31.3,27,0.0,3.4,0.0
2025-03-04 21:00:00,30.4,29,0.0,4.5,0.0
2025-03-04 22:00:00,29.2,32,0.0,7.1,0.0
2025-03-04 23:00:00,28.4,33,0.0,5.3,0.0
2025-03-05 00:00:00,27.8,34,0.0,2.8,0.0
2025-03-05 01:00:00,26.7,38,0.0,1.3,0.0
2025-03-05 02:00:00,25.4,42,0.0,1.7,0.0
2025-03-05 03:00:00,24.4,46,0.0,8.7,0.0
2025-03-05 04:00:00,24.4,42,0.0,10.7,0.0
2025-03-05 05:00:00,23.9,41,0.0,11.5,0.0
2025-03-05 06:00:00,24.1,41,0.0,10.8,0.0
2025-03-05 07:00:00,24.7,38,0.0,7.3,55.0
2025-03-05 08:00:00,26.1,35,0.0,4.7,247.0
2025-03-05 09:00:00,28.3,30,0.0,6.2,489.0
2025-03-05 10:00:00,30.4,26,0.0,9.9,707.0
2025-03-05 11:00:00,31.8,24,0.0,11.1,856.0
2025-03-05 12:00:00,32.7,22,0.0,10.8,932.0
2025-03-05 13:00:00,33.4,21,0.0,10.5,930.0
2025-03-05 14:00:00,33.7,20,0.0,10.4,848.0
2025-03-05 15:00:00,33.5,20,0.0,9.6,694.0
2025-03-05 16:00:00,32.9,20,0.0,10.4,487.0
2025-03-05 17:00:00,32.2,21,0.0,10.9,250.0
2025-03-05 18:00:00,31.2,23,0.0,8.7,48.0
2025-03-05 19:00:00,30.6,24,0.0,5.5,0.0
2025-03-05 20:00:00,29.8,25,0.0,5.2,0.0
2025-03-05 21:00:00,28.3,31,0.0,6.7,0.0
2025-03-05 22:00:00,27.1,34,0.0,4.0,0.0
2025-03-05 23:00:00,26.0,37,0.0,2.7,0.0
2025-03-06 00:00:00,24.9,42,0.0,3.0,0.0
2025-03-06 01:00:00,24.3,45,0.0,3.7,0.0
2025-03-06 02:00:00,23.8,43,0.0,5.3,0.0
2025-03-06 03:00:00,23.2,36,0.0,7.8,0.0
2025-03-06 04:00:00,21.9,31,0.0,9.0,0.0
2025-03-06 05:00:00,21.2,27,0.0,8.2,0.0
2025-03-06 06:00:00,21.1,33,0.0,7.3,0.0
2025-03-06 07:00:00,21.4,31,0.0,7.9,64.0
2025-03-06 08:00:00,23.8,23,0.0,6.5,287.0
2025-03-06 09:00:00,26.6,17,0.0,8.7,535.0
2025-03-06 10:00:00,28.7,14,0.0,11.1,748.0
2025-03-06 11:00:00,30.0,12,0.0,10.5,901.0
2025-03-06 12:00:00,31.0,12,0.0,10.2,978.0
2025-03-06 13:00:00,31.8,11,0.0,10.3,973.0
2025-03-06 14:00:00,32.3,11,0.0,9.3,889.0
2025-03-06 15:00:00,32.5,10,0.0,8.0,730.0
2025-03-06 16:00:00,31.9,12,0.0,8.0,513.0
2025-03-06 17:00:00,31.0,13,0.0,8.3,265.0
2025-03-06 18:00:00,30.0,15,0.0,8.3,51.0
2025-03-06 19:00:00,28.9,17,0.0,6.9,0.0
2025-03-06 20:00:00,28.2,18,0.0,5.8,0.0
2025-03-06 21:00:00,27.2,21,0.0,5.5,0.0
2025-03-06 22:00:00,26.1,24,0.0,4.5,0.0
2025-03-06 23:00:00,24.8,28,0.0,4.4,0.0
2025-03-07 00:00:00,23.9,31,0.0,4.1,0.0
2025-03-07 01:00:00,23.3,34,0.0,3.4,0.0
2025-03-07 02:00:00,22.3,50,0.0,1.5,0.0
2025-03-07 03:00:00,21.8,44,0.0,2.2,0.0
2025-03-07 04:00:00,21.4,43,0.0,2.3,0.0
2025-03-07 05:00:00,20.8,45,0.0,2.3,0.0
2025-03-07 06:00:00,19.3,64,0.0,3.5,0.0
2025-03-07 07:00:00,19.6,64,0.0,2.9,65.0
2025-03-07 08:00:00,23.9,38,0.0,2.0,285.0
2025-03-07 09:00:00,28.2,17,0.0,4.2,528.0
2025-03-07 10:00:00,30.5,11,0.0,8.7,738.0
2025-03-07 11:00:00,31.7,11,0.0,9.5,889.0
2025-03-07 12:00:00,32.5,10,0.0,9.7,965.0
2025-03-07 13:00:00,33.1,11,0.0,9.6,959.0
2025-03-07 14:00:00,33.4,11,0.0,9.2,875.0
2025-03-07 15:00:00,33.2,12,0.0,8.7,717.0
2025-03-07 16:00:00,32.7,12,0.0,8.5,504.0
2025-03-07 17:00:00,32.1,13,0.0,8.7,261.0
2025-03-07 18:00:00,30.8,15,0.0,7.7,51.0
2025-03-07 19:00:00,29.6,17,0.0,7.3,0.0
2025-03-07 20:00:00,28.5,20,0.0,7.6,0.0
2025-03-07 21:00:00,27.6,21,0.0,5.2,0.0
2025-03-07 22:00:00,26.4,24,0.0,5.2,0.0
2025-03-07 23:00:00,26.0,25,0.0,4.5,0.0
2025-03-08 00:00:00,25.3,26,0.0,4.3,0.0
2025-03-08 01:00:00,24.6,27,0.0,1.9,0.0
2025-03-08 02:00:00,23.1,35,0.0,1.7,0.0
2025-03-08 03:00:00,21.4,48,0.0,1.9,0.0
2025-03-08 04:00:00,20.3,58,0.0,2.9,0.0
2025-03-08 05:00:00,19.8,64,0.0,3.8,0.0
2025-03-08 06:00:00,20.3,63,0.0,4.0,0.0
2025-03-08 07:00:00,21.1,58,0.0,4.0,66.0
2025-03-08 08:00:00,24.9,38,0.0,1.5,284.0
2025-03-08 09:00:00,28.7,22,0.0,1.8,525.0
2025-03-08 10:00:00,31.3,16,0.0,1.7,732.0
2025-03-08 11:00:00,33.2,13,0.0,0.6,881.0
2025-03-08 12:00:00,34.4,11,0.0,2.0,956.0
2025-03-08 13:00:00,35.3,10,0.0,3.1,952.0
2025-03-08 14:00:00,35.8,10,0.0,5.0,867.0
2025-03-08 15:00:00,35.7,10,0.0,6.9,711.0
2025-03-08 16:00:00,35.1,11,0.0,7.3,498.0
2025-03-08 17:00:00,34.4,12,0.0,7.5,257.0
2025-03-08 18:00:00,32.4,16,0.0,8.4,50.0
2025-03-08 19:00:00,30.9,20,0.0,9.9,0.0
2025-03-08 20:00:00,29.2,24,0.0,8.5,0.0
2025-03-08 21:00:00,28.3,26,0.0,7.4,0.0
2025-03-08 22:00:00,27.5,27,0.0,6.2,0.0
2025-03-08 23:00:00,27.1,27,0.0,5.9,0.0
2025-03-09 00:00:00,26.5,28,0.0,5.5,0.0
2025-03-09 01:00:00,26.0,28,0.0,5.1,0.0
2025-03-09 02:00:00,25.2,29,0.0,7.3,0.0
2025-03-09 03:00:00,24.5,33,0.0,6.0,0.0
2025-03-09 04:00:00,23.7,38,0.0,5.4,0.0
2025-03-09 05:00:00,23.1,42,0.0,6.0,0.0
2025-03-09 06:00:00,22.6,54,0.0,6.8,0.0
2025-03-09 07:00:00,22.8,56,0.0,5.6,65.0
2025-03-09 08:00:00,25.0,50,0.0,4.0,278.0
2025-03-09 09:00:00,28.1,39,0.0,5.4,515.0
2025-03-09 10:00:00,30.7,32,0.0,7.2,718.0
2025-03-09 11:00:00,32.6,26,0.0,7.4,863.0
2025-03-09 12:00:00,33.7,22,0.0,8.2,935.0
2025-03-09 13:00:00,34.4,20,0.0,8.9,930.0
2025-03-09 14:00:00,34.7,20,0.0,9.5,846.0
2025-03-09 15:00:00,34.4,20,0.0,10.0,692.0
2025-03-09 16:00:00,33.9,20,0.0,11.2,484.0
2025-03-09 17:00:00,33.0,22,0.0,12.7,248.0
2025-03-09 18:00:00,31.8,27,0.0,10.0,49.0
2025-03-09 19:00:00,30.9,32,0.0,7.5,0.0
2025-03-09 20:00:00,29.9,36,0.0,7.1,0.0
2025-03-09 21:00:00,29.1,38,0.0,7.9,0.0
2025-03-09 22:00:00,28.1,41,0.0,10.0,0.0
2025-03-09 23:00:00,25.9,54,0.0,12.0,0.0
2025-03-10 00:00:00,25.2,59,0.0,9.0,0.0
2025-03-10 01:00:00,24.5,60,0.0,8.9,0.0
2025-03-10 02:00:00,23.5,64,0.0,8.8,0.0
2025-03-10 03:00:00,22.5,71,0.0,8.5,0.0
2025-03-10 04:00:00,21.7,79,0.0,9.5,0.0
2025-03-10 05:00:00,20.9,86,0.0,10.8,0.0
2025-03-10 06:00:00,20.7,92,0.0,11.0,0.0
2025-03-10 07:00:00,21.3,86,0.0,10.9,54.0
2025-03-10 08:00:00,22.9,75,0.0,10.2,252.0
2025-03-10 09:00:00,24.9,65,0.0,9.4,478.0
2025-03-10 10:00:00,27.3,54,0.0,9.4,696.0
2025-03-10 11:00:00,29.8,42,0.0,9.4,848.0
2025-03-10 12:00:00,31.6,34,0.0,10.9,933.0
2025-03-10 13:00:00,32.4,30,0.0,12.2,929.0
2025-03-10 14:00:00,32.6,28,0.0,12.1,846.0
2025-03-10 15:00:00,32.6,28,0.0,11.2,693.0
2025-03-10 16:00:00,32.2,29,0.0,10.3,485.0
2025-03-10 17:00:00,31.4,31,0.0,10.1,250.0
2025-03-10 18:00:00,30.4,37,0.0,9.6,49.0
2025-03-10 19:00:00,30.1,38,0.0,7.2,0.0
2025-03-10 20:00:00,29.4,40,0.0,6.6,0.0
2025-03-10 21:00:00,28.4,44,0.0,6.5,0.0
2025-03-10 22:00:00,27.8,45,0.0,5.6,0.0
2025-03-10 23:00:00,26.9,47,0.0,5.8,0.0
2025-03-11 00:00:00,25.8,52,0.0,9.1,0.0
2025-03-11 01:00:00,24.5,59,0.0,8.2,0.0
2025-03-11 02:00:00,23.8,63,0.0,8.0,0.0
2025-03-11 03:00:00,23.2,65,0.0,8.5,0.0
2025-03-11 04:00:00,22.6,69,0.0,7.4,0.0
2025-03-11 05:00:00,22.1,72,0.0,6.5,0.0
2025-03-11 06:00:00,22.1,82,0.0,6.1,0.0
2025-03-11 07:00:00,22.5,78,0.0,4.4,67.0
2025-03-11 08:00:00,24.8,60,0.0,3.6,277.0
2025-03-11 09:00:00,27.9,37,0.0,5.2,511.0
2025-03-11 10:00:00,30.2,29,0.0,8.7,715.0
2025-03-11 11:00:00,31.7,27,0.0,9.9,861.0
2025-03-11 12:00:00,32.7,26,0.0,10.9,936.0
2025-03-11 13:00:00,33.4,25,0.0,12.3,932.0
2025-03-11 14:00:00,33.6,25,0.0,13.4,849.0
2025-03-11 15:00:00,33.3,27,0.0,12.7,694.0
2025-03-11 16:00:00,32.7,29,0.0,11.6,485.0
2025-03-11 17:00:00,31.8,32,0.0,12.0,250.0
2025-03-11 18:00:00,30.9,35,0.0,9.6,49.0
2025-03-11 19:00:00,30.3,36,0.0,6.7,0.0
2025-03-11 20:00:00,29.6,38,0.0,5.8,0.0
2025-03-11 21:00:00,29.0,39,0.0,4.2,0.0
2025-03-11 22:00:00,28.3,42,0.0,1.5,0.0
2025-03-11 23:00:00,27.2,45,0.0,2.7,0.0
2025-03-12 00:00:00,26.3,49,0.0,3.3,0.0
2025-03-12 01:00:00,25.3,53,0.0,6.0,0.0
2025-03-12 02:00:00,24.5,55,0.0,5.6,0.0
2025-03-12 03:00:00,23.9,57,0.0,6.1,0.0
2025-03-12 04:00:00,23.2,60,0.0,6.2,0.0
2025-03-12 05:00:00,22.5,62,0.0,6.6,0.0
2025-03-12 06:00:00,22.4,69,0.0,6.0,0.0
2025-03-12 07:00:00,22.9,67,0.0,4.4,71.0
2025-03-12 08:00:00,25.7,54,0.0,2.0,281.0
2025-03-12 09:00:00,29.1,40,0.0,3.0,505.0
2025-03-12 10:00:00,31.3,31,0.0,3.3,708.0
2025-03-12 11:00:00,33.1,25,0.0,3.7,863.0
2025-03-12 12:00:00,34.5,21,0.0,4.8,942.0
2025-03-12 13:00:00,35.4,19,0.0,6.4,942.0
2025-03-12 14:00:00,35.8,17,0.0,9.2,857.0
2025-03-12 15:00:00,35.7,17,0.0,10.1,702.0
2025-03-12 16:00:00,35.0,19,0.0,10.0,491.0
2025-03-12 17:00:00,33.9,21,0.0,10.8,254.0
2025-03-12 18:00:00,32.5,25,0.0,10.5,51.0
2025-03-12 19:00:00,31.4,28,0.0,7.7,0.0
2025-03-12 20:00:00,30.2,31,0.0,6.9,0.0
2025-03-12 21:00:00,29.5,30,0.0,8.0,0.0
2025-03-12 22:00:00,29.0,30,0.0,7.1,0.0
2025-03-12 23:00:00,28.3,33,0.0,5.5,0.0
2025-03-13 00:00:00,27.8,35,0.0,7.9,0.0
2025-03-13 01:00:00,26.8,37,0.0,8.5,0.0
2025-03-13 02:00:00,25.6,42,0.0,8.1,0.0
2025-03-13 03:00:00,24.7,47,0.0,9.1,0.0
2025-03-13 04:00:00,24.2,49,0.0,9.3,0.0
2025-03-13 05:00:00,23.7,51,0.0,9.4,0.0
2025-03-13 06:00:00,23.8,60,0.0,8.9,0.0
2025-03-13 07:00:00,24.4,59,0.0,8.4,72.0
2025-03-13 08:00:00,26.6,51,0.0,7.3,285.0
2025-03-13 09:00:00,29.9,40,0.0,8.1,520.0
2025-03-13 10:00:00,32.5,29,0.0,9.0,722.0
2025-03-13 11:00:00,34.2,24,0.0,7.0,866.0
2025-03-13 12:00:00,35.5,20,0.0,4.7,939.0
2025-03-13 13:00:00,36.4,18,0.0,2.6,933.0
2025-03-13 14:00:00,37.1,17,0.0,3.8,849.0
2025-03-13 15:00:00,37.6,16,0.0,7.3,692.0
2025-03-13 16:00:00,37.1,15,0.0,6.5,384.0
2025-03-13 17:00:00,35.9,15,0.0,2.3,185.0
2025-03-13 18:00:00,34.4,20,0.0,4.8,40.0
2025-03-13 19:00:00,33.3,24,0.0,7.2,0.0
2025-03-13 20:00:00,31.8,28,0.0,8.3,0.0
2025-03-13 21:00:00,30.6,30,0.0,8.1,0.0
2025-03-13 22:00:00,30.6,27,0.0,7.5,0.0
2025-03-13 23:00:00,30.2,27,0.0,7.8,0.0
2025-03-14 00:00:00,29.5,28,0.0,8.0,0.0
2025-03-14 01:00:00,28.5,30,0.0,6.7,0.0
2025-03-14 02:00:00,27.6,32,0.0,5.2,0.0
2025-03-14 03:00:00,27.3,34,0.0,7.9,0.0
2025-03-14 04:00:00,26.3,39,0.0,9.4,0.0
2025-03-14 05:00:00,25.5,43,0.0,8.4,0.0
2025-03-14 06:00:00,25.6,50,0.0,8.3,0.0
2025-03-14 07:00:00,26.4,48,0.0,6.6,73.0
2025-03-14 08:00:00,28.5,43,0.0,6.7,284.0
2025-03-14 09:00:00,31.1,37,0.0,7.3,517.0
2025-03-14 10:00:00,33.6,28,0.0,8.3,717.0
2025-03-14 11:00:00,35.2,23,0.0,6.7,861.0
2025-03-14 12:00:00,36.3,20,0.0,5.2,920.0
2025-03-14 13:00:00,37.1,19,0.0,5.4,842.0
2025-03-14 14:00:00,37.4,19,0.0,7.7,742.0
2025-03-14 15:00:00,37.3,18,0.0,5.4,592.0
2025-03-14 16:00:00,36.7,19,0.0,0.9,389.0
2025-03-14 17:00:00,36.1,19,0.0,5.7,186.0
2025-03-14 18:00:00,34.2,23,0.0,10.5,45.0
2025-03-14 19:00:00,33.5,25,0.0,10.3,0.0
2025-03-14 20:00:00,32.6,26,0.0,8.7,0.0
2025-03-14 21:00:00,31.4,28,0.0,9.5,0.0
2025-03-14 22:00:00,31.1,28,0.0,8.4,0.0
2025-03-14 23:00:00,30.5,29,0.0,6.1,0.0
2025-03-15 00:00:00,29.6,30,0.0,7.2,0.0
2025-03-15 01:00:00,27.9,34,0.0,8.7,0.0
2025-03-15 02:00:00,27.1,36,0.0,9.1,0.0
2025-03-15 03:00:00,26.4,36,0.0,7.8,0.0
2025-03-15 04:00:00,26.3,35,0.0,6.6,0.0
2025-03-15 05:00:00,26.1,34,0.0,5.0,0.0
2025-03-15 06:00:00,26.0,41,0.0,4.8,0.0
2025-03-15 07:00:00,26.3,40,0.0,4.3,75.0
2025-03-15 08:00:00,28.4,35,0.0,3.7,288.0
2025-03-15 09:00:00,31.3,28,0.0,4.3,522.0
2025-03-15 10:00:00,33.9,22,0.0,6.8,727.0
2025-03-15 11:00:00,35.5,19,0.0,7.5,872.0
2025-03-15 12:00:00,36.6,17,0.0,7.8,945.0
2025-03-15 13:00:00,37.2,16,0.0,8.8,939.0
2025-03-15 14:00:00,37.4,15,0.0,10.2,856.0
2025-03-15 15:00:00,37.0,15,0.0,12.0,702.0
2025-03-15 16:00:00,36.3,16,0.0,12.7,492.0
2025-03-15 17:00:00,35.3,18,0.0,13.9,254.0
2025-03-15 18:00:00,34.0,21,0.0,11.6,52.0
2025-03-15 19:00:00,32.9,25,0.0,8.2,0.0
2025-03-15 20:00:00,31.8,26,0.0,7.8,0.0
2025-03-15 21:00:00,31.1,27,0.0,9.0,0.0
2025-03-15 22:00:00,30.1,27,0.0,10.4,0.0
2025-03-15 23:00:00,28.8,30,0.0,10.7,0.0
2025-03-16 00:00:00,28.0,32,0.0,10.4,0.0
2025-03-16 01:00:00,27.6,31,0.0,9.5,0.0
2025-03-16 02:00:00,27.3,29,0.0,8.9,0.0
2025-03-16 03:00:00,26.9,29,0.0,8.5,0.0
2025-03-16 04:00:00,26.5,28,0.0,8.5,0.0
2025-03-16 05:00:00,26.3,27,0.0,8.3,0.0
2025-03-16 06:00:00,25.8,34,0.0,8.5,0.0
2025-03-16 07:00:00,26.4,32,0.0,8.7,80.0
2025-03-16 08:00:00,29.0,27,0.0,5.8,300.0
2025-03-16 09:00:00,32.6,19,0.0,8.5,538.0
2025-03-16 10:00:00,34.7,15,0.0,11.7,742.0
2025-03-16 11:00:00,35.8,14,0.0,12.2,887.0
2025-03-16 12:00:00,36.6,13,0.0,11.5,960.0
2025-03-16 13:00:00,37.0,13,0.0,10.9,953.0
2025-03-16 14:00:00,37.2,12,0.0,10.7,867.0
2025-03-16 15:00:00,36.9,12,0.0,11.8,710.0
2025-03-16 16:00:00,36.3,13,0.0,12.1,498.0
2025-03-16 17:00:00,35.5,13,0.0,12.5,258.0
2025-03-16 18:00:00,34.1,17,0.0,12.0,52.0
2025-03-16 19:00:00,33.1,17,0.0,10.8,0.0
2025-03-16 20:00:00,32.0,19,0.0,8.8,0.0
2025-03-16 21:00:00,31.2,20,0.0,8.6,0.0
2025-03-16 22:00:00,30.0,23,0.0,12.7,0.0
2025-03-16 23:00:00,28.5,28,0.0,9.7,0.0
2025-03-17 00:00:00,27.8,30,0.0,9.3,0.0
2025-03-17 01:00:00,27.5,30,0.0,8.7,0.0
2025-03-17 02:00:00,27.0,30,0.0,7.9,0.0
2025-03-17 03:00:00,26.0,32,0.0,8.2,0.0
2025-03-17 04:00:00,25.3,34,0.0,9.3,0.0
2025-03-17 05:00:00,24.9,34,0.0,8.0,0.0
2025-03-17 06:00:00,25.0,42,0.0,8.0,0.0
2025-03-17 07:00:00,25.5,42,0.0,7.3,82.0
2025-03-17 08:00:00,28.0,37,0.0,5.2,303.0
2025-03-17 09:00:00,31.4,30,0.0,5.7,540.0
2025-03-17 10:00:00,32.7,31,0.0,10.3,742.0
2025-03-17 11:00:00,34.3,23,0.0,6.6,880.0
2025-03-17 12:00:00,35.7,18,0.0,4.7,952.0
2025-03-17 13:00:00,36.6,16,0.0,4.4,941.0
2025-03-17 14:00:00,37.2,15,0.0,4.3,844.0
2025-03-17 15:00:00,37.6,14,0.0,5.9,669.0
2025-03-17 16:00:00,37.5,13,0.0,6.3,419.0
2025-03-17 17:00:00,36.2,14,0.0,7.3,174.0
2025-03-17 18:00:00,34.1,18,0.0,12.1,26.0
2025-03-17 19:00:00,33.1,19,0.0,11.4,0.0
2025-03-17 20:00:00,32.0,21,0.0,9.3,0.0
2025-03-17 21:00:00,31.7,21,0.0,6.1,0.0
2025-03-17 22:00:00,31.0,23,0.0,5.8,0.0
2025-03-17 23:00:00,30.2,25,0.0,6.0,0.0
2025-03-18 00:00:00,29.4,27,0.0,6.6,0.0
2025-03-18 01:00:00,28.4,31,0.0,7.3,0.0
2025-03-18 02:00:00,27.6,34,0.0,5.4,0.0
2025-03-18 03:00:00,27.0,35,0.0,3.3,0.0
2025-03-18 04:00:00,26.6,35,0.0,5.2,0.0
2025-03-18 05:00:00,26.4,35,0.0,3.6,0.0
2025-03-18 06:00:00,26.2,49,0.0,5.4,0.0
2025-03-18 07:00:00,26.6,47,0.0,2.4,82.0
2025-03-18 08:00:00,28.6,41,0.0,1.0,298.0
2025-03-18 09:00:00,31.0,33,0.0,3.2,533.0
2025-03-18 10:00:00,33.5,23,0.0,5.2,736.0
2025-03-18 11:00:00,35.3,19,0.0,6.5,882.0
2025-03-18 12:00:00,36.4,16,0.0,7.8,953.0
2025-03-18 13:00:00,36.9,15,0.0,9.4,945.0
2025-03-18 14:00:00,37.0,15,0.0,11.4,859.0
2025-03-18 15:00:00,36.7,16,0.0,12.5,703.0
2025-03-18 16:00:00,36.1,17,0.0,12.9,489.0
2025-03-18 17:00:00,35.0,18,0.0,13.6,250.0
2025-03-18 18:00:00,33.7,22,0.0,12.2,52.0
2025-03-18 19:00:00,32.7,26,0.0,9.8,0.0
2025-03-18 20:00:00,31.9,28,0.0,8.4,0.0
2025-03-18 21:00:00,31.2,29,0.0,8.2,0.0
2025-03-18 22:00:00,30.1,31,0.0,8.7,0.0
2025-03-18 23:00:00,29.1,31,0.0,11.0,0.0
2025-03-19 00:00:00,28.1,35,0.0,10.8,0.0
2025-03-19 01:00:00,27.1,41,0.0,10.5,0.0
2025-03-19 02:00:00,26.5,43,0.0,9.0,0.0
2025-03-19 03:00:00,26.2,42,0.0,8.3,0.0
2025-03-19 04:00:00,25.9,39,0.0,8.2,0.0
2025-03-19 05:00:00,25.3,37,0.0,8.6,0.0
2025-03-19 06:00:00,24.6,57,0.0,9.5,0.0
2025-03-19 07:00:00,24.9,55,0.0,6.1,85.0
2025-03-19 08:00:00,26.8,48,0.0,7.0,303.0
2025-03-19 09:00:00,29.0,50,0.0,11.1,538.0
2025-03-19 10:00:00,31.7,36,0.0,12.3,736.0
2025-03-19 11:00:00,33.9,25,0.0,12.8,880.0
2025-03-19 12:00:00,35.3,18,0.0,13.7,955.0
2025-03-19 13:00:00,35.8,17,0.0,13.4,951.0
2025-03-19 14:00:00,36.1,15,0.0,12.7,866.0
2025-03-19 15:00:00,35.9,15,0.0,12.7,711.0
2025-03-19 16:00:00,35.4,15,0.0,13.8,501.0
2025-03-19 17:00:00,34.7,14,0.0,12.6,261.0
2025-03-19 18:00:00,33.5,17,0.0,9.7,53.0
2025-03-19 19:00:00,32.4,20,0.0,9.5,0.0
2025-03-19 20:00:00,31.6,22,0.0,10.8,0.0
2025-03-19 21:00:00,30.1,28,0.0,13.9,0.0
2025-03-19 22:00:00,28.0,42,0.0,12.7,0.0
2025-03-19 23:00:00,26.8,50,0.0,10.6,0.0
2025-03-20 00:00:00,25.7,58,0.0,9.9,0.0
2025-03-20 01:00:00,24.7,66,0.0,10.9,0.0
2025-03-20 02:00:00,23.8,73,0.0,10.0,0.0
2025-03-20 03:00:00,23.2,78,0.0,9.0,0.0
2025-03-20 04:00:00,22.6,82,0.0,10.7,0.0
2025-03-20 05:00:00,22.1,89,0.0,11.3,0.0
2025-03-20 06:00:00,22.5,90,0.0,8.7,0.0
2025-03-20 07:00:00,23.0,86,0.0,9.8,78.0
2025-03-20 08:00:00,24.7,76,0.0,5.8,269.0
2025-03-20 09:00:00,26.9,64,0.0,4.6,509.0
2025-03-20 10:00:00,29.6,51,0.0,6.1,730.0
2025-03-20 11:00:00,32.1,38,0.0,7.7,873.0
2025-03-20 12:00:00,33.7,31,0.0,7.4,943.0
2025-03-20 13:00:00,34.8,27,0.0,7.7,907.0
2025-03-20 14:00:00,35.2,25,0.0,8.5,792.0
2025-03-20 15:00:00,35.3,23,0.0,9.1,670.0
2025-03-20 16:00:00,34.9,22,0.0,10.2,474.0
2025-03-20 17:00:00,34.0,24,0.0,10.7,251.0
2025-03-20 18:00:00,32.5,30,0.0,11.7,50.0
2025-03-20 19:00:00,31.6,36,0.0,9.5,0.0
2025-03-20 20:00:00,30.8,39,0.0,8.3,0.0
2025-03-20 21:00:00,30.4,36,0.0,8.7,0.0
2025-03-20 22:00:00,29.2,38,0.0,13.8,0.0
2025-03-20 23:00:00,26.9,54,0.0,10.7,0.0
2025-03-21 00:00:00,26.0,60,0.0,9.9,0.0
2025-03-21 01:00:00,25.2,64,0.0,8.9,0.0
2025-03-21 02:00:00,24.4,66,0.0,7.2,0.0
2025-03-21 03:00:00,23.7,69,0.0,7.7,0.0
2025-03-21 04:00:00,23.2,72,0.0,6.8,0.0
2025-03-21 05:00:00,22.7,76,0.0,6.6,0.0
2025-03-21 06:00:00,22.4,84,0.0,4.9,1.0
2025-03-21 07:00:00,23.1,80,0.0,3.6,83.0
2025-03-21 08:00:00,25.6,66,0.0,5.7,293.0
2025-03-21 09:00:00,28.3,54,0.0,9.2,526.0
2025-03-21 10:00:00,30.8,42,0.0,10.8,724.0
2025-03-21 11:00:00,32.7,34,0.0,10.8,864.0
2025-03-21 12:00:00,33.8,30,0.0,9.7,835.0
2025-03-21 13:00:00,34.7,27,0.0,9.7,827.0
2025-03-21 14:00:00,35.7,25,0.0,10.1,817.0
2025-03-21 15:00:00,35.8,24,0.0,10.0,651.0
2025-03-21 16:00:00,35.3,24,0.0,13.0,391.0
2025-03-21 17:00:00,34.7,25,0.0,11.7,226.0
2025-03-21 18:00:00,33.5,27,0.0,9.7,43.0
2025-03-21 19:00:00,32.9,28,0.0,5.7,0.0
2025-03-21 20:00:00,31.0,36,0.0,6.3,0.0
2025-03-21 21:00:00,26.8,55,0.0,18.1,0.0
2025-03-21 22:00:00,26.5,57,0.0,2.3,0.0
2025-03-21 23:00:00,27.0,55,0.0,3.1,0.0
2025-03-22 00:00:00,26.5,55,0.0,10.5,0.0
2025-03-22 01:00:00,25.8,57,0.0,8.9,0.0
2025-03-22 02:00:00,25.4,58,0.0,9.6,0.0
2025-03-22 03:00:00,24.9,65,0.0,9.9,0.0
2025-03-22 04:00:00,24.4,71,0.0,8.3,0.0
2025-03-22 05:00:00,23.9,75,0.0,8.1,0.0
2025-03-22 06:00:00,23.0,89,0.0,9.6,1.0
2025-03-22 07:00:00,23.4,88,0.0,9.4,68.0
2025-03-22 08:00:00,25.1,78,0.0,6.1,271.0
2025-03-22 09:00:00,27.4,66,0.0,6.0,520.0
2025-03-22 10:00:00,29.7,55,0.0,7.7,723.0
2025-03-22 11:00:00,31.7,44,0.0,7.9,847.0
2025-03-22 12:00:00,33.0,39,0.0,7.4,856.0
2025-03-22 13:00:00,33.8,36,0.0,7.1,890.0
2025-03-22 14:00:00,33.8,34,0.0,7.1,670.0
2025-03-22 15:00:00,31.3,43,0.3,9.9,335.0
2025-03-22 16:00:00,26.7,59,0.2,11.3,318.0
2025-03-22 17:00:00,28.0,52,0.0,5.9,182.0
2025-03-22 18:00:00,27.3,57,0.0,6.9,43.0
2025-03-22 19:00:00,26.1,62,0.0,7.5,0.0
2025-03-22 20:00:00,25.5,65,0.0,10.3,0.0
2025-03-22 21:00:00,25.2,68,0.0,10.1,0.0
2025-03-22 22:00:00,25.4,67,0.0,10.8,0.0
2025-03-22 23:00:00,25.0,70,0.0,8.9,0.0
2025-03-23 00:00:00,24.5,75,0.0,9.1,0.0
2025-03-23 01:00:00,24.2,78,0.0,8.6,0.0
2025-03-23 02:00:00,23.8,81,0.0,6.4,0.0
2025-03-23 03:00:00,23.5,84,0.0,6.8,0.0
2025-03-23 04:00:00,23.1,87,0.0,6.4,0.0
2025-03-23 05:00:00,22.8,89,0.0,6.1,0.0
2025-03-23 06:00:00,23.3,89,0.0,4.6,1.0
2025-03-23 07:00:00,24.0,86,0.0,3.2,85.0
2025-03-23 08:00:00,26.0,74,0.0,4.5,293.0
2025-03-23 09:00:00,28.2,62,0.0,4.5,530.0
2025-03-23 10:00:00,30.3,51,0.0,3.2,728.0
2025-03-23 11:00:00,31.7,42,0.0,3.5,818.0
2025-03-23 12:00:00,32.2,39,0.0,4.7,803.0
2025-03-23 13:00:00,32.2,39,0.0,5.4,771.0
2025-03-23 14:00:00,32.2,39,0.1,2.5,720.0
2025-03-23 15:00:00,32.3,38,0.0,1.2,600.0
2025-03-23 16:00:00,32.1,38,0.0,2.2,396.0
2025-03-23 17:00:00,32.0,37,0.0,3.9,213.0
2025-03-23 18:00:00,28.6,56,0.0,3.3,51.0
2025-03-23 19:00:00,28.2,59,0.0,1.6,0.0
2025-03-23 20:00:00,27.8,62,0.0,2.8,0.0
2025-03-23 21:00:00,27.3,65,0.0,3.3,0.0
2025-03-23 22:00:00,26.8,68,0.0,4.8,0.0
2025-03-23 23:00:00,26.4,69,0.0,8.9,0.0
2025-03-24 00:00:00,25.6,70,0.0,9.1,0.0
2025-03-24 01:00:00,25.0,73,0.0,9.4,0.0
2025-03-24 02:00:00,24.3,78,0.0,7.9,0.0
2025-03-24 03:00:00,23.7,82,0.0,6.7,0.0
2025-03-24 04:00:00,23.3,85,0.0,6.4,0.0
2025-03-24 05:00:00,22.8,89,0.0,6.1,0.0
2025-03-24 06:00:00,23.2,90,0.0,5.1,1.0
2025-03-24 07:00:00,23.9,87,0.0,4.3,90.0
2025-03-24 08:00:00,25.5,78,0.0,2.9,302.0
2025-03-24 09:00:00,27.7,66,0.0,2.0,533.0
2025-03-24 10:00:00,29.8,53,0.0,1.8,731.0
2025-03-24 11:00:00,31.4,42,0.0,3.0,834.0
2025-03-24 12:00:00,32.6,36,0.0,6.0,889.0
2025-03-24 13:00:00,33.2,32,0.0,8.8,869.0
2025-03-24 14:00:00,33.3,29,0.0,9.2,750.0
2025-03-24 15:00:00,33.2,29,0.0,8.9,637.0
2025-03-24 16:00:00,32.8,30,0.0,8.1,449.0
2025-03-24 17:00:00,32.2,32,0.0,6.9,231.0
2025-03-24 18:00:00,30.8,38,0.0,7.2,50.0
2025-03-24 19:00:00,30.2,41,0.0,7.0,0.0
2025-03-24 20:00:00,29.3,44,0.0,5.8,0.0
2025-03-24 21:00:00,28.6,47,0.0,7.2,0.0
2025-03-24 22:00:00,28.1,49,0.0,4.4,0.0
2025-03-24 23:00:00,27.7,49,0.0,3.5,0.0
2025-03-25 00:00:00,26.9,52,0.0,2.9,0.0
2025-03-25 01:00:00,26.0,56,0.0,4.2,0.0
2025-03-25 02:00:00,25.3,59,0.0,7.3,0.0
2025-03-25 03:00:00,25.1,59,0.0,3.4,0.0
2025-03-25 04:00:00,24.1,64,0.0,4.9,0.0
2025-03-25 05:00:00,23.4,67,0.0,3.9,0.0
2025-03-25 06:00:00,23.0,79,0.0,2.6,1.0
2025-03-25 07:00:00,23.8,77,0.0,1.3,97.0
2025-03-25 08:00:00,26.3,66,0.0,1.4,317.0
2025-03-25 09:00:00,29.3,49,0.0,2.7,550.0
2025-03-25 10:00:00,31.5,36,0.0,1.8,749.0
2025-03-25 11:00:00,33.0,28,0.0,4.7,877.0
2025-03-25 12:00:00,33.7,25,0.0,6.4,898.0
2025-03-25 13:00:00,34.1,24,0.0,6.5,874.0
2025-03-25 14:00:00,34.5,24,0.0,6.5,837.0
2025-03-25 15:00:00,34.4,23,0.0,6.6,660.0
2025-03-25 16:00:00,34.3,23,0.0,8.4,474.0
2025-03-25 17:00:00,33.5,25,0.0,10.1,250.0
2025-03-25 18:00:00,32.1,28,0.0,8.9,54.0
2025-03-25 19:00:00,30.8,33,0.0,8.5,0.0
2025-03-25 20:00:00,30.0,36,0.0,6.2,0.0
2025-03-25 21:00:00,29.7,36,0.0,5.7,0.0
2025-03-25 22:00:00,28.8,38,0.0,6.6,0.0
2025-03-25 23:00:00,27.7,41,0.0,6.2,0.0
2025-03-26 00:00:00,26.8,44,0.0,6.5,0.0
2025-03-26 01:00:00,26.5,45,0.0,6.6,0.0
2025-03-26 02:00:00,26.0,45,0.0,7.7,0.0
2025-03-26 03:00:00,25.3,48,0.0,5.2,0.0
2025-03-26 04:00:00,24.5,53,0.0,6.3,0.0
2025-03-26 05:00:00,24.0,56,0.0,5.7,0.0
2025-03-26 06:00:00,24.6,59,0.0,5.4,1.0
2025-03-26 07:00:00,25.3,56,0.0,6.4,101.0
2025-03-26 08:00:00,27.3,49,0.0,7.8,323.0
2025-03-26 09:00:00,29.8,43,0.0,7.4,556.0
2025-03-26 10:00:00,32.0,33,0.0,6.5,755.0
2025-03-26 11:00:00,33.5,27,0.0,3.3,896.0
2025-03-26 12:00:00,34.8,22,0.0,0.7,963.0
2025-03-26 13:00:00,35.7,19,0.0,2.5,954.0
2025-03-26 14:00:00,36.2,18,0.0,6.2,856.0
2025-03-26 15:00:00,36.1,17,0.0,11.9,695.0
2025-03-26 16:00:00,34.7,20,0.0,13.1,366.0
2025-03-26 17:00:00,34.0,22,0.0,12.0,246.0
2025-03-26 18:00:00,32.5,26,0.0,11.2,55.0
2025-03-26 19:00:00,32.0,26,0.0,10.1,0.0
2025-03-26 20:00:00,31.0,27,0.0,8.3,0.0
2025-03-26 21:00:00,30.1,30,0.0,9.1,0.0
2025-03-26 22:00:00,29.0,33,0.0,8.7,0.0
2025-03-26 23:00:00,28.6,34,0.0,7.2,0.0
2025-03-27 00:00:00,28.1,35,0.0,7.1,0.0
2025-03-27 01:00:00,27.3,37,0.0,8.9,0.0
2025-03-27 02:00:00,26.4,41,0.0,7.6,0.0
2025-03-27 03:00:00,25.6,45,0.0,6.8,0.0
2025-03-27 04:00:00,25.3,47,0.0,6.8,0.0
2025-03-27 05:00:00,25.1,48,0.0,6.5,0.0
2025-03-27 06:00:00,25.2,56,0.0,6.8,2.0
2025-03-27 07:00:00,25.8,54,0.0,10.8,102.0
2025-03-27 08:00:00,27.2,52,0.0,12.3,322.0
2025-03-27 09:00:00,30.0,43,0.0,11.8,554.0
2025-03-27 10:00:00,32.6,31,0.0,10.9,753.0
2025-03-27 11:00:00,34.3,25,0.0,8.4,895.0
2025-03-27 12:00:00,35.5,22,0.0,5.5,963.0
2025-03-27 13:00:00,36.7,19,0.0,4.1,952.0
2025-03-27 14:00:00,37.5,16,0.0,6.2,779.0
2025-03-27 15:00:00,36.8,17,0.0,13.4,466.0
2025-03-27 16:00:00,35.5,19,0.0,15.4,410.0
2025-03-27 17:00:00,35.2,18,0.0,9.9,247.0
2025-03-27 18:00:00,34.1,20,0.0,9.7,56.0
2025-03-27 19:00:00,33.5,22,0.0,6.8,0.0
2025-03-27 20:00:00,32.0,28,0.0,9.1,0.0
2025-03-27 21:00:00,31.2,30,0.0,6.8,0.0
2025-03-27 22:00:00,30.6,31,0.0,7.5,0.0
2025-03-27 23:00:00,29.3,33,0.0,6.2,0.0
2025-03-28 00:00:00,28.5,35,0.0,4.9,0.0
2025-03-28 01:00:00,27.9,36,0.0,4.5,0.0
2025-03-28 02:00:00,27.6,37,0.0,5.9,0.0
2025-03-28 03:00:00,26.9,40,0.0,7.4,0.0
2025-03-28 04:00:00,26.7,40,0.0,4.5,0.0
2025-03-28 05:00:00,26.5,41,0.0,4.6,0.0
2025-03-28 06:00:00,26.1,46,0.0,8.0,2.0
2025-03-28 07:00:00,26.9,45,0.0,8.4,102.0
2025-03-28 08:00:00,29.2,41,0.0,8.0,316.0
2025-03-28 09:00:00,32.2,34,0.0,6.9,556.0
2025-03-28 10:00:00,34.0,30,0.0,7.9,757.0
2025-03-28 11:00:00,34.9,26,0.0,8.1,764.0
2025-03-28 12:00:00,36.2,22,0.0,4.9,911.0
2025-03-28 13:00:00,37.4,19,0.0,3.4,818.0
2025-03-28 14:00:00,37.8,17,0.0,3.6,634.0
2025-03-28 15:00:00,36.9,18,0.0,6.0,440.0
2025-03-28 16:00:00,36.2,20,0.0,8.3,324.0
2025-03-28 17:00:00,35.9,21,0.0,5.1,188.0
2025-03-28 18:00:00,34.9,22,0.0,5.9,53.0
2025-03-28 19:00:00,34.2,23,0.0,6.3,0.0
2025-03-28 20:00:00,33.0,26,0.0,5.4,0.0
2025-03-28 21:00:00,32.0,29,0.0,4.5,0.0
2025-03-28 22:00:00,31.1,32,0.0,6.1,0.0
2025-03-28 23:00:00,30.1,35,0.0,5.4,0.0
2025-03-29 00:00:00,29.4,36,0.0,5.6,0.0
2025-03-29 01:00:00,29.0,37,0.0,5.2,0.0
2025-03-29 02:00:00,28.3,38,0.0,5.2,0.0
2025-03-29 03:00:00,27.6,39,0.0,6.2,0.0
2025-03-29 04:00:00,26.8,42,0.0,6.3,0.0
2025-03-29 05:00:00,26.2,45,0.0,7.4,0.0
2025-03-29 06:00:00,27.2,45,0.0,7.1,2.0
2025-03-29 07:00:00,27.9,44,0.0,5.4,102.0
2025-03-29 08:00:00,29.2,39,0.0,8.0,302.0
2025-03-29 09:00:00,31.6,33,0.0,7.9,535.0
2025-03-29 10:00:00,33.5,28,0.0,7.6,757.0
2025-03-29 11:00:00,34.9,25,0.0,7.4,892.0
2025-03-29 12:00:00,36.0,23,0.0,6.1,946.0
2025-03-29 13:00:00,36.9,21,0.0,5.9,829.0
2025-03-29 14:00:00,37.6,19,0.0,7.7,708.0
2025-03-29 15:00:00,37.0,19,0.0,7.2,294.0
2025-03-29 16:00:00,36.8,19,0.0,4.8,221.0
2025-03-29 17:00:00,36.0,20,0.0,5.6,104.0
2025-03-29 18:00:00,34.8,22,0.0,3.9,54.0
2025-03-29 19:00:00,34.4,23,0.0,2.7,0.0
2025-03-29 20:00:00,33.3,26,0.0,4.8,0.0
2025-03-29 21:00:00,31.4,32,0.0,6.0,0.0
2025-03-29 22:00:00,30.5,36,0.0,6.6,0.0
2025-03-29 23:00:00,29.9,37,0.0,7.0,0.0
2025-03-30 00:00:00,29.2,38,0.0,10.3,0.0
2025-03-30 01:00:00,28.6,38,0.0,8.5,0.0
2025-03-30 02:00:00,28.2,38,0.0,5.8,0.0
2025-03-30 03:00:00,27.8,37,0.0,6.1,0.0
2025-03-30 04:00:00,27.4,36,0.0,7.2,0.0
2025-03-30 05:00:00,26.9,35,0.0,8.3,0.0
2025-03-30 06:00:00,26.8,44,0.0,3.3,2.0
2025-03-30 07:00:00,27.7,40,0.0,3.0,108.0
2025-03-30 08:00:00,30.1,33,0.0,2.4,331.0
2025-03-30 09:00:00,32.8,25,0.0,2.0,562.0
2025-03-30 10:00:00,34.5,23,0.0,0.7,757.0
2025-03-30 11:00:00,35.9,21,0.0,2.3,896.0
2025-03-30 12:00:00,37.1,19,0.0,1.7,960.0
2025-03-30 13:00:00,38.1,17,0.0,4.6,862.0
2025-03-30 14:00:00,37.7,17,0.0,9.5,668.0
2025-03-30 15:00:00,36.5,21,0.0,13.3,444.0
2025-03-30 16:00:00,35.9,22,0.0,13.2,348.0
2025-03-30 17:00:00,35.7,21,0.0,10.1,234.0
2025-03-30 18:00:00,34.9,24,0.0,8.5,53.0
2025-03-30 19:00:00,33.7,28,0.0,8.2,0.0
2025-03-30 20:00:00,32.8,28,0.0,8.7,0.0
2025-03-30 21:00:00,31.7,29,0.0,10.1,0.0
2025-03-30 22:00:00,30.2,30,0.0,12.9,0.0
2025-03-30 23:00:00,29.0,32,0.0,10.4,0.0
2025-03-31 00:00:00,28.4,32,0.0,9.0,0.0
2025-03-31 01:00:00,27.8,32,0.0,7.2,0.0
2025-03-31 02:00:00,27.3,32,0.0,6.1,0.0
2025-03-31 03:00:00,27.1,32,0.0,6.2,0.0
2025-03-31 04:00:00,26.6,34,0.0,4.5,0.0
2025-03-31 05:00:00,26.2,36,0.0,3.2,0.0
2025-03-31 06:00:00,26.1,43,0.0,5.3,3.0
2025-03-31 07:00:00,27.1,36,0.0,4.1,111.0
2025-03-31 08:00:00,29.5,28,0.0,6.4,336.0
2025-03-31 09:00:00,31.9,23,0.0,6.6,569.0
2025-03-31 10:00:00,33.9,19,0.0,7.9,764.0
2025-03-31 11:00:00,35.1,17,0.0,7.9,901.0
2025-03-31 12:00:00,36.0,17,0.0,6.6,963.0
2025-03-31 13:00:00,36.6,17,0.0,6.1,951.0
2025-03-31 14:00:00,36.8,18,0.0,6.3,802.0
2025-03-31 15:00:00,37.0,19,0.0,9.0,649.0
2025-03-31 16:00:00,36.2,21,0.0,10.8,416.0
2025-03-31 17:00:00,35.3,23,0.0,11.7,230.0
2025-03-31 18:00:00,33.6,26,0.0,9.6,56.0
2025-03-31 19:00:00,32.1,30,0.0,9.6,0.0
2025-03-31 20:00:00,30.9,32,0.0,7.7,0.0
2025-03-31 21:00:00,30.4,33,0.0,6.6,0.0
2025-03-31 22:00:00,29.7,34,0.0,7.4,0.0
2025-03-31 23:00:00,28.8,37,0.0,8.7,0.0
2025-04-01 00:00:00,27.7,47,0.0,7.8,0.0
2025-04-01 01:00:00,26.8,56,0.0,7.2,0.0
2025-04-01 02:00:00,26.2,59,0.0,6.4,0.0
2025-04-01 03:00:00,25.4,63,0.0,7.9,0.0
2025-04-01 04:00:00,24.7,67,0.0,9.6,0.0
2025-04-01 05:00:00,23.9,70,0.0,9.3,0.0
2025-04-01 06:00:00,23.8,73,0.0,7.5,3.0
2025-04-01 07:00:00,24.4,69,0.0,5.8,111.0
2025-04-01 08:00:00,26.6,59,0.0,4.8,330.0
2025-04-01 09:00:00,29.4,46,0.0,3.8,557.0
2025-04-01 10:00:00,31.3,40,0.0,2.8,748.0
2025-04-01 11:00:00,33.0,35,0.0,2.3,877.0
2025-04-01 12:00:00,34.6,31,0.0,6.0,944.0
2025-04-01 13:00:00,35.2,29,0.0,10.1,925.0
2025-04-01 14:00:00,34.5,31,0.0,10.6,671.0
2025-04-01 15:00:00,34.1,32,0.0,11.3,523.0
2025-04-01 16:00:00,33.8,32,0.0,12.3,436.0
2025-04-01 17:00:00,32.7,35,0.0,11.9,240.0
2025-04-01 18:00:00,31.8,36,0.0,10.5,56.0
2025-04-01 19:00:00,31.0,39,0.0,8.3,0.0
2025-04-01 20:00:00,30.1,42,0.0,8.7,0.0
2025-04-01 21:00:00,29.2,44,0.0,9.2,0.0
2025-04-01 22:00:00,28.6,45,0.0,9.7,0.0
2025-04-01 23:00:00,27.4,50,0.0,8.4,0.0
2025-04-02 00:00:00,26.2,59,0.0,8.4,0.0
2025-04-02 01:00:00,25.2,67,0.0,8.3,0.0
2025-04-02 02:00:00,24.5,73,0.0,7.0,0.0
2025-04-02 03:00:00,24.1,75,0.0,6.0,0.0
2025-04-02 04:00:00,23.8,75,0.0,6.7,0.0
2025-04-02 05:00:00,23.5,76,0.0,7.2,0.0
2025-04-02 06:00:00,23.3,79,0.0,6.1,3.0
2025-04-02 07:00:00,24.0,75,0.0,7.1,114.0
2025-04-02 08:00:00,26.0,63,0.0,6.4,335.0
2025-04-02 09:00:00,27.7,54,0.0,5.0,519.0
2025-04-02 10:00:00,29.3,49,0.0,6.1,697.0
2025-04-02 11:00:00,30.7,43,0.0,7.6,811.0
2025-04-02 12:00:00,31.7,40,0.0,8.8,832.0
2025-04-02 13:00:00,32.3,38,0.0,9.5,812.0
2025-04-02 14:00:00,32.8,36,0.0,10.1,808.0
2025-04-02 15:00:00,32.6,37,0.0,10.7,598.0
2025-04-02 16:00:00,32.2,37,0.0,10.7,444.0
2025-04-02 17:00:00,31.2,38,0.0,11.8,224.0
2025-04-02 18:00:00,30.9,39,0.0,9.1,52.0
2025-04-02 19:00:00,30.3,41,0.0,7.6,0.0
2025-04-02 20:00:00,29.4,48,0.0,9.8,0.0
2025-04-02 21:00:00,28.5,53,0.0,9.0,0.0
2025-04-02 22:00:00,27.7,57,0.0,9.5,0.0
2025-04-02 23:00:00,27.0,61,0.0,9.3,0.0
2025-04-03 00:00:00,26.8,63,0.0,9.5,0.0
2025-04-03 01:00:00,25.7,69,0.1,10.8,0.0
2025-04-03 02:00:00,25.0,75,0.0,11.3,0.0
2025-04-03 03:00:00,24.8,78,0.0,7.3,0.0
2025-04-03 04:00:00,24.4,79,0.0,7.2,0.0
2025-04-03 05:00:00,24.3,80,0.0,6.5,0.0
2025-04-03 06:00:00,21.9,89,5.6,7.7,2.0
2025-04-03 07:00:00,21.6,95,2.0,7.5,9.0
2025-04-03 08:00:00,23.1,83,0.9,2.4,145.0
2025-04-03 09:00:00,25.3,72,0.1,7.5,423.0
2025-04-03 10:00:00,27.1,59,0.0,9.8,670.0
2025-04-03 11:00:00,28.0,56,0.0,9.1,726.0
2025-04-03 12:00:00,29.0,53,0.0,4.0,838.0
2025-04-03 13:00:00,29.7,51,0.0,3.0,749.0
2025-04-03 14:00:00,29.9,51,0.0,1.9,682.0
2025-04-03 15:00:00,30.3,48,0.0,5.0,516.0
2025-04-03 16:00:00,28.9,57,0.3,5.6,354.0
2025-04-03 17:00:00,28.4,61,0.0,4.6,201.0
2025-04-03 18:00:00,24.6,79,0.0,0.9,21.0
2025-04-03 19:00:00,24.4,81,0.1,4.6,0.0
2025-04-03 20:00:00,24.0,83,0.3,5.6,0.0
2025-04-03 21:00:00,24.0,83,0.0,1.8,0.0
2025-04-03 22:00:00,23.9,85,0.0,4.9,0.0
2025-04-03 23:00:00,23.8,86,0.0,4.8,0.0
2025-04-04 00:00:00,21.6,91,1.2,2.3,0.0
2025-04-04 01:00:00,21.7,93,1.0,5.4,0.0
2025-04-04 02:00:00,21.6,96,0.1,4.8,0.0
2025-04-04 03:00:00,21.9,94,0.0,2.3,0.0
2025-04-04 04:00:00,21.6,96,0.0,5.1,0.0
2025-04-04 05:00:00,21.4,96,0.0,4.4,0.0
2025-04-04 06:00:00,22.3,92,0.7,1.9,1.0
2025-04-04 07:00:00,22.8,91,0.0,2.2,88.0
2025-04-04 08:00:00,24.2,85,0.0,1.6,330.0
2025-04-04 09:00:00,25.9,73,0.0,2.8,553.0
2025-04-04 10:00:00,27.5,64,0.0,6.3,746.0
2025-04-04 11:00:00,29.1,57,0.0,5.0,884.0
2025-04-04 12:00:00,30.1,54,0.0,2.4,946.0
2025-04-04 13:00:00,30.6,51,0.0,4.3,932.0
2025-04-04 14:00:00,30.5,50,0.0,2.8,700.0
2025-04-04 15:00:00,30.3,49,0.0,5.2,571.0
2025-04-04 16:00:00,27.7,63,0.0,11.7,402.0
2025-04-04 17:00:00,28.0,61,0.0,4.0,172.0
2025-04-04 18:00:00,28.6,57,0.0,7.8,52.0
2025-04-04 19:00:00,27.1,68,0.0,6.8,0.0
2025-04-04 20:00:00,26.5,71,0.0,5.6,0.0
2025-04-04 21:00:00,26.0,73,0.0,4.9,0.0
2025-04-04 22:00:00,25.6,76,0.0,3.7,0.0
2025-04-04 23:00:00,25.2,78,0.0,4.0,0.0
2025-04-05 00:00:00,24.9,79,0.0,3.6,0.0
2025-04-05 01:00:00,24.6,79,0.0,4.5,0.0
2025-04-05 02:00:00,24.2,80,0.0,5.3,0.0
2025-04-05 03:00:00,24.0,79,0.0,4.6,0.0
2025-04-05 04:00:00,23.8,80,0.0,4.2,0.0
2025-04-05 05:00:00,23.6,81,0.0,4.0,0.0
2025-04-05 06:00:00,23.8,82,0.0,6.5,5.0
2025-04-05 07:00:00,24.5,82,0.0,3.6,120.0
2025-04-05 08:00:00,26.4,74,0.0,3.5,342.0
2025-04-05 09:00:00,28.2,63,0.0,4.0,568.0
2025-04-05 10:00:00,29.5,57,0.0,1.5,761.0
2025-04-05 11:00:00,30.5,50,0.0,3.5,890.0
2025-04-05 12:00:00,31.2,46,0.0,4.8,914.0
2025-04-05 13:00:00,31.9,43,0.0,4.8,902.0
2025-04-05 14:00:00,32.5,41,0.0,6.6,830.0
2025-04-05 15:00:00,32.3,39,0.0,6.6,633.0
2025-04-05 16:00:00,32.2,38,0.0,5.4,441.0
2025-04-05 17:00:00,31.6,42,0.0,5.6,247.0
2025-04-05 18:00:00,30.4,47,0.0,5.7,54.0
2025-04-05 19:00:00,28.9,57,0.0,5.8,0.0
2025-04-05 20:00:00,27.8,63,0.0,5.6,0.0
2025-04-05 21:00:00,26.9,66,0.0,6.4,0.0
2025-04-05 22:00:00,26.3,67,0.0,6.0,0.0
2025-04-05 23:00:00,26.0,68,0.0,5.0,0.0
2025-04-06 00:00:00,25.5,68,0.0,6.1,0.0
2025-04-06 01:00:00,25.1,70,0.0,5.6,0.0
2025-04-06 02:00:00,24.6,72,0.0,5.1,0.0
2025-04-06 03:00:00,24.2,74,0.0,5.0,0.0
2025-04-06 04:00:00,23.6,77,0.0,6.2,0.0
2025-04-06 05:00:00,23.1,78,0.0,6.9,0.0
2025-04-06 06:00:00,24.3,75,0.0,8.3,5.0
2025-04-06 07:00:00,25.1,75,0.0,7.7,122.0
2025-04-06 08:00:00,26.9,69,0.0,7.4,345.0
2025-04-06 09:00:00,29.0,61,0.0,7.6,575.0
2025-04-06 10:00:00,30.9,51,0.0,6.4,770.0
2025-04-06 11:00:00,32.4,42,0.0,4.1,904.0
2025-04-06 12:00:00,33.2,36,0.0,2.9,866.0
2025-04-06 13:00:00,34.0,31,0.0,4.5,878.0
2025-04-06 14:00:00,34.4,26,0.0,6.3,749.0
2025-04-06 15:00:00,34.5,24,0.0,8.2,672.0
2025-04-06 16:00:00,34.4,24,0.0,7.8,486.0
2025-04-06 17:00:00,33.7,27,0.0,5.8,262.0
2025-04-06 18:00:00,30.8,51,0.0,1.9,58.0
2025-04-06 19:00:00,29.4,48,0.0,3.1,0.0
2025-04-06 20:00:00,28.1,52,0.0,6.8,0.0
2025-04-06 21:00:00,27.4,55,0.0,5.5,0.0
2025-04-06 22:00:00,26.7,57,0.0,5.6,0.0
2025-04-06 23:00:00,26.0,57,0.0,6.2,0.0
2025-04-07 00:00:00,25.7,53,0.0,7.2,0.0
2025-04-07 01:00:00,25.7,52,0.0,7.6,0.0
2025-04-07 02:00:00,25.2,54,0.0,7.6,0.0
2025-04-07 03:00:00,24.6,56,0.0,6.4,0.0
2025-04-07 04:00:00,23.8,63,0.0,4.2,0.0
2025-04-07 05:00:00,23.8,60,0.0,5.9,0.0
2025-04-07 06:00:00,24.6,62,0.0,6.7,5.0
2025-04-07 07:00:00,25.6,64,0.0,6.3,127.0
2025-04-07 08:00:00,28.0,58,0.0,4.5,353.0
2025-04-07 09:00:00,30.5,50,0.0,5.2,583.0
2025-04-07 10:00:00,32.6,38,0.0,6.2,776.0
2025-04-07 11:00:00,33.9,32,0.0,3.8,909.0
2025-04-07 12:00:00,34.9,27,0.0,2.2,940.0
2025-04-07 13:00:00,35.6,22,0.0,5.2,784.0
2025-04-07 14:00:00,36.0,20,0.0,7.6,750.0
2025-04-07 15:00:00,36.1,20,0.0,8.5,644.0
2025-04-07 16:00:00,35.6,19,0.0,10.7,476.0
2025-04-07 17:00:00,34.8,20,0.0,11.5,242.0
2025-04-07 18:00:00,32.8,24,0.0,10.5,58.0
2025-04-07 19:00:00,31.9,27,0.0,7.6,0.0
2025-04-07 20:00:00,30.3,35,0.0,8.4,0.0
2025-04-07 21:00:00,29.0,39,0.0,8.8,0.0
2025-04-07 22:00:00,28.0,43,0.0,8.4,0.0
2025-04-07 23:00:00,27.7,44,0.0,9.7,0.0
2025-04-08 00:00:00,26.9,51,0.0,10.4,0.0
2025-04-08 01:00:00,26.3,59,0.0,8.0,0.0
2025-04-08 02:00:00,25.5,66,0.0,8.2,0.0
2025-04-08 03:00:00,25.1,68,0.0,6.0,0.0
2025-04-08 04:00:00,24.7,70,0.0,5.4,0.0
2025-04-08 05:00:00,23.9,75,0.0,7.0,0.0
2025-04-08 06:00:00,24.5,73,0.0,7.0,4.0
2025-04-08 07:00:00,24.8,74,0.0,5.8,73.0
2025-04-08 08:00:00,26.5,66,0.0,5.2,256.0
2025-04-08 09:00:00,29.1,54,0.0,5.3,532.0
2025-04-08 10:00:00,31.3,45,0.0,4.2,771.0
2025-04-08 11:00:00,33.1,38,0.0,3.1,901.0
2025-04-08 12:00:00,34.6,31,0.0,1.8,962.0
2025-04-08 13:00:00,35.6,28,0.0,2.5,877.0
2025-04-08 14:00:00,34.7,29,0.0,9.3,788.0
2025-04-08 15:00:00,34.7,29,0.0,7.8,581.0
2025-04-08 16:00:00,34.1,27,0.0,9.5,402.0
2025-04-08 17:00:00,32.7,32,0.1,4.9,175.0
2025-04-08 18:00:00,33.6,29,0.0,7.1,53.0
2025-04-08 19:00:00,32.4,33,0.0,6.9,0.0
2025-04-08 20:00:00,30.7,39,0.0,9.3,0.0
2025-04-08 21:00:00,30.2,39,0.0,10.0,0.0
2025-04-08 22:00:00,29.5,40,0.0,8.2,0.0
2025-04-08 23:00:00,28.6,42,0.0,9.2,0.0
2025-04-09 00:00:00,27.7,48,0.0,11.3,0.0
2025-04-09 01:00:00,26.5,61,0.0,11.5,0.0
2025-04-09 02:00:00,25.1,73,0.0,9.8,0.0
2025-04-09 03:00:00,24.5,80,0.0,7.9,0.0
2025-04-09 04:00:00,24.1,83,0.0,7.4,0.0
2025-04-09 05:00:00,23.8,83,0.0,6.8,0.0
2025-04-09 06:00:00,23.9,81,0.0,1.8,6.0
2025-04-09 07:00:00,24.9,74,0.0,3.2,129.0
2025-04-09 08:00:00,27.3,61,0.0,2.8,355.0
2025-04-09 09:00:00,30.4,45,0.0,3.8,586.0
2025-04-09 10:00:00,32.9,35,0.0,4.5,779.0
2025-04-09 11:00:00,34.8,29,0.0,2.5,911.0
2025-04-09 12:00:00,36.2,24,0.0,1.4,950.0
2025-04-09 13:00:00,36.8,21,0.0,6.7,861.0
2025-04-09 14:00:00,36.5,20,0.0,7.5,669.0
2025-04-09 15:00:00,36.7,19,0.0,10.3,600.0
2025-04-09 16:00:00,34.4,26,0.0,13.1,376.0
2025-04-09 17:00:00,34.4,25,0.0,9.1,213.0
2025-04-09 18:00:00,33.7,31,0.0,5.3,42.0
2025-04-09 19:00:00,32.4,36,0.0,6.5,0.0
2025-04-09 20:00:00,31.5,39,0.0,8.5,0.0
2025-04-09 21:00:00,30.4,42,0.0,8.3,0.0
2025-04-09 22:00:00,29.5,44,0.0,8.2,0.0
2025-04-09 23:00:00,28.8,46,0.0,7.6,0.0
2025-04-10 00:00:00,28.2,47,0.0,7.8,0.0
2025-04-10 01:00:00,27.7,48,0.0,8.4,0.0
2025-04-10 02:00:00,27.2,50,0.0,7.8,0.0
2025-04-10 03:00:00,26.5,54,0.0,5.6,0.0
2025-04-10 04:00:00,25.8,58,0.0,4.8,0.0
2025-04-10 05:00:00,25.4,61,0.0,5.1,0.0
2025-04-10 06:00:00,26.1,57,0.0,4.1,6.0
2025-04-10 07:00:00,26.8,55,0.0,2.7,127.0
2025-04-10 08:00:00,29.0,47,0.0,2.7,342.0
2025-04-10 09:00:00,31.4,40,0.0,9.4,577.0
2025-04-10 10:00:00,33.0,35,0.0,11.5,767.0
2025-04-10 11:00:00,34.1,31,0.0,9.7,839.0
2025-04-10 12:00:00,35.1,27,0.0,10.0,866.0
2025-04-10 13:00:00,36.3,23,0.0,10.0,880.0
2025-04-10 14:00:00,37.1,20,0.0,8.2,813.0
2025-04-10 15:00:00,36.7,21,0.0,11.9,676.0
2025-04-10 16:00:00,35.6,22,0.0,9.0,291.0
2025-04-10 17:00:00,34.2,26,0.0,8.1,242.0
2025-04-10 18:00:00,33.6,27,0.0,1.9,56.0
2025-04-10 19:00:00,32.1,30,0.0,3.3,0.0
2025-04-10 20:00:00,30.9,35,0.0,4.5,0.0
2025-04-10 21:00:00,29.9,39,0.0,3.8,0.0
2025-04-10 22:00:00,29.0,44,0.0,3.7,0.0
2025-04-10 23:00:00,27.9,50,0.0,5.0,0.0
2025-04-11 00:00:00,27.5,52,0.0,6.9,0.0
2025-04-11 01:00:00,27.3,51,0.0,6.7,0.0
2025-04-11 02:00:00,26.7,52,0.0,8.8,0.0
2025-04-11 03:00:00,26.1,50,0.0,11.9,0.0
2025-04-11 04:00:00,25.7,50,0.0,10.0,0.0
2025-04-11 05:00:00,25.1,55,0.0,10.8,0.0
2025-04-11 06:00:00,24.3,62,0.0,9.4,7.0
2025-04-11 07:00:00,25.6,58,0.0,8.7,134.0
2025-04-11 08:00:00,27.8,56,0.0,9.7,358.0
2025-04-11 09:00:00,30.4,48,0.0,10.3,587.0
2025-04-11 10:00:00,33.3,37,0.0,10.7,779.0
2025-04-11 11:00:00,34.8,27,0.0,12.9,911.0
2025-04-11 12:00:00,36.3,21,0.0,11.4,845.0
2025-04-11 13:00:00,36.9,16,0.0,12.8,839.0
2025-04-11 14:00:00,36.5,16,0.0,16.4,841.0
2025-04-11 15:00:00,36.9,16,0.0,9.6,707.0
2025-04-11 16:00:00,37.0,14,0.0,7.9,497.0
2025-04-11 17:00:00,36.1,15,0.0,11.1,266.0
2025-04-11 18:00:00,34.4,17,0.0,5.9,59.0
2025-04-11 19:00:00,33.1,19,0.0,0.9,0.0
2025-04-11 20:00:00,31.4,27,0.0,8.4,0.0
2025-04-11 21:00:00,30.8,30,0.0,6.3,0.0
2025-04-11 22:00:00,30.2,30,0.0,5.5,0.0
2025-04-11 23:00:00,29.8,29,0.0,3.7,0.0
2025-04-12 00:00:00,28.6,32,0.0,1.5,0.0
2025-04-12 01:00:00,26.5,43,0.0,9.6,0.0
2025-04-12 02:00:00,25.9,41,0.0,7.0,0.0
2025-04-12 03:00:00,25.5,43,0.0,9.3,0.0
2025-04-12 04:00:00,25.3,45,0.0,9.2,0.0
2025-04-12 05:00:00,25.3,46,0.0,11.9,0.0
2025-04-12 06:00:00,26.4,50,0.0,11.7,8.0
2025-04-12 07:00:00,27.7,45,0.0,8.8,136.0
2025-04-12 08:00:00,29.9,38,0.0,8.7,364.0
2025-04-12 09:00:00,32.5,29,0.0,10.3,594.0
2025-04-12 10:00:00,34.7,21,0.0,13.0,785.0
2025-04-12 11:00:00,35.9,17,0.0,14.1,906.0
2025-04-12 12:00:00,36.6,15,0.0,13.7,958.0
2025-04-12 13:00:00,36.8,15,0.0,12.5,865.0
2025-04-12 14:00:00,37.1,15,0.0,11.0,777.0
2025-04-12 15:00:00,37.1,14,0.0,9.9,651.0
2025-04-12 16:00:00,36.7,14,0.0,10.0,474.0
2025-04-12 17:00:00,36.0,15,0.0,11.1,245.0
2025-04-12 18:00:00,35.2,15,0.0,6.7,57.0
2025-04-12 19:00:00,34.1,17,0.0,5.5,0.0
2025-04-12 20:00:00,33.8,17,0.0,4.5,0.0
2025-04-12 21:00:00,33.1,18,0.0,5.5,0.0
2025-04-12 22:00:00,30.7,22,0.0,6.6,0.0
2025-04-12 23:00:00,29.7,25,0.0,1.5,0.0
2025-04-13 00:00:00,28.1,29,0.0,6.9,0.0
2025-04-13 01:00:00,27.2,32,0.0,4.2,0.0
2025-04-13 02:00:00,26.1,39,0.0,5.3,0.0
2025-04-13 03:00:00,25.5,44,0.0,4.3,0.0
2025-04-13 04:00:00,25.1,47,0.0,6.1,0.0
2025-04-13 05:00:00,25.1,48,0.0,4.5,0.0
2025-04-13 06:00:00,26.3,42,0.0,3.1,7.0
2025-04-13 07:00:00,27.2,40,0.0,5.5,123.0
2025-04-13 08:00:00,29.5,31,0.0,2.3,367.0
2025-04-13 09:00:00,32.3,24,0.0,0.9,596.0
2025-04-13 10:00:00,34.2,20,0.0,2.4,789.0
2025-04-13 11:00:00,35.6,17,0.0,4.4,922.0
2025-04-13 12:00:00,36.4,16,0.0,6.0,887.0
2025-04-13 13:00:00,36.7,16,0.0,7.8,856.0
2025-04-13 14:00:00,37.0,16,0.0,10.4,842.0
2025-04-13 15:00:00,36.5,17,0.0,10.4,661.0
2025-04-13 16:00:00,36.1,17,0.0,9.9,491.0
2025-04-13 17:00:00,35.4,18,0.0,9.8,266.0
2025-04-13 18:00:00,34.1,19,0.0,9.7,62.0
2025-04-13 19:00:00,33.6,20,0.0,4.9,0.0
2025-04-13 20:00:00,33.3,21,0.0,4.9,0.0
2025-04-13 21:00:00,32.1,25,0.0,9.5,0.0
2025-04-13 22:00:00,29.8,34,0.0,7.9,0.0
2025-04-13 23:00:00,28.9,38,0.0,6.9,0.0
2025-04-14 00:00:00,27.7,45,0.0,6.8,0.0
2025-04-14 01:00:00,27.0,49,0.0,5.8,0.0
2025-04-14 02:00:00,26.2,53,0.0,4.3,0.0
2025-04-14 03:00:00,25.8,55,0.0,4.6,0.0
2025-04-14 04:00:00,25.7,56,0.0,3.6,0.0
2025-04-14 05:00:00,24.9,60,0.0,5.7,0.0
2025-04-14 06:00:00,25.5,56,0.0,5.4,8.0
2025-04-14 07:00:00,26.6,50,0.0,7.8,124.0
2025-04-14 08:00:00,29.3,39,0.0,7.8,346.0
2025-04-14 09:00:00,31.6,33,0.0,10.5,538.0
2025-04-14 10:00:00,33.4,28,0.0,10.9,750.0
2025-04-14 11:00:00,34.8,24,0.0,7.1,885.0
2025-04-14 12:00:00,35.8,21,0.0,5.6,855.0
2025-04-14 13:00:00,36.8,19,0.0,7.3,834.0
2025-04-14 14:00:00,36.9,18,0.0,10.5,797.0
2025-04-14 15:00:00,36.7,18,0.0,9.6,660.0
2025-04-14 16:00:00,36.2,19,0.0,8.4,441.0
2025-04-14 17:00:00,35.7,18,0.0,8.2,245.0
2025-04-14 18:00:00,34.4,21,0.0,4.8,57.0
2025-04-14 19:00:00,33.5,23,0.0,0.6,0.0
2025-04-14 20:00:00,32.5,26,0.0,5.2,0.0
2025-04-14 21:00:00,31.8,29,0.0,5.9,0.0
2025-04-14 22:00:00,30.9,30,0.0,6.8,0.0
2025-04-14 23:00:00,29.8,32,0.0,7.3,0.0
2025-04-15 00:00:00,28.8,34,0.0,7.5,0.0
2025-04-15 01:00:00,28.2,37,0.0,7.3,0.0
2025-04-15 02:00:00,27.6,40,0.0,6.1,0.0
2025-04-15 03:00:00,26.9,43,0.0,5.3,0.0
2025-04-15 04:00:00,26.3,46,0.0,3.9,0.0
2025-04-15 05:00:00,25.7,50,0.0,5.1,0.0
2025-04-15 06:00:00,25.6,54,0.0,6.3,9.0
2025-04-15 07:00:00,26.3,60,0.0,8.1,140.0
2025-04-15 08:00:00,28.5,54,0.0,7.8,354.0
2025-04-15 09:00:00,30.8,46,0.0,10.6,562.0
2025-04-15 10:00:00,32.9,36,0.0,11.2,763.0
2025-04-15 11:00:00,34.4,30,0.0,9.9,885.0
2025-04-15 12:00:00,35.5,25,0.0,9.1,938.0
2025-04-15 13:00:00,36.1,23,0.0,7.4,831.0
2025-04-15 14:00:00,36.2,22,0.0,7.2,697.0
2025-04-15 15:00:00,36.2,22,0.0,6.9,573.0
2025-04-15 16:00:00,35.7,22,0.0,7.5,457.0
2025-04-15 17:00:00,35.7,21,0.0,7.2,252.0
2025-04-15 18:00:00,34.1,25,0.0,6.7,60.0
2025-04-15 19:00:00,33.5,27,0.0,7.9,0.0
2025-04-15 20:00:00,32.9,29,0.0,6.5,0.0
2025-04-15 21:00:00,31.8,31,0.0,8.3,0.0
2025-04-15 22:00:00,30.6,34,0.0,7.2,0.0
2025-04-15 23:00:00,29.3,37,0.0,8.9,0.0
2025-04-16 00:00:00,27.9,49,0.0,12.3,0.0
2025-04-16 01:00:00,26.4,68,0.0,8.2,0.0
2025-04-16 02:00:00,25.4,81,0.0,8.7,0.0
2025-04-16 03:00:00,24.9,86,0.0,6.2,0.0
2025-04-16 04:00:00,24.6,87,0.0,4.9,0.0
2025-04-16 05:00:00,24.3,88,0.0,5.2,0.0
2025-04-16 06:00:00,24.6,85,0.0,8.3,8.0
2025-04-16 07:00:00,25.5,76,0.0,7.8,121.0
2025-04-16 08:00:00,27.2,66,0.0,9.1,293.0
2025-04-16 09:00:00,29.9,55,0.0,13.0,572.0
2025-04-16 10:00:00,32.6,41,0.0,15.1,774.0
2025-04-16 11:00:00,34.2,34,0.0,14.3,905.0
2025-04-16 12:00:00,35.3,31,0.0,12.6,953.0
2025-04-16 13:00:00,36.2,29,0.0,10.9,907.0
2025-04-16 14:00:00,35.4,29,0.0,12.4,720.0
2025-04-16 15:00:00,35.0,30,0.0,11.0,530.0
2025-04-16 16:00:00,35.1,30,0.0,9.8,439.0
2025-04-16 17:00:00,35.0,30,0.0,9.0,218.0
2025-04-16 18:00:00,34.1,33,0.0,6.5,53.0
2025-04-16 19:00:00,33.7,34,0.0,4.7,0.0
2025-04-16 20:00:00,32.8,37,0.0,6.5,0.0
2025-04-16 21:00:00,31.8,39,0.0,7.1,0.0
2025-04-16 22:00:00,30.8,41,0.0,7.5,0.0
2025-04-16 23:00:00,29.4,46,0.0,10.9,0.0
2025-04-17 00:00:00,27.8,56,0.0,10.0,0.0
2025-04-17 01:00:00,26.8,65,0.0,8.3,0.0
2025-04-17 02:00:00,26.2,71,0.0,6.5,0.0
2025-04-17 03:00:00,25.6,77,0.0,4.4,0.0
2025-04-17 04:00:00,25.2,76,0.0,7.9,0.0
2025-04-17 05:00:00,25.1,75,0.0,7.4,0.0
2025-04-17 06:00:00,25.5,71,0.0,5.5,9.0
2025-04-17 07:00:00,26.7,67,0.0,5.7,109.0
2025-04-17 08:00:00,28.5,61,0.0,9.3,293.0
2025-04-17 09:00:00,30.5,53,0.0,9.4,513.0
2025-04-17 10:00:00,32.7,45,0.0,8.5,746.0
2025-04-17 11:00:00,34.7,36,0.0,9.2,900.0
2025-04-17 12:00:00,35.9,32,0.0,9.3,942.0
2025-04-17 13:00:00,35.6,31,0.2,9.0,875.0
2025-04-17 14:00:00,34.8,32,0.1,6.9,537.0
2025-04-17 15:00:00,35.2,33,0.0,7.6,606.0
2025-04-17 16:00:00,34.5,34,0.0,4.8,363.0
2025-04-17 17:00:00,33.2,39,0.0,10.3,209.0
2025-04-17 18:00:00,31.4,48,0.0,5.4,58.0
2025-04-17 19:00:00,30.3,54,0.0,4.1,0.0
2025-04-17 20:00:00,29.4,60,0.0,5.9,0.0
2025-04-17 21:00:00,29.2,60,0.0,5.7,0.0
2025-04-17 22:00:00,29.2,56,0.0,6.2,0.0
2025-04-17 23:00:00,28.7,55,0.0,6.8,0.0
2025-04-18 00:00:00,28.4,53,0.0,7.6,0.0
2025-04-18 01:00:00,27.9,54,0.0,5.8,0.0
2025-04-18 02:00:00,27.3,56,0.0,4.9,0.0
2025-04-18 03:00:00,26.8,58,0.0,4.4,0.0
2025-04-18 04:00:00,26.1,62,0.0,2.1,0.0
2025-04-18 05:00:00,25.6,64,0.0,3.3,0.0
2025-04-18 06:00:00,26.0,65,0.0,4.9,11.0
2025-04-18 07:00:00,27.4,59,0.0,3.7,133.0
2025-04-18 08:00:00,29.9,52,0.0,4.2,365.0
2025-04-18 09:00:00,32.3,44,0.0,7.7,586.0
2025-04-18 10:00:00,34.2,36,0.0,9.2,770.0
2025-04-18 11:00:00,35.6,31,0.0,8.7,899.0
2025-04-18 12:00:00,36.6,28,0.0,7.8,909.0
2025-04-18 13:00:00,37.2,27,0.0,6.1,866.0
2025-04-18 14:00:00,37.1,26,0.0,7.8,695.0
2025-04-18 15:00:00,37.2,26,0.0,6.1,541.0
2025-04-18 16:00:00,36.7,26,0.0,7.8,329.0
2025-04-18 17:00:00,36.1,28,0.0,8.0,212.0
2025-04-18 18:00:00,33.3,36,0.0,10.1,47.0
2025-04-18 19:00:00,32.3,39,0.0,8.1,0.0
2025-04-18 20:00:00,30.8,45,0.0,10.1,0.0
2025-04-18 21:00:00,29.8,49,0.0,6.2,0.0
2025-04-18 22:00:00,29.3,51,0.0,7.1,0.0
2025-04-18 23:00:00,29.1,52,0.0,6.5,0.0
2025-04-19 00:00:00,29.0,51,0.0,5.8,0.0
2025-04-19 01:00:00,28.4,53,0.0,5.8,0.0
2025-04-19 02:00:00,27.9,54,0.0,6.5,0.0
2025-04-19 03:00:00,27.4,55,0.0,6.8,0.0
2025-04-19 04:00:00,27.3,56,0.0,7.8,0.0
2025-04-19 05:00:00,27.0,57,0.0,8.3,0.0
2025-04-19 06:00:00,26.7,64,0.0,8.2,11.0
2025-04-19 07:00:00,27.7,61,0.0,7.6,132.0
2025-04-19 08:00:00,28.7,58,0.0,7.9,203.0
2025-04-19 09:00:00,30.0,55,0.0,8.3,351.0
2025-04-19 10:00:00,32.2,49,0.0,7.9,622.0
2025-04-19 11:00:00,33.9,44,0.0,6.1,780.0
2025-04-19 12:00:00,35.3,36,0.0,6.0,886.0
2025-04-19 13:00:00,35.3,35,0.0,8.1,872.0
2025-04-19 14:00:00,33.1,45,1.2,4.2,626.0
2025-04-19 15:00:00,33.3,45,0.5,0.4,581.0
2025-04-19 16:00:00,34.1,38,0.0,1.9,412.0
2025-04-19 17:00:00,34.2,37,0.0,0.0,234.0
2025-04-19 18:00:00,32.9,46,0.0,4.7,55.0
2025-04-19 19:00:00,32.2,49,0.0,5.5,0.0
2025-04-19 20:00:00,31.3,50,0.0,7.0,0.0
2025-04-19 21:00:00,30.7,52,0.0,7.5,0.0
2025-04-19 22:00:00,30.3,50,0.0,8.6,0.0
2025-04-19 23:00:00,29.6,50,0.0,7.3,0.0
2025-04-20 00:00:00,28.9,52,0.0,6.7,0.0
2025-04-20 01:00:00,28.4,54,0.0,6.9,0.0
2025-04-20 02:00:00,28.3,53,0.0,8.8,0.0
2025-04-20 03:00:00,27.9,55,0.0,8.3,0.0
2025-04-20 04:00:00,27.5,57,0.0,8.8,0.0
2025-04-20 05:00:00,27.3,58,0.0,9.1,0.0
2025-04-20 06:00:00,28.1,59,0.0,5.4,10.0
2025-04-20 07:00:00,29.3,55,0.0,3.7,140.0
2025-04-20 08:00:00,31.2,47,0.0,7.5,354.0
2025-04-20 09:00:00,33.2,41,0.0,7.7,577.0
2025-04-20 10:00:00,35.3,33,0.0,8.0,775.0
2025-04-20 11:00:00,36.7,28,0.0,8.3,891.0
2025-04-20 12:00:00,37.7,26,0.0,6.8,911.0
2025-04-20 13:00:00,37.7,26,0.0,4.8,769.0
2025-04-20 14:00:00,37.9,25,0.0,3.3,709.0
2025-04-20 15:00:00,37.5,24,0.0,2.5,496.0
2025-04-20 16:00:00,37.2,24,0.0,3.9,367.0
2025-04-20 17:00:00,36.8,24,0.0,3.8,192.0
2025-04-20 18:00:00,35.5,26,0.0,0.4,54.0
2025-04-20 19:00:00,34.5,30,0.0,7.4,0.0
2025-04-20 20:00:00,33.7,34,0.0,7.5,0.0
2025-04-20 21:00:00,32.9,35,0.0,9.4,0.0
2025-04-20 22:00:00,32.3,35,0.0,7.5,0.0
2025-04-20 23:00:00,31.0,40,0.0,7.6,0.0
2025-04-21 00:00:00,30.1,47,0.0,7.4,0.0
2025-04-21 01:00:00,29.2,52,0.0,8.5,0.0
2025-04-21 02:00:00,28.5,55,0.0,10.4,0.0
2025-04-21 03:00:00,27.6,60,0.0,11.0,0.0
2025-04-21 04:00:00,27.0,62,0.0,11.5,0.0
2025-04-21 05:00:00,26.7,62,0.0,10.4,0.0
2025-04-21 06:00:00,27.0,67,0.0,6.5,12.0
2025-04-21 07:00:00,28.2,61,0.0,6.3,147.0
2025-04-21 08:00:00,30.1,54,0.0,7.1,343.0
2025-04-21 09:00:00,32.4,44,0.0,8.3,558.0
2025-04-21 10:00:00,34.2,38,0.0,7.4,770.0
2025-04-21 11:00:00,35.6,34,0.0,4.9,900.0
2025-04-21 12:00:00,36.2,31,0.0,3.7,827.0
2025-04-21 13:00:00,37.2,28,0.1,3.6,899.0
2025-04-21 14:00:00,37.8,26,0.0,4.0,772.0
2025-04-21 15:00:00,37.8,26,0.0,4.9,636.0
2025-04-21 16:00:00,37.1,28,0.0,4.2,455.0
2025-04-21 17:00:00,36.1,30,0.0,0.7,241.0
2025-04-21 18:00:00,35.3,29,0.0,3.9,50.0
2025-04-21 19:00:00,34.9,29,0.0,5.9,0.0
2025-04-21 20:00:00,34.1,31,0.0,8.6,0.0
2025-04-21 21:00:00,32.8,38,0.0,9.1,0.0
2025-04-21 22:00:00,31.8,43,0.0,9.2,0.0
2025-04-21 23:00:00,31.0,45,0.0,7.4,0.0
2025-04-22 00:00:00,30.5,46,0.0,4.3,0.0
2025-04-22 01:00:00,30.0,47,0.0,7.7,0.0
2025-04-22 02:00:00,29.5,47,0.0,8.2,0.0
2025-04-22 03:00:00,28.7,51,0.0,6.5,0.0
2025-04-22 04:00:00,28.1,54,0.0,5.6,0.0
2025-04-22 05:00:00,27.7,56,0.0,5.6,0.0
2025-04-22 06:00:00,28.0,61,0.0,5.0,13.0
2025-04-22 07:00:00,29.3,54,0.0,4.1,153.0
2025-04-22 08:00:00,31.5,47,0.0,6.4,376.0
2025-04-22 09:00:00,33.7,40,0.0,9.0,596.0
2025-04-22 10:00:00,35.4,34,0.0,8.9,779.0
2025-04-22 11:00:00,36.6,29,0.0,5.4,888.0
2025-04-22 12:00:00,37.1,27,0.1,2.9,794.0
2025-04-22 13:00:00,37.9,25,0.0,1.3,806.0
2025-04-22 14:00:00,38.5,24,0.0,3.7,765.0
2025-04-22 15:00:00,38.3,24,0.0,5.9,626.0
2025-04-22 16:00:00,37.7,25,0.0,5.2,416.0
2025-04-22 17:00:00,37.0,25,0.0,2.7,224.0
2025-04-22 18:00:00,35.9,28,0.0,3.0,60.0
2025-04-22 19:00:00,34.8,31,0.0,2.2,0.0
2025-04-22 20:00:00,34.3,33,0.0,0.2,0.0
2025-04-22 21:00:00,33.6,35,0.0,6.2,0.0
2025-04-22 22:00:00,32.7,37,0.0,7.9,0.0
2025-04-22 23:00:00,32.0,38,0.0,8.8,0.0
2025-04-23 00:00:00,30.8,41,0.0,9.4,0.0
2025-04-23 01:00:00,29.5,47,0.0,8.6,0.0
2025-04-23 02:00:00,29.0,49,0.0,7.3,0.0
2025-04-23 03:00:00,28.8,49,0.0,7.1,0.0
2025-04-23 04:00:00,28.5,50,0.0,5.8,0.0
2025-04-23 05:00:00,28.0,53,0.0,5.9,0.0
2025-04-23 06:00:00,28.3,57,0.0,4.6,14.0
2025-04-23 07:00:00,29.4,52,0.0,4.6,156.0
2025-04-23 08:00:00,30.9,49,0.0,9.9,378.0
2025-04-23 09:00:00,32.8,43,0.0,9.6,597.0
2025-04-23 10:00:00,34.6,37,0.0,9.8,782.0
2025-04-23 11:00:00,36.1,31,0.0,7.5,902.0
2025-04-23 12:00:00,37.0,27,0.0,5.6,837.0
2025-04-23 13:00:00,38.0,23,0.0,5.6,874.0
2025-04-23 14:00:00,38.3,23,0.0,8.1,713.0
2025-04-23 15:00:00,38.2,24,0.0,9.4,620.0
2025-04-23 16:00:00,37.6,25,0.0,9.0,461.0
2025-04-23 17:00:00,36.8,25,0.0,7.4,224.0
2025-04-23 18:00:00,36.1,24,0.0,6.8,61.0
2025-04-23 19:00:00,35.6,25,0.0,5.5,0.0
2025-04-23 20:00:00,34.5,29,0.0,8.4,0.0
2025-04-23 21:00:00,33.2,35,0.0,9.0,0.0
2025-04-23 22:00:00,32.4,35,0.0,8.9,0.0
2025-04-23 23:00:00,31.9,35,0.0,8.6,0.0
2025-04-24 00:00:00,31.4,35,0.0,10.4,0.0
2025-04-24 01:00:00,30.4,37,0.0,9.9,0.0
2025-04-24 02:00:00,29.8,39,0.0,9.5,0.0
2025-04-24 03:00:00,29.2,41,0.0,7.7,0.0
2025-04-24 04:00:00,28.8,43,0.0,6.7,0.0
2025-04-24 05:00:00,27.8,47,0.0,11.8,0.0
2025-04-24 06:00:00,28.5,50,0.0,7.5,14.0
2025-04-24 07:00:00,29.8,45,0.0,8.0,157.0
2025-04-24 08:00:00,32.0,38,0.0,10.1,380.0
2025-04-24 09:00:00,34.2,31,0.0,11.9,601.0
2025-04-24 10:00:00,35.6,28,0.0,11.5,781.0
2025-04-24 11:00:00,36.9,25,0.0,9.1,908.0
2025-04-24 12:00:00,37.4,23,0.0,8.4,824.0
2025-04-24 13:00:00,38.2,22,0.0,7.8,893.0
2025-04-24 14:00:00,38.6,22,0.0,9.0,832.0
2025-04-24 15:00:00,38.7,22,0.0,9.6,681.0
2025-04-24 16:00:00,38.0,23,0.0,1.6,423.0
2025-04-24 17:00:00,36.9,24,0.0,3.6,207.0
2025-04-24 18:00:00,36.2,26,0.0,4.3,56.0
2025-04-24 19:00:00,35.2,28,0.0,3.5,0.0
2025-04-24 20:00:00,34.9,28,0.0,3.6,0.0
2025-04-24 21:00:00,33.9,30,0.0,7.4,0.0
2025-04-24 22:00:00,32.7,35,0.0,6.0,0.0
2025-04-24 23:00:00,32.2,37,0.0,9.2,0.0
2025-04-25 00:00:00,31.2,36,0.0,9.7,0.0
2025-04-25 01:00:00,30.4,39,0.0,8.6,0.0
2025-04-25 02:00:00,29.9,43,0.0,8.0,0.0
2025-04-25 03:00:00,29.6,45,0.0,3.9,0.0
2025-04-25 04:00:00,29.3,46,0.0,2.3,0.0
2025-04-25 05:00:00,28.9,47,0.0,7.0,0.0
2025-04-25 06:00:00,29.2,49,0.0,2.1,11.0
2025-04-25 07:00:00,29.6,47,0.0,6.8,108.0
2025-04-25 08:00:00,31.2,43,0.0,7.2,378.0
2025-04-25 09:00:00,32.9,39,0.0,8.8,596.0
2025-04-25 10:00:00,35.0,31,0.0,9.8,782.0
2025-04-25 11:00:00,36.5,27,0.0,8.8,908.0
2025-04-25 12:00:00,37.2,25,0.0,8.6,882.0
2025-04-25 13:00:00,37.8,24,0.0,8.5,884.0
2025-04-25 14:00:00,38.1,23,0.0,9.3,795.0
2025-04-25 15:00:00,38.4,22,0.0,9.3,684.0
2025-04-25 16:00:00,38.1,23,0.0,6.2,439.0
2025-04-25 17:00:00,36.9,24,0.0,2.8,211.0
2025-04-25 18:00:00,36.1,25,0.0,0.9,49.0
2025-04-25 19:00:00,35.2,27,0.0,1.2,0.0
2025-04-25 20:00:00,34.9,29,0.0,0.3,0.0
2025-04-25 21:00:00,33.3,34,0.0,5.8,0.0
2025-04-25 22:00:00,32.0,40,0.0,6.4,0.0
2025-04-25 23:00:00,31.3,42,0.0,3.3,0.0
2025-04-26 00:00:00,30.4,46,0.0,4.8,0.0
2025-04-26 01:00:00,29.6,50,0.0,5.3,0.0
2025-04-26 02:00:00,29.5,50,0.0,5.4,0.0
2025-04-26 03:00:00,29.1,50,0.0,7.0,0.0
2025-04-26 04:00:00,28.2,59,0.0,5.5,0.0
2025-04-26 05:00:00,27.6,64,0.0,5.2,0.0
2025-04-26 06:00:00,27.0,64,0.0,1.5,15.0
2025-04-26 07:00:00,28.3,59,0.0,4.1,152.0
2025-04-26 08:00:00,30.0,51,0.0,6.0,334.0
2025-04-26 09:00:00,32.3,42,0.0,6.6,599.0
2025-04-26 10:00:00,34.2,35,0.0,5.1,780.0
2025-04-26 11:00:00,35.1,32,0.0,4.5,706.0
2025-04-26 12:00:00,36.1,29,0.0,5.1,742.0
2025-04-26 13:00:00,37.3,26,0.0,6.7,856.0
2025-04-26 14:00:00,37.6,26,0.0,8.1,763.0
2025-04-26 15:00:00,37.0,27,0.0,9.3,595.0
2025-04-26 16:00:00,36.7,27,0.0,7.1,366.0
2025-04-26 17:00:00,36.1,28,0.0,9.6,239.0
2025-04-26 18:00:00,34.3,32,0.0,5.9,58.0
2025-04-26 19:00:00,33.4,37,0.0,4.6,0.0
2025-04-26 20:00:00,33.0,38,0.0,2.2,0.0
2025-04-26 21:00:00,32.4,41,0.0,4.6,0.0
2025-04-26 22:00:00,31.8,43,0.0,5.3,0.0
2025-04-26 23:00:00,30.9,46,0.0,7.8,0.0
2025-04-27 00:00:00,29.5,54,0.0,7.9,0.0
2025-04-27 01:00:00,28.4,64,0.0,5.9,0.0
2025-04-27 02:00:00,27.7,69,0.0,6.7,0.0
2025-04-27 03:00:00,27.9,60,0.0,1.3,0.0
2025-04-27 04:00:00,27.4,62,0.0,2.7,0.0
2025-04-27 05:00:00,27.3,64,0.0,4.3,0.0
2025-04-27 06:00:00,25.2,84,1.5,7.6,11.0
2025-04-27 07:00:00,24.7,86,3.5,11.1,74.0
2025-04-27 08:00:00,25.1,82,2.1,8.6,203.0
2025-04-27 09:00:00,26.4,79,1.1,8.6,351.0
2025-04-27 10:00:00,27.2,76,0.0,4.9,212.0
2025-04-27 11:00:00,28.1,73,0.0,4.6,272.0
2025-04-27 12:00:00,30.3,62,0.0,4.9,600.0
2025-04-27 13:00:00,31.1,56,0.0,5.3,496.0
2025-04-27 14:00:00,32.5,49,0.0,4.3,776.0
2025-04-27 15:00:00,32.6,46,0.0,4.4,567.0
2025-04-27 16:00:00,32.9,44,0.0,3.6,467.0
2025-04-27 17:00:00,32.6,44,0.0,2.9,256.0
2025-04-27 18:00:00,31.9,48,0.0,2.4,61.0
2025-04-27 19:00:00,31.2,50,0.0,4.9,0.0
2025-04-27 20:00:00,30.9,53,0.0,5.0,0.0
2025-04-27 21:00:00,30.3,56,0.0,5.4,0.0
2025-04-27 22:00:00,29.8,59,0.0,4.2,0.0
2025-04-27 23:00:00,28.9,61,0.0,7.5,0.0
2025-04-28 00:00:00,28.0,61,0.0,9.5,0.0
2025-04-28 01:00:00,27.1,65,0.0,7.9,0.0
2025-04-28 02:00:00,26.4,71,0.0,6.9,0.0
2025-04-28 03:00:00,25.9,75,0.0,7.0,0.0
2025-04-28 04:00:00,25.6,75,0.0,6.4,0.0
2025-04-28 05:00:00,25.2,75,0.0,7.0,0.0
2025-04-28 06:00:00,24.9,75,0.0,4.0,17.0
2025-04-28 07:00:00,26.1,68,0.0,4.5,166.0
2025-04-28 08:00:00,28.0,59,0.0,5.8,390.0
2025-04-28 09:00:00,30.1,49,0.0,6.4,612.0
2025-04-28 10:00:00,32.0,42,0.0,6.2,794.0
2025-04-28 11:00:00,33.6,37,0.0,5.5,917.0
2025-04-28 12:00:00,34.9,31,0.0,4.6,880.0
2025-04-28 13:00:00,36.1,26,0.0,3.7,849.0
2025-04-28 14:00:00,36.7,23,0.0,3.9,752.0
2025-04-28 15:00:00,37.0,21,0.0,1.8,620.0
2025-04-28 16:00:00,36.5,22,0.0,3.8,446.0
2025-04-28 17:00:00,35.6,23,0.0,6.0,255.0
2025-04-28 18:00:00,33.9,30,0.0,3.0,62.0
2025-04-28 19:00:00,32.8,33,0.0,4.5,0.0
2025-04-28 20:00:00,31.8,39,0.0,8.0,0.0
2025-04-28 21:00:00,30.8,45,0.0,8.8,0.0
2025-04-28 22:00:00,30.0,47,0.0,8.9,0.0
2025-04-28 23:00:00,29.6,47,0.0,8.5,0.0
2025-04-29 00:00:00,28.8,47,0.0,11.1,0.0
2025-04-29 01:00:00,27.5,52,0.0,10.5,0.0
2025-04-29 02:00:00,26.2,64,0.0,8.7,0.0
2025-04-29 03:00:00,25.6,71,0.0,7.7,0.0
2025-04-29 04:00:00,25.1,74,0.0,7.0,0.0
2025-04-29 05:00:00,25.0,75,0.0,4.9,0.0
2025-04-29 06:00:00,25.7,72,0.0,3.3,17.0
2025-04-29 07:00:00,26.6,66,0.0,6.2,93.0
2025-04-29 08:00:00,27.8,64,0.0,7.6,227.0
2025-04-29 09:00:00,30.7,53,0.0,8.6,604.0
2025-04-29 10:00:00,32.9,42,0.0,10.3,786.0
2025-04-29 11:00:00,34.5,35,0.0,9.4,912.0
2025-04-29 12:00:00,35.6,32,0.0,8.0,955.0
2025-04-29 13:00:00,36.5,28,0.0,7.6,887.0
2025-04-29 14:00:00,36.6,26,0.0,8.8,743.0
2025-04-29 15:00:00,36.8,25,0.0,7.7,611.0
2025-04-29 16:00:00,36.9,24,0.0,8.9,441.0
2025-04-29 17:00:00,36.2,25,0.0,8.5,228.0
2025-04-29 18:00:00,34.6,28,0.0,6.7,64.0
2025-04-29 19:00:00,33.7,30,0.0,2.8,0.0
2025-04-29 20:00:00,33.0,31,0.0,6.8,0.0
2025-04-29 21:00:00,32.3,31,0.0,6.8,0.0
2025-04-29 22:00:00,31.2,34,0.0,7.1,0.0
2025-04-29 23:00:00,30.1,40,0.0,9.2,0.0
2025-04-30 00:00:00,29.5,45,0.0,9.7,0.0
2025-04-30 01:00:00,28.8,48,0.0,9.6,0.0
2025-04-30 02:00:00,27.8,52,0.0,8.7,0.0
2025-04-30 03:00:00,26.8,62,0.0,8.1,0.0
2025-04-30 04:00:00,26.1,71,0.0,6.2,0.0
2025-04-30 05:00:00,25.6,76,0.0,4.4,0.0
2025-04-30 06:00:00,26.9,60,0.0,8.4,18.0
2025-04-30 07:00:00,28.4,60,0.0,8.6,167.0
2025-04-30 08:00:00,30.6,52,0.0,6.8,391.0
2025-04-30 09:00:00,32.7,43,0.0,6.9,608.0
2025-04-30 10:00:00,34.5,37,0.0,8.7,787.0
2025-04-30 11:00:00,36.1,32,0.0,9.0,908.0
2025-04-30 12:00:00,37.3,27,0.0,9.0,933.0
2025-04-30 13:00:00,38.1,24,0.0,9.2,815.0
2025-04-30 14:00:00,38.4,20,0.0,7.5,708.0
2025-04-30 15:00:00,38.0,20,0.0,8.1,575.0
2025-04-30 16:00:00,37.6,20,0.0,10.9,431.0
2025-04-30 17:00:00,37.2,19,0.0,10.3,228.0
2025-04-30 18:00:00,35.7,24,0.0,4.9,63.0
2025-04-30 19:00:00,33.5,33,0.0,8.5,0.0
2025-04-30 20:00:00,32.9,34,0.0,8.5,0.0
2025-04-30 21:00:00,32.2,36,0.0,8.8,0.0
2025-04-30 22:00:00,30.9,40,0.0,9.4,0.0
2025-04-30 23:00:00,29.0,54,0.0,12.2,0.0
2025-05-01 00:00:00,27.6,70,0.0,11.9,0.0
2025-05-01 01:00:00,27.0,74,0.0,10.1,0.0
2025-05-01 02:00:00,26.2,78,0.0,8.7,0.0
2025-05-01 03:00:00,25.6,82,0.0,7.9,0.0
2025-05-01 04:00:00,25.2,84,0.0,6.5,0.0
2025-05-01 05:00:00,25.3,83,0.0,5.1,0.0
2025-05-01 06:00:00,25.6,78,0.0,6.1,19.0
2025-05-01 07:00:00,26.8,72,0.0,6.1,168.0
2025-05-01 08:00:00,29.0,61,0.0,6.5,386.0
2025-05-01 09:00:00,31.2,52,0.0,7.9,606.0
2025-05-01 10:00:00,33.3,45,0.0,8.6,786.0
2025-05-01 11:00:00,35.2,38,0.0,9.0,911.0
2025-05-01 12:00:00,36.7,31,0.0,8.4,961.0
2025-05-01 13:00:00,37.6,27,0.0,4.2,899.0
2025-05-01 14:00:00,37.7,25,0.0,1.5,595.0
2025-05-01 15:00:00,37.9,23,0.0,2.2,597.0
2025-05-01 16:00:00,37.5,23,0.0,3.9,457.0
2025-05-01 17:00:00,36.8,23,0.0,2.1,221.0
2025-05-01 18:00:00,34.5,33,0.0,9.2,58.0
2025-05-01 19:00:00,34.2,34,0.0,6.2,0.0
2025-05-01 20:00:00,33.7,35,0.0,6.6,0.0
2025-05-01 21:00:00,32.6,40,0.0,8.3,0.0
2025-05-01 22:00:00,32.0,42,0.0,9.0,0.0
2025-05-01 23:00:00,31.2,43,0.0,10.4,0.0
2025-05-02 00:00:00,29.3,53,0.0,8.9,0.0
2025-05-02 01:00:00,28.1,64,0.0,9.0,0.0
2025-05-02 02:00:00,27.3,71,0.0,7.4,0.0
2025-05-02 03:00:00,26.7,75,0.0,6.9,0.0
2025-05-02 04:00:00,26.2,77,0.0,6.7,0.0
2025-05-02 05:00:00,25.8,79,0.0,5.8,0.0
2025-05-02 06:00:00,25.5,83,0.0,9.4,14.0
2025-05-02 07:00:00,26.5,78,0.0,7.1,154.0
2025-05-02 08:00:00,28.6,67,0.0,5.7,309.0
2025-05-02 09:00:00,31.5,52,0.0,8.3,578.0
2025-05-02 10:00:00,33.9,42,0.0,8.4,785.0
2025-05-02 11:00:00,35.6,34,0.0,7.9,910.0
2025-05-02 12:00:00,36.8,28,0.0,6.3,896.0
2025-05-02 13:00:00,37.9,21,0.0,3.8,827.0
2025-05-02 14:00:00,38.7,18,0.0,5.7,764.0
2025-05-02 15:00:00,38.5,18,0.0,11.0,658.0
2025-05-02 16:00:00,37.8,17,0.0,12.6,462.0
2025-05-02 17:00:00,37.1,18,0.0,11.9,265.0
2025-05-02 18:00:00,36.6,20,0.0,8.3,63.0
2025-05-02 19:00:00,35.8,22,0.0,3.0,0.0
2025-05-02 20:00:00,34.6,25,0.0,4.6,0.0
2025-05-02 21:00:00,33.3,29,0.0,6.4,0.0
2025-05-02 22:00:00,31.2,42,0.0,11.4,0.0
2025-05-02 23:00:00,30.0,50,0.0,9.4,0.0
2025-05-03 00:00:00,29.0,56,0.0,6.0,0.0
2025-05-03 01:00:00,28.3,61,0.0,7.1,0.0
2025-05-03 02:00:00,27.7,66,0.0,5.9,0.0
2025-05-03 03:00:00,27.2,68,0.0,5.9,0.0
2025-05-03 04:00:00,26.9,66,0.0,7.3,0.0
2025-05-03 05:00:00,27.1,66,0.0,12.1,0.0
2025-05-03 06:00:00,26.2,72,0.0,6.6,20.0
2025-05-03 07:00:00,27.8,61,0.0,9.2,170.0
2025-05-03 08:00:00,29.8,51,0.0,12.0,393.0
2025-05-03 09:00:00,32.0,44,0.0,11.7,611.0
2025-05-03 10:00:00,34.2,37,0.0,11.2,790.0
2025-05-03 11:00:00,36.1,29,0.0,10.0,911.0
2025-05-03 12:00:00,37.4,24,0.0,9.2,956.0
2025-05-03 13:00:00,37.9,22,0.0,9.0,790.0
2025-05-03 14:00:00,38.6,20,0.0,9.7,807.0
2025-05-03 15:00:00,38.4,18,0.0,9.3,628.0
2025-05-03 16:00:00,38.2,16,0.0,7.2,468.0
2025-05-03 17:00:00,38.1,16,0.0,3.4,267.0
2025-05-03 18:00:00,35.5,21,0.0,7.7,67.0
2025-05-03 19:00:00,33.6,27,0.0,8.9,0.0
2025-05-03 20:00:00,32.4,32,0.0,9.1,0.0
2025-05-03 21:00:00,31.4,36,0.0,8.7,0.0
2025-05-03 22:00:00,31.5,34,0.0,8.1,0.0
2025-05-03 23:00:00,31.0,35,0.0,7.2,0.0
2025-05-04 00:00:00,30.2,37,0.0,7.7,0.0
2025-05-04 01:00:00,29.7,38,0.0,6.9,0.0
2025-05-04 02:00:00,28.9,39,0.0,4.8,0.0
2025-05-04 03:00:00,28.3,41,0.0,10.4,0.0
2025-05-04 04:00:00,28.5,41,0.0,8.2,0.0
2025-05-04 05:00:00,27.2,48,0.0,2.4,0.0
2025-05-04 06:00:00,26.6,60,0.0,3.2,20.0
2025-05-04 07:00:00,27.8,57,0.0,2.3,173.0
2025-05-04 08:00:00,30.1,45,0.0,1.8,399.0
2025-05-04 09:00:00,32.7,33,0.0,5.0,619.0
2025-05-04 10:00:00,34.7,26,0.0,5.2,801.0
2025-05-04 11:00:00,36.3,23,0.0,5.4,926.0
2025-05-04 12:00:00,37.4,20,0.0,6.9,978.0
2025-05-04 13:00:00,38.1,18,0.0,7.3,916.0
2025-05-04 14:00:00,38.5,17,0.0,4.9,822.0
2025-05-04 15:00:00,37.2,19,0.0,4.6,636.0
2025-05-04 16:00:00,37.4,18,0.0,3.1,489.0
2025-05-04 17:00:00,37.0,16,0.0,7.6,248.0
2025-05-04 18:00:00,31.0,43,0.0,14.2,64.0
2025-05-04 19:00:00,29.7,48,0.0,14.5,0.0
2025-05-04 20:00:00,27.9,56,0.0,13.7,0.0
2025-05-04 21:00:00,27.2,60,0.0,9.1,0.0
2025-05-04 22:00:00,26.7,62,0.0,6.2,0.0
2025-05-04 23:00:00,26.1,65,0.0,4.7,0.0
2025-05-05 00:00:00,25.8,67,0.0,5.1,0.0
2025-05-05 01:00:00,25.3,70,0.0,6.3,0.0
2025-05-05 02:00:00,24.8,73,0.0,6.1,0.0
2025-05-05 03:00:00,24.4,76,0.0,7.1,0.0
2025-05-05 04:00:00,24.0,77,0.0,10.6,0.0
2025-05-05 05:00:00,23.9,75,0.0,7.6,0.0
2025-05-05 06:00:00,24.7,82,0.0,7.4,21.0
2025-05-05 07:00:00,26.3,73,0.0,7.9,177.0
2025-05-05 08:00:00,28.7,61,0.0,7.2,402.0
2025-05-05 09:00:00,31.7,45,0.0,8.1,621.0
2025-05-05 10:00:00,33.9,34,0.0,6.6,803.0
2025-05-05 11:00:00,35.6,28,0.0,5.8,926.0
2025-05-05 12:00:00,36.9,21,0.0,6.2,918.0
2025-05-05 13:00:00,37.5,19,0.0,8.2,849.0
2025-05-05 14:00:00,37.4,19,0.0,10.2,761.0
2025-05-05 15:00:00,37.4,18,0.0,10.0,662.0
2025-05-05 16:00:00,37.2,18,0.0,9.0,473.0
2025-05-05 17:00:00,36.7,18,0.0,9.9,259.0
2025-05-05 18:00:00,35.9,19,0.0,6.7,68.0
2025-05-05 19:00:00,34.8,21,0.0,4.5,0.0
2025-05-05 20:00:00,33.8,24,0.0,6.0,0.0
2025-05-05 21:00:00,33.5,26,0.0,6.3,0.0
2025-05-05 22:00:00,32.8,27,0.0,5.2,0.0
2025-05-05 23:00:00,31.2,31,0.0,7.5,0.0
2025-05-06 00:00:00,29.7,39,0.0,6.3,0.0
2025-05-06 01:00:00,28.6,44,0.0,6.2,0.0
2025-05-06 02:00:00,27.8,49,0.0,7.2,0.0
2025-05-06 03:00:00,27.2,52,0.0,9.2,0.0
2025-05-06 04:00:00,26.3,58,0.0,6.5,0.0
2025-05-06 05:00:00,25.8,64,0.0,6.9,0.0
2025-05-06 06:00:00,24.9,72,0.0,3.5,15.0
2025-05-06 07:00:00,26.5,65,0.0,3.1,169.0
2025-05-06 08:00:00,28.6,55,0.0,5.0,377.0
2025-05-06 09:00:00,30.8,45,0.0,4.4,606.0
2025-05-06 10:00:00,33.0,35,0.0,4.0,785.0
2025-05-06 11:00:00,34.8,28,0.0,3.0,906.0
2025-05-06 12:00:00,36.1,24,0.0,2.1,954.0
2025-05-06 13:00:00,36.6,22,0.0,1.3,826.0
2025-05-06 14:00:00,36.8,20,0.0,2.4,683.0
2025-05-06 15:00:00,36.7,20,0.0,6.6,568.0
2025-05-06 16:00:00,36.1,22,0.0,6.8,417.0
2025-05-06 17:00:00,35.3,24,0.0,7.0,234.0
2025-05-06 18:00:00,33.9,28,0.0,4.6,63.0
2025-05-06 19:00:00,33.0,29,0.0,3.8,0.0
2025-05-06 20:00:00,32.3,31,0.0,2.3,0.0
2025-05-06 21:00:00,31.8,33,0.0,4.8,0.0
2025-05-06 22:00:00,30.8,37,0.0,5.0,0.0
2025-05-06 23:00:00,29.5,42,0.0,7.0,0.0
2025-05-07 00:00:00,29.0,46,0.0,8.4,0.0
2025-05-07 01:00:00,28.7,48,0.0,7.6,0.0
2025-05-07 02:00:00,28.1,50,0.0,6.5,0.0
2025-05-07 03:00:00,27.5,52,0.0,5.8,0.0
2025-05-07 04:00:00,26.9,56,0.0,5.4,0.0
2025-05-07 05:00:00,24.8,60,0.8,9.7,0.0
2025-05-07 06:00:00,25.5,62,0.0,7.5,21.0
2025-05-07 07:00:00,26.8,54,0.0,7.0,140.0
2025-05-07 08:00:00,29.0,41,0.0,6.4,391.0
2025-05-07 09:00:00,30.6,38,0.0,2.7,612.0
2025-05-07 10:00:00,32.2,34,0.0,1.4,791.0
2025-05-07 11:00:00,33.7,30,0.0,2.7,915.0
2025-05-07 12:00:00,35.0,27,0.0,4.5,968.0
2025-05-07 13:00:00,35.9,25,0.0,7.6,946.0
2025-05-07 14:00:00,36.0,25,0.0,10.7,809.0
2025-05-07 15:00:00,35.7,24,0.0,11.3,643.0
2025-05-07 16:00:00,35.2,24,0.0,10.3,432.0
2025-05-07 17:00:00,34.6,24,0.0,11.9,227.0
2025-05-07 18:00:00,33.9,25,0.0,7.7,61.0
2025-05-07 19:00:00,33.6,27,0.0,7.5,0.0
2025-05-07 20:00:00,32.6,31,0.0,9.2,0.0
2025-05-07 21:00:00,31.6,34,0.0,10.5,0.0
2025-05-07 22:00:00,31.5,32,0.0,7.0,0.0
2025-05-07 23:00:00,31.0,33,0.0,6.6,0.0
2025-05-08 00:00:00,30.0,35,0.0,8.3,0.0
2025-05-08 01:00:00,28.9,39,0.0,9.4,0.0
2025-05-08 02:00:00,28.1,43,0.0,8.3,0.0
2025-05-08 03:00:00,27.3,49,0.0,5.9,0.0
2025-05-08 04:00:00,26.6,48,0.0,8.1,0.0
2025-05-08 05:00:00,26.8,46,0.0,4.8,0.0
2025-05-08 06:00:00,26.4,52,0.0,4.1,22.0
2025-05-08 07:00:00,27.6,48,0.0,6.7,176.0
2025-05-08 08:00:00,29.2,43,0.0,7.8,384.0
2025-05-08 09:00:00,30.8,38,0.0,6.9,594.0
2025-05-08 10:00:00,32.3,34,0.0,6.0,769.0
2025-05-08 11:00:00,33.3,32,0.0,5.4,801.0
2025-05-08 12:00:00,34.3,29,0.0,4.3,866.0
2025-05-08 13:00:00,35.2,26,0.0,5.6,837.0
2025-05-08 14:00:00,35.1,26,0.0,6.9,725.0
2025-05-08 15:00:00,34.9,27,0.0,7.3,589.0
2025-05-08 16:00:00,34.6,28,0.0,8.7,425.0
2025-05-08 17:00:00,34.0,28,0.0,9.9,251.0
2025-05-08 18:00:00,33.7,27,0.0,3.7,60.0
2025-05-08 19:00:00,33.3,27,0.0,4.8,0.0
2025-05-08 20:00:00,31.9,33,0.0,9.8,0.0
2025-05-08 21:00:00,31.2,35,0.0,7.2,0.0
2025-05-08 22:00:00,30.3,37,0.0,6.2,0.0
2025-05-08 23:00:00,29.3,39,0.0,9.0,0.0
2025-05-09 00:00:00,27.9,48,0.0,7.7,0.0
2025-05-09 01:00:00,26.9,55,0.0,5.9,0.0
2025-05-09 02:00:00,26.3,59,0.0,5.6,0.0
2025-05-09 03:00:00,26.0,61,0.0,6.0,0.0
2025-05-09 04:00:00,25.3,64,0.0,12.8,0.0
2025-05-09 05:00:00,25.1,62,0.0,9.5,0.0
2025-05-09 06:00:00,25.1,69,0.0,6.2,23.0
2025-05-09 07:00:00,26.7,59,0.0,7.5,177.0
2025-05-09 08:00:00,29.0,46,0.0,10.3,397.0
2025-05-09 09:00:00,30.8,38,0.0,10.9,612.0
2025-05-09 10:00:00,32.4,34,0.0,9.8,791.0
2025-05-09 11:00:00,33.8,30,0.0,7.4,912.0
2025-05-09 12:00:00,34.7,27,0.0,6.7,872.0
2025-05-09 13:00:00,35.5,26,0.0,9.1,902.0
2025-05-09 14:00:00,35.6,26,0.0,10.1,797.0
2025-05-09 15:00:00,35.5,27,0.0,9.2,651.0
2025-05-09 16:00:00,35.2,26,0.0,9.2,442.0
2025-05-09 17:00:00,34.6,27,0.0,8.9,233.0
2025-05-09 18:00:00,34.1,26,0.0,2.3,57.0
2025-05-09 19:00:00,33.3,28,0.0,2.5,0.0
2025-05-09 20:00:00,33.0,29,0.0,2.4,0.0
2025-05-09 21:00:00,32.5,31,0.0,4.4,0.0
2025-05-09 22:00:00,31.9,34,0.0,5.4,0.0
2025-05-09 23:00:00,30.9,37,0.0,6.8,0.0
2025-05-10 00:00:00,30.2,39,0.0,8.6,0.0
2025-05-10 01:00:00,29.6,41,0.0,7.4,0.0
2025-05-10 02:00:00,28.5,46,0.0,7.3,0.0
2025-05-10 03:00:00,27.7,51,0.0,5.7,0.0
2025-05-10 04:00:00,27.2,56,0.0,5.1,0.0
2025-05-10 05:00:00,26.7,61,0.0,3.5,0.0
2025-05-10 06:00:00,26.8,59,0.0,6.7,22.0
2025-05-10 07:00:00,28.0,49,0.0,7.8,176.0
2025-05-10 08:00:00,30.0,42,0.0,10.0,383.0
2025-05-10 09:00:00,31.8,37,0.0,9.7,609.0
2025-05-10 10:00:00,33.5,31,0.0,6.4,786.0
2025-05-10 11:00:00,34.6,29,0.0,5.5,869.0
2025-05-10 12:00:00,35.3,27,0.0,4.9,802.0
2025-05-10 13:00:00,36.5,26,0.0,5.2,882.0
2025-05-10 14:00:00,36.4,26,0.0,6.2,693.0
2025-05-10 15:00:00,36.0,27,0.0,6.6,575.0
2025-05-10 16:00:00,35.7,28,0.0,7.2,456.0
2025-05-10 17:00:00,34.8,30,0.0,8.4,236.0
2025-05-10 18:00:00,34.6,28,0.0,2.7,68.0
2025-05-10 19:00:00,33.5,31,0.0,5.1,0.0
2025-05-10 20:00:00,33.2,32,0.0,4.8,0.0
2025-05-10 21:00:00,32.1,39,0.0,8.3,0.0
2025-05-10 22:00:00,30.4,46,0.0,7.2,0.0
2025-05-10 23:00:00,29.3,50,0.0,5.4,0.0
2025-05-11 00:00:00,28.8,53,0.0,6.4,0.0
2025-05-11 01:00:00,28.6,55,0.0,5.8,0.0
2025-05-11 02:00:00,28.3,56,0.0,4.1,0.0
2025-05-11 03:00:00,28.0,56,0.0,3.3,0.0
2025-05-11 04:00:00,27.7,57,0.0,3.2,0.0
2025-05-11 05:00:00,27.4,59,0.0,2.9,0.0
2025-05-11 06:00:00,27.4,60,0.0,5.7,18.0
2025-05-11 07:00:00,28.7,49,0.0,8.7,177.0
2025-05-11 08:00:00,30.7,43,0.0,10.4,393.0
2025-05-11 09:00:00,32.5,38,0.0,9.6,607.0
2025-05-11 10:00:00,34.4,31,0.0,6.5,783.0
2025-05-11 11:00:00,35.6,28,0.0,6.9,866.0
2025-05-11 12:00:00,36.9,26,0.0,6.7,928.0
2025-05-11 13:00:00,37.6,25,0.0,6.8,902.0
2025-05-11 14:00:00,37.4,26,0.0,6.6,765.0
2025-05-11 15:00:00,37.1,27,0.0,7.6,616.0
2025-05-11 16:00:00,36.5,28,0.0,8.0,398.0
2025-05-11 17:00:00,35.8,29,0.0,10.2,243.0
2025-05-11 18:00:00,35.4,28,0.0,5.9,66.0
2025-05-11 19:00:00,34.2,32,0.1,5.6,0.0
2025-05-11 20:00:00,32.8,40,0.1,7.2,0.0
2025-05-11 21:00:00,31.4,46,0.0,7.4,0.0
2025-05-11 22:00:00,30.3,50,0.0,6.0,0.0
2025-05-11 23:00:00,29.5,52,0.0,5.1,0.0
2025-05-12 00:00:00,29.1,53,0.0,4.6,0.0
2025-05-12 01:00:00,29.4,52,0.0,6.5,0.0
2025-05-12 02:00:00,28.3,54,0.0,12.6,0.0
2025-05-12 03:00:00,27.3,58,0.0,7.0,0.0
2025-05-12 04:00:00,26.8,61,0.0,5.7,0.0
2025-05-12 05:00:00,26.3,63,0.0,5.2,0.0
2025-05-12 06:00:00,27.6,59,0.0,7.3,21.0
2025-05-12 07:00:00,28.8,54,0.0,8.0,175.0
2025-05-12 08:00:00,30.5,47,0.0,8.9,387.0
2025-05-12 09:00:00,32.3,41,0.0,9.9,601.0
2025-05-12 10:00:00,33.8,37,0.0,10.2,779.0
2025-05-12 11:00:00,35.2,34,0.0,9.2,892.0
2025-05-12 12:00:00,36.3,32,0.0,7.9,938.0
2025-05-12 13:00:00,36.9,30,0.0,7.9,902.0
2025-05-12 14:00:00,37.0,30,0.0,8.5,757.0
2025-05-12 15:00:00,36.7,31,0.0,7.5,610.0
2025-05-12 16:00:00,35.6,33,0.0,6.5,299.0
2025-05-12 17:00:00,35.2,34,0.0,7.0,214.0
2025-05-12 18:00:00,34.2,36,0.0,8.1,70.0
2025-05-12 19:00:00,34.0,36,0.0,5.7,0.0
2025-05-12 20:00:00,34.0,36,0.0,4.3,0.0
2025-05-12 21:00:00,33.3,38,0.0,5.1,0.0
2025-05-12 22:00:00,32.3,42,0.0,5.9,0.0
2025-05-12 23:00:00,31.1,46,0.0,8.2,0.0
2025-05-13 00:00:00,29.1,53,0.0,6.9,0.0
2025-05-13 01:00:00,27.4,61,0.0,11.9,0.0
2025-05-13 02:00:00,26.7,63,0.0,7.6,0.0
2025-05-13 03:00:00,26.4,65,0.0,5.9,0.0
2025-05-13 04:00:00,26.1,66,0.0,4.5,0.0
2025-05-13 05:00:00,26.1,66,0.0,4.2,0.0
2025-05-13 06:00:00,26.6,70,0.0,8.6,15.0
2025-05-13 07:00:00,27.4,66,0.0,8.3,168.0
2025-05-13 08:00:00,29.2,59,0.0,7.4,377.0
2025-05-13 09:00:00,31.2,51,0.0,6.8,596.0
2025-05-13 10:00:00,33.0,42,0.0,4.3,774.0
2025-05-13 11:00:00,34.5,37,0.0,2.4,875.0
2025-05-13 12:00:00,35.7,34,0.0,3.4,929.0
2025-05-13 13:00:00,36.3,32,0.0,4.0,806.0
2025-05-13 14:00:00,36.5,32,0.0,5.9,726.0
2025-05-13 15:00:00,36.3,32,0.0,7.7,470.0
2025-05-13 16:00:00,35.2,34,0.0,2.9,294.0
2025-05-13 17:00:00,34.6,36,0.0,6.0,238.0
2025-05-13 18:00:00,33.7,40,0.0,1.0,66.0
2025-05-13 19:00:00,32.7,45,0.0,2.9,0.0
2025-05-13 20:00:00,32.2,48,0.0,4.7,0.0
2025-05-13 21:00:00,31.6,49,0.0,5.6,0.0
2025-05-13 22:00:00,31.4,47,0.0,5.8,0.0
2025-05-13 23:00:00,30.1,50,0.0,11.7,0.0
2025-05-14 00:00:00,27.3,61,0.1,12.2,0.0
2025-05-14 01:00:00,26.2,69,0.0,10.4,0.0
2025-05-14 02:00:00,25.8,71,0.0,8.0,0.0
2025-05-14 03:00:00,25.6,72,0.0,7.2,0.0
2025-05-14 04:00:00,25.5,73,0.0,6.6,0.0
2025-05-14 05:00:00,25.5,73,0.0,5.6,0.0
2025-05-14 06:00:00,25.7,77,0.0,5.2,24.0
2025-05-14 07:00:00,27.1,67,0.0,6.3,176.0
2025-05-14 08:00:00,29.1,56,0.0,5.2,390.0
2025-05-14 09:00:00,31.0,48,0.0,3.5,602.0
2025-05-14 10:00:00,32.6,42,0.0,2.8,764.0
2025-05-14 11:00:00,34.1,38,0.0,1.6,870.0
2025-05-14 12:00:00,35.5,35,0.0,2.2,905.0
2025-05-14 13:00:00,36.6,32,0.0,3.1,898.0
2025-05-14 14:00:00,36.9,31,0.0,4.1,727.0
2025-05-14 15:00:00,36.3,32,0.0,6.7,495.0
2025-05-14 16:00:00,35.2,34,0.0,3.8,252.0
2025-05-14 17:00:00,34.4,37,0.1,1.3,167.0
2025-05-14 18:00:00,33.9,37,0.0,4.3,40.0
2025-05-14 19:00:00,32.9,41,0.0,4.0,0.0
2025-05-14 20:00:00,31.9,46,0.0,6.4,0.0
2025-05-14 21:00:00,31.9,47,0.0,3.1,0.0
2025-05-14 22:00:00,30.9,51,0.0,4.8,0.0
2025-05-14 23:00:00,29.6,57,0.0,6.1,0.0
2025-05-15 00:00:00,29.1,59,0.0,4.2,0.0
2025-05-15 01:00:00,28.4,63,0.0,3.4,0.0
2025-05-15 02:00:00,27.7,67,0.1,2.7,0.0
2025-05-15 03:00:00,25.0,77,1.0,8.3,0.0
2025-05-15 04:00:00,24.8,79,1.4,3.4,0.0
2025-05-15 05:00:00,24.3,86,1.6,2.3,0.0
2025-05-15 06:00:00,22.8,94,6.1,10.4,16.0
2025-05-15 07:00:00,24.0,92,1.0,5.0,53.0
2025-05-15 08:00:00,25.4,83,0.2,8.5,266.0
2025-05-15 09:00:00,27.9,67,0.0,9.3,592.0
2025-05-15 10:00:00,30.0,57,0.0,8.3,770.0
2025-05-15 11:00:00,31.3,52,0.0,6.8,884.0
2025-05-15 12:00:00,32.3,49,0.0,5.6,924.0
2025-05-15 13:00:00,33.1,47,0.0,2.9,898.0
2025-05-15 14:00:00,33.6,45,0.0,0.7,791.0
2025-05-15 15:00:00,33.6,45,0.0,3.1,580.0
2025-05-15 16:00:00,32.8,45,0.1,5.6,405.0
2025-05-15 17:00:00,32.5,46,0.0,1.4,214.0
2025-05-15 18:00:00,32.3,45,0.0,5.9,66.0
2025-05-15 19:00:00,31.4,49,0.0,7.1,1.0
2025-05-15 20:00:00,30.8,51,0.0,6.2,0.0
2025-05-15 21:00:00,30.4,53,0.0,4.7,0.0
2025-05-15 22:00:00,29.8,55,0.0,3.8,0.0
2025-05-15 23:00:00,29.5,56,0.0,4.5,0.0
2025-05-16 00:00:00,28.6,62,0.0,7.7,0.0
2025-05-16 01:00:00,26.6,65,0.0,9.9,0.0
2025-05-16 02:00:00,25.7,71,0.0,6.5,0.0
2025-05-16 03:00:00,25.4,75,0.0,6.6,0.0
2025-05-16 04:00:00,25.4,75,0.0,3.2,0.0
2025-05-16 05:00:00,25.3,75,0.0,2.0,0.0
2025-05-16 06:00:00,25.0,83,0.0,2.9,16.0
2025-05-16 07:00:00,26.0,77,0.0,2.5,136.0
2025-05-16 08:00:00,27.4,70,0.0,2.9,237.0
2025-05-16 09:00:00,29.4,59,0.0,1.9,457.0
2025-05-16 10:00:00,30.5,53,0.0,1.4,427.0
2025-05-16 11:00:00,31.8,48,0.0,1.1,484.0
2025-05-16 12:00:00,33.4,42,0.0,1.5,708.0
2025-05-16 13:00:00,34.7,38,0.0,3.3,811.0
2025-05-16 14:00:00,35.5,36,0.0,2.8,738.0
2025-05-16 15:00:00,35.0,36,0.1,3.2,631.0
2025-05-16 16:00:00,33.8,40,0.2,3.6,414.0
2025-05-16 17:00:00,33.8,40,0.0,1.6,252.0
2025-05-16 18:00:00,32.6,45,0.0,6.8,73.0
2025-05-16 19:00:00,31.9,48,0.0,7.1,1.0
2025-05-16 20:00:00,31.3,50,0.0,6.9,0.0
2025-05-16 21:00:00,30.5,53,0.0,7.0,0.0
2025-05-16 22:00:00,29.6,58,0.0,8.4,0.0
2025-05-16 23:00:00,28.8,61,0.0,6.7,0.0
2025-05-17 00:00:00,28.2,64,0.0,7.3,0.0
2025-05-17 01:00:00,27.6,66,0.0,7.3,0.0
2025-05-17 02:00:00,27.2,68,0.0,6.4,0.0
2025-05-17 03:00:00,26.8,71,0.0,5.6,0.0
2025-05-17 04:00:00,26.4,73,0.0,2.2,0.0
2025-05-17 05:00:00,26.1,74,0.0,4.8,0.0
2025-05-17 06:00:00,26.2,72,0.0,3.1,26.0
2025-05-17 07:00:00,27.0,68,0.0,3.5,165.0
2025-05-17 08:00:00,28.4,61,0.0,4.0,363.0
2025-05-17 09:00:00,29.8,56,0.0,4.3,564.0
2025-05-17 10:00:00,31.2,52,0.0,3.5,719.0
2025-05-17 11:00:00,32.7,47,0.0,3.3,889.0
2025-05-17 12:00:00,34.0,43,0.0,4.4,945.0
2025-05-17 13:00:00,34.9,40,0.0,6.5,884.0
2025-05-17 14:00:00,34.8,40,0.0,8.3,745.0
2025-05-17 15:00:00,34.7,40,0.0,7.9,519.0
2025-05-17 16:00:00,33.0,44,0.3,9.9,340.0
2025-05-17 17:00:00,32.4,47,0.2,7.6,167.0
2025-05-17 18:00:00,32.5,47,0.1,4.8,72.0
2025-05-17 19:00:00,31.8,51,0.0,5.9,0.0
2025-05-17 20:00:00,31.3,54,0.0,3.6,0.0
2025-05-17 21:00:00,30.3,58,0.0,3.9,0.0
2025-05-17 22:00:00,29.3,63,0.0,1.3,0.0
2025-05-17 23:00:00,28.6,68,0.0,4.4,0.0
2025-05-18 00:00:00,28.3,68,0.0,4.0,0.0
2025-05-18 01:00:00,27.4,73,0.0,4.2,0.0
2025-05-18 02:00:00,26.3,76,0.0,8.3,0.0
2025-05-18 03:00:00,25.8,74,0.0,7.3,0.0
2025-05-18 04:00:00,25.3,75,0.0,8.0,0.0
2025-05-18 05:00:00,25.0,77,0.0,7.3,0.0
2025-05-18 06:00:00,25.1,79,0.0,8.0,25.0
2025-05-18 07:00:00,26.2,74,0.0,7.0,165.0
2025-05-18 08:00:00,28.1,65,0.0,6.1,359.0
2025-05-18 09:00:00,30.3,55,0.0,5.6,584.0
2025-05-18 10:00:00,31.9,49,0.0,3.3,749.0
2025-05-18 11:00:00,33.0,45,0.1,3.3,748.0
2025-05-18 12:00:00,34.4,41,0.0,3.9,869.0
2025-05-18 13:00:00,35.2,39,0.0,5.1,832.0
2025-05-18 14:00:00,35.1,39,0.1,5.7,725.0
2025-05-18 15:00:00,34.3,41,0.2,4.9,573.0
2025-05-18 16:00:00,34.1,41,0.1,5.9,285.0
2025-05-18 17:00:00,32.7,47,0.3,10.9,196.0
2025-05-18 18:00:00,28.5,68,0.3,0.3,11.0
2025-05-18 19:00:00,29.1,67,0.0,1.9,0.0
2025-05-18 20:00:00,29.1,66,0.0,0.4,0.0
2025-05-18 21:00:00,28.3,70,0.4,2.7,0.0
2025-05-18 22:00:00,28.2,73,0.0,3.2,0.0
2025-05-18 23:00:00,28.1,75,0.0,2.9,0.0
2025-05-19 00:00:00,23.6,92,6.2,14.7,0.0
2025-05-19 01:00:00,24.0,92,0.0,1.0,0.0
2025-05-19 02:00:00,24.1,91,0.1,0.9,0.0
2025-05-19 03:00:00,24.3,91,0.0,3.0,0.0
2025-05-19 04:00:00,24.6,90,0.0,3.9,0.0
2025-05-19 05:00:00,23.8,93,1.7,1.6,0.0
2025-05-19 06:00:00,25.4,85,0.2,2.9,14.0
2025-05-19 07:00:00,25.9,82,0.1,3.2,90.0
2025-05-19 08:00:00,27.0,74,0.0,0.8,214.0
2025-05-19 09:00:00,29.5,62,0.0,2.7,541.0
2025-05-19 10:00:00,31.6,53,0.0,6.8,746.0
2025-05-19 11:00:00,33.2,46,0.0,9.2,842.0
2025-05-19 12:00:00,33.9,44,0.0,9.0,860.0
2025-05-19 13:00:00,34.0,44,0.0,10.8,785.0
2025-05-19 14:00:00,33.6,46,0.0,10.3,673.0
2025-05-19 15:00:00,33.4,46,0.0,9.4,580.0
2025-05-19 16:00:00,32.0,51,0.5,9.8,422.0
2025-05-19 17:00:00,31.8,53,0.0,9.5,165.0
2025-05-19 18:00:00,31.1,57,0.0,9.3,73.0
2025-05-19 19:00:00,30.4,61,0.0,7.2,1.0
2025-05-19 20:00:00,29.8,65,0.0,6.9,0.0
2025-05-19 21:00:00,29.1,69,0.0,6.0,0.0
2025-05-19 22:00:00,28.6,72,0.0,5.0,0.0
2025-05-19 23:00:00,28.2,74,0.0,3.8,0.0
2025-05-20 00:00:00,27.9,76,0.0,4.5,0.0
2025-05-20 01:00:00,27.5,78,0.0,4.4,0.0
2025-05-20 02:00:00,27.1,80,0.0,4.3,0.0
2025-05-20 03:00:00,26.6,83,0.1,3.9,0.0
2025-05-20 04:00:00,26.2,84,0.2,3.7,0.0
2025-05-20 05:00:00,25.7,86,0.2,3.1,0.0
2025-05-20 06:00:00,26.9,82,0.0,1.7,25.0
2025-05-20 07:00:00,27.9,76,0.0,1.9,174.0
2025-05-20 08:00:00,29.2,68,0.0,3.2,338.0
2025-05-20 09:00:00,30.6,60,0.1,3.4,574.0
2025-05-20 10:00:00,32.2,53,0.0,4.1,714.0
2025-05-20 11:00:00,33.6,47,0.0,6.8,846.0
2025-05-20 12:00:00,34.5,43,0.0,10.1,812.0
2025-05-20 13:00:00,34.1,45,0.1,10.0,692.0
2025-05-20 14:00:00,33.5,48,0.6,13.8,709.0
2025-05-20 15:00:00,31.1,59,0.6,6.1,383.0
2025-05-20 16:00:00,32.3,54,0.0,6.6,372.0
2025-05-20 17:00:00,31.8,55,0.0,6.9,161.0
2025-05-20 18:00:00,32.2,50,0.0,6.2,70.0
2025-05-20 19:00:00,31.3,55,0.0,7.8,1.0
2025-05-20 20:00:00,30.3,61,0.0,8.9,0.0
2025-05-20 21:00:00,29.3,68,0.0,9.4,0.0
2025-05-20 22:00:00,28.7,71,0.0,6.3,0.0
2025-05-20 23:00:00,28.1,73,0.0,8.2,0.0
2025-05-21 00:00:00,27.8,75,0.0,10.1,0.0
2025-05-21 01:00:00,25.3,83,0.3,7.2,0.0
2025-05-21 02:00:00,25.1,84,0.5,2.5,0.0
2025-05-21 03:00:00,24.9,87,0.5,2.2,0.0
2025-05-21 04:00:00,24.8,88,0.6,4.5,0.0
2025-05-21 05:00:00,24.6,93,1.2,3.6,0.0
2025-05-21 06:00:00,24.2,92,0.5,4.1,7.0
2025-05-21 07:00:00,24.8,89,0.1,2.8,52.0
2025-05-21 08:00:00,25.9,84,0.1,1.2,201.0
2025-05-21 09:00:00,26.8,80,0.1,3.6,268.0
2025-05-21 10:00:00,27.9,75,0.0,3.6,511.0
2025-05-21 11:00:00,28.7,71,0.1,4.0,662.0
2025-05-21 12:00:00,29.5,67,0.1,3.9,767.0
2025-05-21 13:00:00,30.2,67,0.1,2.9,759.0
2025-05-21 14:00:00,29.9,67,0.1,2.8,517.0
2025-05-21 15:00:00,30.2,66,0.1,3.1,532.0
2025-05-21 16:00:00,29.0,71,3.5,4.9,390.0
2025-05-21 17:00:00,26.6,79,1.8,1.2,176.0
2025-05-21 18:00:00,25.6,84,1.9,10.1,38.0
2025-05-21 19:00:00,24.1,92,6.7,9.2,0.0
2025-05-21 20:00:00,24.3,93,3.5,7.5,0.0
2025-05-21 21:00:00,24.1,94,1.2,7.3,0.0
2025-05-21 22:00:00,24.3,95,0.9,5.9,0.0
2025-05-21 23:00:00,24.5,92,0.6,5.2,0.0
2025-05-22 00:00:00,24.5,91,0.5,6.1,0.0
2025-05-22 01:00:00,24.2,93,0.8,8.1,0.0
2025-05-22 02:00:00,24.0,94,0.4,7.8,0.0
2025-05-22 03:00:00,23.9,95,0.3,5.9,0.0
2025-05-22 04:00:00,23.9,95,0.2,7.5,0.0
2025-05-22 05:00:00,23.8,94,0.1,9.3,0.0
2025-05-22 06:00:00,23.7,92,0.6,9.8,8.0
2025-05-22 07:00:00,24.0,91,0.3,8.3,55.0
2025-05-22 08:00:00,24.8,85,0.2,12.5,241.0
2025-05-22 09:00:00,26.2,78,0.1,11.2,356.0
2025-05-22 10:00:00,27.7,70,0.0,10.3,484.0
2025-05-22 11:00:00,29.0,64,0.0,9.5,566.0
2025-05-22 12:00:00,29.5,62,0.0,10.4,608.0
2025-05-22 13:00:00,30.1,61,0.1,9.6,798.0
2025-05-22 14:00:00,30.8,57,0.0,6.5,705.0
2025-05-22 15:00:00,30.4,58,0.0,9.4,506.0
2025-05-22 16:00:00,29.4,63,0.1,11.7,268.0
2025-05-22 17:00:00,27.7,74,1.4,5.6,166.0
2025-05-22 18:00:00,28.0,69,0.1,7.2,58.0
2025-05-22 19:00:00,27.2,74,0.0,6.2,1.0
2025-05-22 20:00:00,27.1,70,0.0,10.1,0.0
2025-05-22 21:00:00,26.3,73,0.0,11.6,0.0
2025-05-22 22:00:00,25.4,79,0.0,10.9,0.0
2025-05-22 23:00:00,25.0,83,0.2,8.9,0.0
2025-05-23 00:00:00,24.8,86,0.2,9.1,0.0
2025-05-23 01:00:00,24.7,85,0.0,8.6,0.0
2025-05-23 02:00:00,24.6,84,0.0,8.2,0.0
2025-05-23 03:00:00,24.6,83,0.0,8.3,0.0
2025-05-23 04:00:00,24.7,81,0.0,9.2,0.0
2025-05-23 05:00:00,24.5,81,0.0,9.3,0.0
2025-05-23 06:00:00,24.0,79,0.0,12.8,20.0
2025-05-23 07:00:00,24.6,78,0.0,11.2,107.0
2025-05-23 08:00:00,25.7,73,0.0,13.1,271.0
2025-05-23 09:00:00,27.4,67,0.0,12.6,524.0
2025-05-23 10:00:00,29.3,58,0.0,17.2,751.0
2025-05-23 11:00:00,30.3,54,0.0,14.7,741.0
2025-05-23 12:00:00,30.5,53,0.0,12.9,484.0
2025-05-23 13:00:00,31.5,51,0.1,13.5,764.0
2025-05-23 14:00:00,30.8,55,0.5,12.2,644.0
2025-05-23 15:00:00,30.8,54,0.0,9.8,433.0
2025-05-23 16:00:00,30.7,55,0.1,9.6,422.0
2025-05-23 17:00:00,30.4,59,0.1,5.4,236.0
2025-05-23 18:00:00,29.0,64,0.0,6.2,69.0
2025-05-23 19:00:00,28.4,69,0.0,2.8,1.0
2025-05-23 20:00:00,27.9,70,0.0,5.0,0.0
2025-05-23 21:00:00,27.3,70,0.0,8.2,0.0
2025-05-23 22:00:00,26.6,72,0.0,6.6,0.0
2025-05-23 23:00:00,25.7,78,0.0,5.2,0.0
2025-05-24 00:00:00,25.2,81,0.0,4.7,0.0
2025-05-24 01:00:00,25.1,82,0.0,7.6,0.0
2025-05-24 02:00:00,25.0,82,0.0,7.1,0.0
2025-05-24 03:00:00,24.7,83,0.0,6.8,0.0
2025-05-24 04:00:00,24.6,85,0.0,6.6,0.0
2025-05-24 05:00:00,24.5,83,0.0,7.4,0.0
2025-05-24 06:00:00,24.7,77,0.0,8.3,26.0
2025-05-24 07:00:00,25.3,75,0.0,7.3,171.0
2025-05-24 08:00:00,26.0,74,0.1,8.8,338.0
2025-05-24 09:00:00,26.2,72,0.0,9.4,220.0
2025-05-24 10:00:00,27.4,68,0.0,10.0,352.0
2025-05-24 11:00:00,28.8,62,0.0,8.5,454.0
2025-05-24 12:00:00,29.6,61,0.2,10.7,741.0
2025-05-24 13:00:00,30.1,61,0.0,8.1,723.0
2025-05-24 14:00:00,30.5,60,0.1,9.4,761.0
2025-05-24 15:00:00,31.1,58,0.0,6.9,647.0
2025-05-24 16:00:00,30.7,59,0.1,7.1,427.0
2025-05-24 17:00:00,29.6,63,0.1,10.2,246.0
2025-05-24 18:00:00,26.6,74,0.1,10.9,57.0
2025-05-24 19:00:00,26.2,78,0.0,5.6,0.0
2025-05-24 20:00:00,26.2,78,0.0,8.5,0.0
2025-05-24 21:00:00,26.1,80,0.4,10.6,0.0
2025-05-24 22:00:00,25.6,83,0.2,10.3,0.0
2025-05-24 23:00:00,24.9,88,0.3,8.1,0.0
2025-05-25 00:00:00,24.7,89,0.0,8.4,0.0
2025-05-25 01:00:00,24.5,87,0.0,9.2,0.0
2025-05-25 02:00:00,23.9,89,0.0,7.0,0.0
2025-05-25 03:00:00,23.5,90,0.0,8.9,0.0
2025-05-25 04:00:00,23.2,92,0.0,7.7,0.0
2025-05-25 05:00:00,23.2,92,0.0,7.9,0.0
2025-05-25 06:00:00,24.2,85,0.0,11.5,25.0
2025-05-25 07:00:00,24.9,83,0.0,10.6,145.0
2025-05-25 08:00:00,26.4,74,0.0,16.3,385.0
2025-05-25 09:00:00,27.9,68,0.0,14.7,555.0
2025-05-25 10:00:00,29.2,61,0.2,15.8,693.0
2025-05-25 11:00:00,29.9,59,0.2,15.1,801.0
2025-05-25 12:00:00,29.8,62,0.5,12.6,752.0
2025-05-25 13:00:00,29.6,61,0.5,14.2,759.0
2025-05-25 14:00:00,30.4,63,0.2,6.6,621.0
2025-05-25 15:00:00,28.2,72,1.0,8.6,584.0
2025-05-25 16:00:00,29.1,69,0.0,4.6,356.0
2025-05-25 17:00:00,29.3,68,0.0,4.6,171.0
2025-05-25 18:00:00,27.0,75,0.0,9.5,73.0
2025-05-25 19:00:00,26.3,77,0.0,7.7,1.0
2025-05-25 20:00:00,25.8,80,0.0,8.7,0.0
2025-05-25 21:00:00,25.3,84,0.0,8.6,0.0
2025-05-25 22:00:00,24.8,86,0.0,9.7,0.0
2025-05-25 23:00:00,24.6,88,0.0,9.5,0.0
2025-05-26 00:00:00,24.3,89,0.0,9.6,0.0
2025-05-26 01:00:00,24.0,91,0.0,8.6,0.0
2025-05-26 02:00:00,23.8,92,0.1,8.5,0.0
2025-05-26 03:00:00,23.8,91,0.0,9.7,0.0
2025-05-26 04:00:00,23.8,90,0.0,9.0,0.0
2025-05-26 05:00:00,24.0,89,0.0,7.5,0.0
2025-05-26 06:00:00,23.7,88,0.0,8.8,23.0
2025-05-26 07:00:00,24.2,85,0.0,9.7,96.0
2025-05-26 08:00:00,25.7,77,0.1,10.1,316.0
2025-05-26 09:00:00,26.9,72,0.1,6.9,475.0
2025-05-26 10:00:00,27.2,72,0.0,4.7,406.0
2025-05-26 11:00:00,27.7,70,0.0,1.5,420.0
2025-05-26 12:00:00,27.9,70,0.0,1.3,416.0
2025-05-26 13:00:00,27.8,71,0.0,1.4,284.0
2025-05-26 14:00:00,28.3,69,0.0,3.3,386.0
2025-05-26 15:00:00,28.7,69,0.3,4.6,601.0
2025-05-26 16:00:00,28.8,67,0.3,5.1,410.0
2025-05-26 17:00:00,28.2,69,0.1,5.8,162.0
2025-05-26 18:00:00,26.1,79,0.8,4.8,23.0
2025-05-26 19:00:00,25.6,82,0.2,6.9,0.0
2025-05-26 20:00:00,24.7,88,0.0,8.7,0.0
2025-05-26 21:00:00,24.4,89,0.0,9.3,0.0
2025-05-26 22:00:00,24.2,91,0.0,8.4,0.0
2025-05-26 23:00:00,24.0,93,0.0,8.6,0.0
2025-05-27 00:00:00,23.8,94,0.0,8.3,0.0
2025-05-27 01:00:00,23.6,95,0.0,9.9,0.0
2025-05-27 02:00:00,23.5,94,0.0,10.6,0.0
2025-05-27 03:00:00,23.5,93,0.0,10.3,0.0
2025-05-27 04:00:00,23.6,92,0.0,8.5,0.0
2025-05-27 05:00:00,23.4,93,0.0,9.2,0.0
2025-05-27 06:00:00,23.6,90,0.0,9.6,25.0
2025-05-27 07:00:00,24.2,86,0.0,12.1,164.0
2025-05-27 08:00:00,25.2,80,0.0,13.6,270.0
2025-05-27 09:00:00,26.0,76,0.0,12.0,295.0
2025-05-27 10:00:00,27.5,71,0.0,10.8,520.0
2025-05-27 11:00:00,28.9,66,0.0,9.8,687.0
2025-05-27 12:00:00,29.4,63,0.0,9.6,586.0
2025-05-27 13:00:00,30.5,61,0.0,10.5,844.0
2025-05-27 14:00:00,30.7,60,0.0,10.3,747.0
2025-05-27 15:00:00,26.1,84,0.9,14.8,277.0
2025-05-27 16:00:00,27.1,80,0.2,6.7,346.0
2025-05-27 17:00:00,27.6,78,0.0,6.2,216.0
2025-05-27 18:00:00,27.8,70,0.0,8.6,51.0
2025-05-27 19:00:00,26.9,74,0.0,10.2,1.0
2025-05-27 20:00:00,25.7,80,0.0,11.1,0.0
2025-05-27 21:00:00,25.0,83,0.1,9.9,0.0
2025-05-27 22:00:00,24.7,87,0.2,8.8,0.0
2025-05-27 23:00:00,24.4,89,0.1,8.7,0.0
2025-05-28 00:00:00,24.2,91,0.0,9.4,0.0
2025-05-28 01:00:00,24.1,91,0.0,10.6,0.0
2025-05-28 02:00:00,24.1,91,0.0,11.4,0.0
2025-05-28 03:00:00,24.0,92,0.0,13.0,0.0
2025-05-28 04:00:00,23.9,92,0.0,11.5,0.0
2025-05-28 05:00:00,23.9,92,0.0,12.1,0.0
2025-05-28 06:00:00,23.8,91,0.2,14.7,12.0
2025-05-28 07:00:00,23.8,91,0.5,13.2,38.0
2025-05-28 08:00:00,24.3,88,0.2,13.4,147.0
2025-05-28 09:00:00,25.2,81,0.1,16.2,261.0
2025-05-28 10:00:00,26.6,75,0.3,17.9,579.0
2025-05-28 11:00:00,27.7,70,0.1,15.5,678.0
2025-05-28 12:00:00,28.0,68,0.0,14.7,550.0
2025-05-28 13:00:00,28.0,68,0.0,13.9,534.0
2025-05-28 14:00:00,27.1,75,0.2,12.4,318.0
2025-05-28 15:00:00,26.7,78,0.1,10.5,261.0
2025-05-28 16:00:00,26.8,78,0.1,10.9,257.0
2025-05-28 17:00:00,26.2,81,0.0,7.8,53.0
2025-05-28 18:00:00,26.9,74,0.0,7.3,45.0
2025-05-28 19:00:00,25.8,80,0.0,9.5,0.0
2025-05-28 20:00:00,24.6,88,0.8,11.5,0.0
2025-05-28 21:00:00,24.0,93,0.7,12.3,0.0
2025-05-28 22:00:00,23.9,94,0.1,10.9,0.0
2025-05-28 23:00:00,23.9,94,0.1,10.5,0.0
2025-05-29 00:00:00,23.9,94,0.0,10.8,0.0
2025-05-29 01:00:00,23.8,95,0.0,11.0,0.0
2025-05-29 02:00:00,23.9,93,0.0,10.6,0.0
2025-05-29 03:00:00,23.9,93,0.1,10.4,0.0
2025-05-29 04:00:00,23.6,94,0.5,11.5,0.0
2025-05-29 05:00:00,23.5,94,0.1,11.7,0.0
2025-05-29 06:00:00,24.3,92,0.4,13.4,12.0
2025-05-29 07:00:00,24.7,91,0.2,13.3,124.0
2025-05-29 08:00:00,24.9,90,0.1,13.7,126.0
2025-05-29 09:00:00,25.0,89,0.2,10.8,97.0
2025-05-29 10:00:00,25.6,86,0.3,8.5,154.0
2025-05-29 11:00:00,26.3,85,0.5,7.4,192.0
2025-05-29 12:00:00,28.4,69,0.0,9.3,364.0
2025-05-29 13:00:00,29.4,64,0.0,10.4,341.0
2025-05-29 14:00:00,29.3,66,0.0,9.6,239.0
2025-05-29 15:00:00,30.3,61,0.0,9.1,347.0
2025-05-29 16:00:00,30.9,58,0.0,8.4,386.0
2025-05-29 17:00:00,30.4,64,0.0,3.2,166.0
2025-05-29 18:00:00,27.3,74,0.2,7.8,29.0
2025-05-29 19:00:00,26.4,78,0.5,8.5,1.0
2025-05-29 20:00:00,26.1,80,0.1,11.3,0.0
2025-05-29 21:00:00,25.6,79,0.1,12.4,0.0
2025-05-29 22:00:00,24.9,84,0.4,11.5,0.0
2025-05-29 23:00:00,24.6,89,0.8,13.4,0.0
2025-05-30 00:00:00,24.1,92,0.5,10.7,0.0
2025-05-30 01:00:00,23.7,92,0.1,12.2,0.0
2025-05-30 02:00:00,23.6,91,1.2,13.9,0.0
2025-05-30 03:00:00,23.8,90,0.0,13.8,0.0
2025-05-30 04:00:00,23.7,90,0.0,13.0,0.0
2025-05-30 05:00:00,23.8,89,0.0,13.9,0.0
2025-05-30 06:00:00,24.3,87,0.0,13.9,26.0
2025-05-30 07:00:00,25.2,84,0.0,12.5,178.0
2025-05-30 08:00:00,26.8,76,0.0,17.3,352.0
2025-05-30 09:00:00,28.3,69,0.0,14.1,540.0
2025-05-30 10:00:00,29.7,62,0.0,15.0,723.0
2025-05-30 11:00:00,30.6,58,0.0,14.8,832.0
2025-05-30 12:00:00,31.1,57,0.0,14.1,840.0
2025-05-30 13:00:00,31.5,55,0.0,13.3,853.0
2025-05-30 14:00:00,31.9,51,0.0,13.8,749.0
2025-05-30 15:00:00,32.2,48,0.0,12.6,546.0
2025-05-30 16:00:00,32.0,49,0.0,12.1,441.0
2025-05-30 17:00:00,31.3,52,0.0,10.9,262.0
2025-05-30 18:00:00,29.3,62,0.0,9.4,72.0
2025-05-30 19:00:00,28.5,65,0.0,10.1,1.0
2025-05-30 20:00:00,28.2,67,0.0,9.4,0.0
2025-05-30 21:00:00,27.7,70,0.0,7.9,0.0
2025-05-30 22:00:00,27.3,72,0.0,7.9,0.0
2025-05-30 23:00:00,27.1,72,0.0,8.8,0.0
2025-05-31 00:00:00,27.0,72,0.0,10.1,0.0
2025-05-31 01:00:00,26.9,72,0.0,13.2,0.0
2025-05-31 02:00:00,26.6,71,0.0,14.6,0.0
2025-05-31 03:00:00,25.9,71,0.0,13.5,0.0
2025-05-31 04:00:00,25.2,74,0.0,14.1,0.0
2025-05-31 05:00:00,24.9,77,0.0,14.8,0.0
2025-05-31 06:00:00,24.5,81,0.0,15.0,28.0
2025-05-31 07:00:00,25.1,80,0.0,14.4,189.0
2025-05-31 08:00:00,26.2,76,0.0,15.0,396.0
2025-05-31 09:00:00,27.8,68,0.0,15.6,616.0
2025-05-31 10:00:00,29.4,59,0.0,16.2,791.0
2025-05-31 11:00:00,31.0,49,0.0,16.5,911.0
2025-05-31 12:00:00,32.1,44,0.0,16.2,962.0
2025-05-31 13:00:00,32.9,41,0.0,15.4,932.0
2025-05-31 14:00:00,33.4,39,0.0,14.5,845.0
2025-05-31 15:00:00,33.6,39,0.0,13.9,702.0
2025-05-31 16:00:00,33.4,39,0.0,11.2,490.0
2025-05-31 17:00:00,32.5,42,0.0,8.6,260.0
2025-05-31 18:00:00,30.2,50,0.0,7.9,87.0
2025-05-31 19:00:00,28.7,53,0.0,10.4,2.0
2025-05-31 20:00:00,27.8,54,0.0,10.4,0.0
2025-05-31 21:00:00,27.2,56,0.0,11.4,0.0
2025-05-31 22:00:00,27.1,55,0.0,11.2,0.0
2025-05-31 23:00:00,26.6,57,0.0,11.0,0.0
2025-06-01 00:00:00,25.9,59,0.0,11.5,0.0
2025-06-01 01:00:00,25.6,61,0.0,13.1,0.0
2025-06-01 02:00:00,25.5,64,0.0,13.2,0.0
2025-06-01 03:00:00,25.0,69,0.0,13.0,0.0
2025-06-01 04:00:00,24.6,74,0.0,12.6,0.0
2025-06-01 05:00:00,24.3,77,0.0,13.2,0.0
2025-06-01 06:00:00,25.3,77,0.0,16.0,29.0
2025-06-01 07:00:00,25.9,76,0.0,14.2,185.0
2025-06-01 08:00:00,27.2,71,0.0,14.5,402.0
2025-06-01 09:00:00,28.7,64,0.0,16.0,610.0
2025-06-01 10:00:00,30.0,59,0.0,16.4,778.0
2025-06-01 11:00:00,31.3,53,0.0,15.9,891.0
2025-06-01 12:00:00,32.3,46,0.0,16.3,905.0
2025-06-01 13:00:00,32.5,45,0.0,16.2,878.0
2025-06-01 14:00:00,33.0,43,0.0,15.6,787.0
2025-06-01 15:00:00,32.9,44,0.0,14.6,609.0
2025-06-01 16:00:00,32.7,43,0.0,13.6,478.0
2025-06-01 17:00:00,31.9,47,0.0,10.3,259.0
2025-06-01 18:00:00,30.0,50,0.0,9.7,86.0
2025-06-01 19:00:00,28.5,56,0.0,13.5,1.0
2025-06-01 20:00:00,25.1,73,0.1,13.3,0.0
2025-06-01 21:00:00,25.0,76,0.1,11.0,0.0
2025-06-01 22:00:00,24.5,78,0.0,7.6,0.0
2025-06-01 23:00:00,24.4,79,0.0,6.1,0.0
2025-06-02 00:00:00,24.3,80,0.0,7.2,0.0
2025-06-02 01:00:00,24.8,78,0.0,9.1,0.0
2025-06-02 02:00:00,25.3,74,0.0,12.3,0.0
2025-06-02 03:00:00,25.0,75,0.0,12.7,0.0
2025-06-02 04:00:00,24.4,78,0.0,12.5,0.0
2025-06-02 05:00:00,24.0,81,0.0,12.1,0.0
2025-06-02 06:00:00,24.5,77,0.0,12.5,29.0
2025-06-02 07:00:00,25.2,75,0.0,12.6,183.0
2025-06-02 08:00:00,26.4,71,0.0,13.0,400.0
2025-06-02 09:00:00,27.9,65,0.0,15.3,593.0
2025-06-02 10:00:00,29.6,56,0.0,16.6,738.0
2025-06-02 11:00:00,30.8,51,0.0,17.7,830.0
2025-06-02 12:00:00,30.6,51,0.1,16.0,601.0
2025-06-02 13:00:00,31.1,52,0.1,15.9,857.0
2025-06-02 14:00:00,31.4,52,0.0,14.7,648.0
2025-06-02 15:00:00,31.9,49,0.0,15.4,588.0
2025-06-02 16:00:00,29.5,59,0.4,17.4,312.0
2025-06-02 17:00:00,26.7,75,0.2,8.0,124.0
2025-06-02 18:00:00,28.6,57,0.0,11.7,34.0
2025-06-02 19:00:00,28.0,60,0.0,11.3,1.0
2025-06-02 20:00:00,27.0,65,0.0,7.9,0.0
2025-06-02 21:00:00,27.1,64,0.0,11.5,0.0
2025-06-02 22:00:00,25.6,71,0.3,14.1,0.0
2025-06-02 23:00:00,25.8,70,0.0,12.9,0.0
2025-06-03 00:00:00,25.7,70,0.0,12.5,0.0
2025-06-03 01:00:00,25.5,72,0.0,12.7,0.0
2025-06-03 02:00:00,25.5,73,0.1,13.7,0.0
2025-06-03 03:00:00,25.3,74,0.1,12.9,0.0
2025-06-03 04:00:00,24.5,78,0.0,12.5,0.0
2025-06-03 05:00:00,24.1,80,0.0,12.4,0.0
2025-06-03 06:00:00,25.0,76,0.0,13.8,17.0
2025-06-03 07:00:00,25.3,75,0.0,13.6,102.0
2025-06-03 08:00:00,26.5,71,0.0,13.9,358.0
2025-06-03 09:00:00,27.9,66,0.0,13.9,554.0
2025-06-03 10:00:00,28.1,65,0.0,12.1,398.0
2025-06-03 11:00:00,30.3,55,0.0,12.5,857.0
2025-06-03 12:00:00,31.2,51,0.0,12.3,895.0
2025-06-03 13:00:00,31.2,50,0.0,10.6,684.0
2025-06-03 14:00:00,31.8,48,0.0,9.1,670.0
2025-06-03 15:00:00,31.2,50,0.0,10.6,589.0
2025-06-03 16:00:00,31.1,50,0.0,4.7,333.0
2025-06-03 17:00:00,31.5,50,0.0,5.2,260.0
2025-06-03 18:00:00,29.0,59,0.0,8.4,81.0
2025-06-03 19:00:00,27.7,64,0.0,8.2,2.0
2025-06-03 20:00:00,27.2,66,0.0,8.1,0.0
2025-06-03 21:00:00,26.7,68,0.0,7.5,0.0
2025-06-03 22:00:00,26.4,69,0.0,7.5,0.0
2025-06-03 23:00:00,26.1,69,0.0,8.1,0.0
2025-06-04 00:00:00,25.7,69,0.0,10.8,0.0
2025-06-04 01:00:00,25.4,68,0.0,10.9,0.0
2025-06-04 02:00:00,25.2,67,0.0,11.8,0.0
2025-06-04 03:00:00,24.8,71,0.0,12.3,0.0
2025-06-04 04:00:00,24.4,75,0.0,11.4,0.0
2025-06-04 05:00:00,23.9,78,0.0,11.0,0.0
2025-06-04 06:00:00,25.1,74,0.0,11.5,29.0
2025-06-04 07:00:00,25.8,73,0.0,11.2,174.0
2025-06-04 08:00:00,27.2,67,0.0,11.9,398.0
2025-06-04 09:00:00,28.8,58,0.0,11.0,608.0
2025-06-04 10:00:00,30.2,52,0.0,10.4,781.0
2025-06-04 11:00:00,31.4,47,0.0,10.2,900.0
2025-06-04 12:00:00,32.3,45,0.0,10.5,939.0
2025-06-04 13:00:00,32.9,43,0.0,11.7,904.0
2025-06-04 14:00:00,33.0,42,0.0,12.4,818.0
2025-06-04 15:00:00,33.0,42,0.0,11.3,651.0
2025-06-04 16:00:00,32.1,44,0.1,11.3,459.0
2025-06-04 17:00:00,31.5,47,0.0,6.7,206.0
2025-06-04 18:00:00,30.5,51,0.0,7.8,89.0
2025-06-04 19:00:00,29.4,56,0.0,7.9,2.0
2025-06-04 20:00:00,28.5,58,0.0,7.8,0.0
2025-06-04 21:00:00,27.5,62,0.0,8.6,0.0
2025-06-04 22:00:00,26.6,63,0.0,13.1,0.0
2025-06-04 23:00:00,25.4,69,0.0,10.3,0.0
2025-06-05 00:00:00,25.0,73,0.0,8.6,0.0
2025-06-05 01:00:00,25.1,74,0.0,9.3,0.0
2025-06-05 02:00:00,24.9,77,0.0,10.1,0.0
2025-06-05 03:00:00,24.5,81,0.0,9.7,0.0
2025-06-05 04:00:00,24.1,84,0.2,9.2,0.0
2025-06-05 05:00:00,23.9,85,0.0,8.2,0.0
2025-06-05 06:00:00,24.3,78,0.0,7.3,19.0
2025-06-05 07:00:00,24.6,77,0.0,5.6,81.0
2025-06-05 08:00:00,25.8,72,0.0,4.2,278.0
2025-06-05 09:00:00,27.5,65,0.0,3.3,568.0
2025-06-05 10:00:00,29.0,59,0.0,3.5,759.0
2025-06-05 11:00:00,30.3,54,0.0,2.1,844.0
2025-06-05 12:00:00,31.4,47,0.0,2.4,877.0
2025-06-05 13:00:00,32.1,45,0.0,3.5,806.0
2025-06-05 14:00:00,32.5,43,0.0,4.5,683.0
2025-06-05 15:00:00,32.4,44,0.0,6.1,482.0
2025-06-05 16:00:00,31.7,45,0.5,6.7,373.0
2025-06-05 17:00:00,31.4,46,0.0,6.3,266.0
2025-06-05 18:00:00,29.9,52,0.0,6.4,87.0
2025-06-05 19:00:00,29.6,52,0.0,3.1,2.0
2025-06-05 20:00:00,29.2,54,0.0,3.7,0.0
2025-06-05 21:00:00,28.2,58,0.0,6.7,0.0
2025-06-05 22:00:00,27.4,63,0.0,6.3,0.0
2025-06-05 23:00:00,27.0,65,0.0,5.8,0.0
2025-06-06 00:00:00,26.3,69,0.0,6.7,0.0
2025-06-06 01:00:00,25.5,73,0.0,6.3,0.0
2025-06-06 02:00:00,24.8,77,0.0,6.2,0.0
2025-06-06 03:00:00,24.3,80,0.0,7.8,0.0
2025-06-06 04:00:00,24.0,83,0.0,8.5,0.0
2025-06-06 05:00:00,23.8,84,0.0,8.0,0.0
2025-06-06 06:00:00,25.2,80,0.0,6.6,26.0
2025-06-06 07:00:00,26.0,77,0.0,7.1,120.0
2025-06-06 08:00:00,27.6,71,0.0,7.9,324.0
2025-06-06 09:00:00,29.4,61,0.0,7.5,574.0
2025-06-06 10:00:00,30.9,53,0.0,6.1,731.0
2025-06-06 11:00:00,32.2,48,0.0,5.5,846.0
2025-06-06 12:00:00,33.1,45,0.0,5.6,913.0
2025-06-06 13:00:00,33.5,43,0.0,5.6,882.0
2025-06-06 14:00:00,33.7,42,0.0,4.6,798.0
2025-06-06 15:00:00,33.8,41,0.0,3.1,633.0
2025-06-06 16:00:00,33.6,41,0.0,3.7,423.0
2025-06-06 17:00:00,32.0,45,0.2,6.2,196.0
2025-06-06 18:00:00,30.8,50,0.0,8.3,68.0
2025-06-06 19:00:00,29.8,56,0.0,5.2,2.0
2025-06-06 20:00:00,29.6,57,0.0,1.7,0.0
2025-06-06 21:00:00,29.7,57,0.0,0.9,0.0
2025-06-06 22:00:00,28.6,64,0.0,4.5,0.0
2025-06-06 23:00:00,27.6,68,0.0,5.2,0.0
2025-06-07 00:00:00,27.1,69,0.0,5.1,0.0
2025-06-07 01:00:00,26.8,69,0.0,6.1,0.0
2025-06-07 02:00:00,26.7,68,0.0,5.3,0.0
2025-06-07 03:00:00,26.1,71,0.0,6.9,0.0
2025-06-07 04:00:00,25.9,70,0.0,8.1,0.0
2025-06-07 05:00:00,25.5,70,0.0,9.1,0.0
2025-06-07 06:00:00,26.7,63,0.0,8.9,27.0
2025-06-07 07:00:00,27.6,61,0.0,10.5,163.0
2025-06-07 08:00:00,28.9,59,0.0,12.3,394.0
2025-06-07 09:00:00,30.0,53,0.0,11.8,514.0
2025-06-07 10:00:00,31.8,47,0.0,10.9,766.0
2025-06-07 11:00:00,33.2,42,0.0,9.9,890.0
2025-06-07 12:00:00,34.2,38,0.0,9.5,847.0
2025-06-07 13:00:00,35.0,36,0.0,8.6,912.0
2025-06-07 14:00:00,35.3,34,0.0,7.9,806.0
2025-06-07 15:00:00,35.4,34,0.0,6.1,667.0
2025-06-07 16:00:00,35.1,34,0.0,6.7,485.0
2025-06-07 17:00:00,34.4,35,0.0,6.8,254.0
2025-06-07 18:00:00,31.7,46,0.0,10.5,80.0
2025-06-07 19:00:00,28.9,59,0.0,12.2,2.0
2025-06-07 20:00:00,27.2,66,0.0,11.7,0.0
2025-06-07 21:00:00,26.6,70,0.0,8.0,0.0
2025-06-07 22:00:00,26.5,71,0.0,7.6,0.0
2025-06-07 23:00:00,26.6,72,0.0,7.1,0.0
2025-06-08 00:00:00,26.5,72,0.0,7.6,0.0
2025-06-08 01:00:00,26.5,71,0.0,7.7,0.0
2025-06-08 02:00:00,26.4,69,0.0,10.7,0.0
2025-06-08 03:00:00,26.0,70,0.0,10.7,0.0
2025-06-08 04:00:00,25.8,71,0.0,10.4,0.0
2025-06-08 05:00:00,25.5,73,0.0,9.6,0.0
2025-06-08 06:00:00,26.0,75,0.0,7.8,28.0
2025-06-08 07:00:00,27.3,69,0.0,9.5,176.0
2025-06-08 08:00:00,28.9,62,0.0,10.5,360.0
2025-06-08 09:00:00,30.2,57,0.0,11.3,484.0
2025-06-08 10:00:00,32.1,48,0.0,12.6,725.0
2025-06-08 11:00:00,33.5,40,0.0,12.5,804.0
2025-06-08 12:00:00,34.5,39,0.0,11.5,833.0
2025-06-08 13:00:00,35.1,38,0.0,11.5,819.0
2025-06-08 14:00:00,35.0,37,0.0,10.9,616.0
2025-06-08 15:00:00,34.7,37,0.0,9.7,445.0
2025-06-08 16:00:00,33.7,40,0.6,6.3,370.0
2025-06-08 17:00:00,34.0,40,0.0,8.0,242.0
2025-06-08 18:00:00,28.8,63,0.0,10.3,46.0
2025-06-08 19:00:00,27.5,69,0.0,8.7,2.0
2025-06-08 20:00:00,27.3,70,0.0,9.5,0.0
2025-06-08 21:00:00,27.0,72,0.0,10.5,0.0
2025-06-08 22:00:00,26.5,77,0.0,10.8,0.0
2025-06-08 23:00:00,26.2,75,0.0,9.8,0.0
2025-06-09 00:00:00,26.4,69,0.0,9.4,0.0
2025-06-09 01:00:00,26.3,68,0.0,11.2,0.0
2025-06-09 02:00:00,24.7,77,0.0,11.5,0.0
2025-06-09 03:00:00,24.8,77,0.0,12.8,0.0
2025-06-09 04:00:00,25.0,76,0.0,13.3,0.0
2025-06-09 05:00:00,24.9,76,0.0,12.5,0.0
2025-06-09 06:00:00,25.0,76,0.0,10.4,27.0
2025-06-09 07:00:00,25.8,72,0.0,10.3,163.0
2025-06-09 08:00:00,25.6,73,0.1,14.4,154.0
2025-06-09 09:00:00,25.4,75,0.2,12.2,164.0
2025-06-09 10:00:00,25.4,82,1.1,10.0,220.0
2025-06-09 11:00:00,25.4,82,1.1,10.6,303.0
2025-06-09 12:00:00,25.1,87,2.2,10.5,239.0
2025-06-09 13:00:00,25.5,87,1.4,10.6,248.0
2025-06-09 14:00:00,26.5,81,0.0,10.6,268.0
2025-06-09 15:00:00,26.9,78,0.0,9.4,185.0
2025-06-09 16:00:00,27.7,77,0.0,7.5,203.0
2025-06-09 17:00:00,28.6,74,0.0,8.8,201.0
2025-06-09 18:00:00,27.8,73,0.0,11.8,82.0
2025-06-09 19:00:00,27.2,76,0.1,12.8,1.0
2025-06-09 20:00:00,26.8,79,0.0,12.0,0.0
2025-06-09 21:00:00,26.7,79,0.0,12.3,0.0
2025-06-09 22:00:00,26.9,78,0.0,14.3,0.0
2025-06-09 23:00:00,26.2,81,0.0,12.9,0.0
2025-06-10 00:00:00,25.4,77,0.0,13.5,0.0
2025-06-10 01:00:00,24.7,76,0.0,12.8,0.0
2025-06-10 02:00:00,24.6,77,0.0,13.8,0.0
2025-06-10 03:00:00,24.6,78,0.0,13.3,0.0
2025-06-10 04:00:00,24.7,79,0.0,13.6,0.0
2025-06-10 05:00:00,24.7,80,0.0,14.4,0.0
2025-06-10 06:00:00,24.7,78,0.0,15.2,21.0
2025-06-10 07:00:00,25.8,76,0.0,11.5,180.0
2025-06-10 08:00:00,27.3,69,0.8,9.9,355.0
2025-06-10 09:00:00,28.1,66,0.0,13.8,473.0
2025-06-10 10:00:00,28.3,65,0.0,11.3,402.0
2025-06-10 11:00:00,29.0,64,0.6,13.4,632.0
2025-06-10 12:00:00,28.4,66,0.2,12.0,247.0
2025-06-10 13:00:00,30.6,58,0.0,13.3,638.0
2025-06-10 14:00:00,30.5,59,0.0,14.2,421.0
2025-06-10 15:00:00,31.4,55,0.0,14.5,513.0
2025-06-10 16:00:00,31.5,53,0.0,13.0,438.0
2025-06-10 17:00:00,31.0,55,0.0,11.8,207.0
2025-06-10 18:00:00,28.1,70,0.0,8.3,55.0
2025-06-10 19:00:00,27.4,73,0.0,8.2,3.0
2025-06-10 20:00:00,27.1,74,0.0,8.2,0.0
2025-06-10 21:00:00,26.9,75,0.0,6.9,0.0
2025-06-10 22:00:00,26.5,76,0.0,9.0,0.0
2025-06-10 23:00:00,26.2,77,0.0,7.2,0.0
2025-06-11 00:00:00,25.5,79,0.0,15.7,0.0
2025-06-11 01:00:00,25.7,79,0.0,11.5,0.0
2025-06-11 02:00:00,26.0,80,0.0,10.7,0.0
2025-06-11 03:00:00,25.8,79,0.0,8.6,0.0
2025-06-11 04:00:00,25.3,80,0.2,12.5,0.0
2025-06-11 05:00:00,24.0,85,0.8,10.6,0.0
2025-06-11 06:00:00,23.9,86,0.2,11.3,5.0
2025-06-11 07:00:00,23.9,88,0.6,12.8,26.0
2025-06-11 08:00:00,24.9,86,0.5,11.8,209.0
2025-06-11 09:00:00,24.8,86,0.3,13.5,206.0
2025-06-11 10:00:00,25.8,79,0.0,14.1,426.0
2025-06-11 11:00:00,28.2,69,0.0,13.5,817.0
2025-06-11 12:00:00,28.8,64,0.0,13.2,642.0
2025-06-11 13:00:00,28.6,64,0.0,12.4,450.0
2025-06-11 14:00:00,30.1,57,0.0,12.3,766.0
2025-06-11 15:00:00,29.8,58,0.0,10.4,504.0
2025-06-11 16:00:00,29.7,59,0.0,9.5,439.0
2025-06-11 17:00:00,29.4,62,0.0,6.7,210.0
2025-06-11 18:00:00,27.6,71,0.0,5.8,84.0
2025-06-11 19:00:00,27.0,74,0.0,4.9,3.0
2025-06-11 20:00:00,26.8,75,0.0,3.5,0.0
2025-06-11 21:00:00,26.7,76,0.0,2.1,0.0
2025-06-11 22:00:00,26.0,78,0.0,7.7,0.0
2025-06-11 23:00:00,25.1,81,0.0,4.6,0.0
2025-06-12 00:00:00,24.6,84,0.0,4.3,0.0
2025-06-12 01:00:00,24.3,86,0.0,5.2,0.0
2025-06-12 02:00:00,23.9,89,0.0,5.2,0.0
2025-06-12 03:00:00,23.3,92,1.4,6.1,0.0
2025-06-12 04:00:00,22.8,96,2.7,7.9,0.0
2025-06-12 05:00:00,22.6,96,0.6,6.6,0.0
2025-06-12 06:00:00,23.3,93,0.9,6.2,14.0
2025-06-12 07:00:00,23.9,91,0.4,4.3,64.0
2025-06-12 08:00:00,24.4,90,0.2,4.8,113.0
2025-06-12 09:00:00,25.5,86,0.0,4.7,287.0
2025-06-12 10:00:00,28.0,74,0.0,4.3,753.0
2025-06-12 11:00:00,29.4,69,0.0,4.2,864.0
2025-06-12 12:00:00,30.4,65,0.0,5.0,902.0
2025-06-12 13:00:00,31.1,59,0.0,5.0,868.0
2025-06-12 14:00:00,31.1,59,0.0,2.3,536.0
2025-06-12 15:00:00,28.8,70,3.5,10.1,621.0
2025-06-12 16:00:00,28.5,71,0.2,4.8,287.0
2025-06-12 17:00:00,29.3,70,0.0,1.3,274.0
2025-06-12 18:00:00,28.1,73,0.1,4.3,88.0
2025-06-12 19:00:00,27.4,78,0.0,4.9,2.0
2025-06-12 20:00:00,27.0,81,0.0,3.4,0.0
2025-06-12 21:00:00,26.8,82,0.0,3.3,0.0
2025-06-12 22:00:00,26.4,85,0.0,2.3,0.0
2025-06-12 23:00:00,25.9,88,0.0,5.3,0.0
2025-06-13 00:00:00,25.5,90,0.0,5.6,0.0
2025-06-13 01:00:00,25.1,89,0.0,6.7,0.0
2025-06-13 02:00:00,24.8,90,0.0,5.4,0.0
2025-06-13 03:00:00,24.4,91,0.0,4.9,0.0
2025-06-13 04:00:00,24.2,92,0.0,3.8,0.0
2025-06-13 05:00:00,24.2,92,0.0,1.7,0.0
2025-06-13 06:00:00,24.7,96,0.1,3.1,27.0
2025-06-13 07:00:00,25.6,90,0.1,3.0,155.0
2025-06-13 08:00:00,26.4,86,0.1,1.9,342.0
2025-06-13 09:00:00,27.7,77,0.0,1.9,565.0
2025-06-13 10:00:00,28.7,71,0.0,2.4,753.0
2025-06-13 11:00:00,29.6,65,0.0,2.5,822.0
2025-06-13 12:00:00,30.3,61,0.1,3.8,800.0
2025-06-13 13:00:00,31.1,58,0.1,3.7,821.0
2025-06-13 14:00:00,31.5,56,0.1,4.1,669.0
2025-06-13 15:00:00,32.1,54,0.1,4.5,662.0
2025-06-13 16:00:00,31.9,54,0.1,4.6,465.0
2025-06-13 17:00:00,31.5,56,0.0,5.2,258.0
2025-06-13 18:00:00,28.4,74,0.0,4.5,87.0
2025-06-13 19:00:00,27.9,77,0.0,4.4,3.0
2025-06-13 20:00:00,27.5,80,0.0,5.0,0.0
2025-06-13 21:00:00,26.9,81,0.0,8.0,0.0
2025-06-13 22:00:00,26.4,82,0.0,5.8,0.0
2025-06-13 23:00:00,26.1,85,0.1,6.1,0.0
2025-06-14 00:00:00,25.2,89,0.5,5.7,0.0
2025-06-14 01:00:00,24.8,91,0.0,3.9,0.0
2025-06-14 02:00:00,25.1,91,0.0,4.3,0.0
2025-06-14 03:00:00,25.1,91,0.0,4.1,0.0
2025-06-14 04:00:00,25.0,88,0.0,5.9,0.0
2025-06-14 05:00:00,24.6,85,0.0,6.9,0.0
2025-06-14 06:00:00,24.8,89,0.0,5.4,27.0
2025-06-14 07:00:00,25.6,85,0.0,9.6,170.0
2025-06-14 08:00:00,26.7,78,0.0,10.2,353.0
2025-06-14 09:00:00,28.0,71,0.1,8.9,539.0
2025-06-14 10:00:00,29.0,67,0.2,8.7,717.0
2025-06-14 11:00:00,30.1,62,0.1,8.5,810.0
2025-06-14 12:00:00,31.0,58,0.1,9.3,882.0
2025-06-14 13:00:00,30.7,60,0.2,10.7,763.0
2025-06-14 14:00:00,31.1,58,0.1,10.9,729.0
2025-06-14 15:00:00,31.2,58,0.1,10.3,650.0
2025-06-14 16:00:00,31.4,56,0.0,9.2,421.0
2025-06-14 17:00:00,30.6,60,0.2,10.2,286.0
2025-06-14 18:00:00,29.3,64,0.0,9.9,82.0
2025-06-14 19:00:00,28.4,67,0.0,11.1,3.0
2025-06-14 20:00:00,27.6,71,0.0,11.4,0.0
2025-06-14 21:00:00,26.7,76,0.0,9.5,0.0
2025-06-14 22:00:00,26.2,79,0.0,7.4,0.0
2025-06-14 23:00:00,25.9,81,0.0,10.4,0.0
2025-06-15 00:00:00,25.5,81,0.1,11.4,0.0
2025-06-15 01:00:00,24.9,84,0.0,11.1,0.0
2025-06-15 02:00:00,24.4,87,0.0,11.9,0.0
2025-06-15 03:00:00,24.3,88,0.0,12.5,0.0
2025-06-15 04:00:00,24.1,86,0.0,13.1,0.0
2025-06-15 05:00:00,23.8,87,0.0,12.1,0.0
2025-06-15 06:00:00,24.3,84,0.0,11.6,25.0
2025-06-15 07:00:00,25.1,81,0.0,14.5,159.0
2025-06-15 08:00:00,26.1,75,0.0,16.9,295.0
2025-06-15 09:00:00,27.1,71,0.0,13.6,422.0
2025-06-15 10:00:00,28.5,65,0.0,12.9,556.0
2025-06-15 11:00:00,30.3,57,0.0,13.9,781.0
2025-06-15 12:00:00,30.0,59,0.1,14.9,640.0
2025-06-15 13:00:00,30.0,61,0.4,14.6,707.0
2025-06-15 14:00:00,30.6,61,0.1,13.5,668.0
2025-06-15 15:00:00,30.9,59,0.0,12.9,649.0
2025-06-15 16:00:00,26.9,79,1.4,10.4,378.0
2025-06-15 17:00:00,27.9,78,0.1,6.3,189.0
2025-06-15 18:00:00,27.1,75,0.1,11.1,89.0
2025-06-15 19:00:00,26.4,80,0.0,10.7,2.0
2025-06-15 20:00:00,25.8,84,0.1,12.4,0.0
2025-06-15 21:00:00,24.5,88,1.5,12.8,0.0
2025-06-15 22:00:00,24.5,89,1.5,14.3,0.0
2025-06-15 23:00:00,24.1,88,0.0,13.9,0.0
2025-06-16 00:00:00,23.9,88,0.0,15.9,0.0
2025-06-16 01:00:00,23.9,88,0.0,15.4,0.0
2025-06-16 02:00:00,23.8,87,0.0,14.5,0.0
2025-06-16 03:00:00,24.0,85,0.0,15.2,0.0
2025-06-16 04:00:00,24.0,84,0.0,15.9,0.0
2025-06-16 05:00:00,24.1,84,0.0,16.1,0.0
2025-06-16 06:00:00,24.1,85,0.0,14.7,24.0
2025-06-16 07:00:00,24.9,82,0.0,12.3,160.0
2025-06-16 08:00:00,26.4,74,0.0,23.6,365.0
2025-06-16 09:00:00,27.8,68,0.0,22.8,526.0
2025-06-16 10:00:00,28.6,64,0.0,23.5,490.0
2025-06-16 11:00:00,29.3,63,0.0,23.7,728.0
2025-06-16 12:00:00,30.2,59,0.0,20.6,832.0
2025-06-16 13:00:00,29.2,64,0.1,25.1,738.0
2025-06-16 14:00:00,29.8,66,0.1,18.0,666.0
2025-06-16 15:00:00,29.2,64,0.0,19.8,492.0
2025-06-16 16:00:00,27.2,79,1.4,16.4,414.0
2025-06-16 17:00:00,26.6,78,0.0,11.5,145.0
2025-06-16 18:00:00,28.2,65,0.0,18.0,65.0
2025-06-16 19:00:00,26.0,74,0.0,18.2,3.0
2025-06-16 20:00:00,25.7,76,0.0,17.4,0.0
2025-06-16 21:00:00,25.7,76,0.0,16.5,0.0
2025-06-16 22:00:00,25.5,74,0.0,15.6,0.0
2025-06-16 23:00:00,25.3,73,0.0,16.5,0.0
2025-06-17 00:00:00,25.2,74,0.0,16.2,0.0
2025-06-17 01:00:00,25.0,75,0.0,15.7,0.0
2025-06-17 02:00:00,24.8,77,0.0,15.2,0.0
2025-06-17 03:00:00,24.5,79,0.0,14.8,0.0
2025-06-17 04:00:00,24.3,81,0.0,14.1,0.0
2025-06-17 05:00:00,24.1,83,0.0,14.8,0.0
2025-06-17 06:00:00,24.4,80,0.0,15.2,23.0
2025-06-17 07:00:00,25.1,79,0.0,13.9,155.0
2025-06-17 08:00:00,26.3,71,0.0,20.6,337.0
2025-06-17 09:00:00,27.3,66,0.0,20.7,402.0
2025-06-17 10:00:00,28.8,60,0.0,21.0,583.0
2025-06-17 11:00:00,28.9,60,0.0,19.4,481.0
2025-06-17 12:00:00,30.7,52,0.0,18.3,726.0
2025-06-17 13:00:00,30.9,52,0.0,17.0,623.0
2025-06-17 14:00:00,31.8,51,0.0,16.5,805.0
2025-06-17 15:00:00,31.2,54,0.1,15.0,592.0
2025-06-17 16:00:00,31.4,53,0.0,14.8,490.0
2025-06-17 17:00:00,30.8,56,0.0,13.1,293.0
2025-06-17 18:00:00,29.6,57,0.0,11.8,88.0
2025-06-17 19:00:00,28.6,60,0.0,11.5,4.0
2025-06-17 20:00:00,27.8,61,0.0,11.1,0.0
2025-06-17 21:00:00,27.1,64,0.0,10.7,0.0
2025-06-17 22:00:00,26.8,65,0.0,14.0,0.0
2025-06-17 23:00:00,26.4,67,0.0,14.5,0.0
2025-06-18 00:00:00,25.9,70,0.0,14.9,0.0
2025-06-18 01:00:00,25.3,73,0.0,14.2,0.0
2025-06-18 02:00:00,24.8,76,0.0,14.8,0.0
2025-06-18 03:00:00,24.3,78,0.0,16.0,0.0
2025-06-18 04:00:00,24.0,80,0.0,15.8,0.0
2025-06-18 05:00:00,23.7,82,0.0,15.6,0.0
2025-06-18 06:00:00,24.2,81,0.0,14.3,23.0
2025-06-18 07:00:00,24.8,79,0.0,11.4,140.0
2025-06-18 08:00:00,26.1,72,0.0,18.6,306.0
2025-06-18 09:00:00,27.7,64,0.0,21.1,464.0
2025-06-18 10:00:00,28.7,60,0.0,20.3,456.0
2025-06-18 11:00:00,29.6,58,0.0,19.1,684.0
2025-06-18 12:00:00,30.4,55,0.0,19.3,698.0
2025-06-18 13:00:00,30.9,55,0.1,18.1,737.0
2025-06-18 14:00:00,31.4,52,0.0,18.5,668.0
2025-06-18 15:00:00,30.2,55,0.1,20.9,605.0
2025-06-18 16:00:00,30.7,57,0.0,11.0,319.0
2025-06-18 17:00:00,30.8,55,0.0,15.8,271.0
2025-06-18 18:00:00,29.2,61,0.0,10.8,88.0
2025-06-18 19:00:00,28.3,64,0.0,11.6,4.0
2025-06-18 20:00:00,28.1,61,0.0,12.3,0.0
2025-06-18 21:00:00,27.7,61,0.0,12.0,0.0
2025-06-18 22:00:00,27.1,63,0.0,13.7,0.0
2025-06-18 23:00:00,26.8,65,0.0,15.6,0.0
2025-06-19 00:00:00,26.2,69,0.0,15.7,0.0
2025-06-19 01:00:00,25.5,72,0.0,16.3,0.0
2025-06-19 02:00:00,25.0,75,0.0,17.1,0.0
2025-06-19 03:00:00,24.5,77,0.0,17.5,0.0
2025-06-19 04:00:00,24.2,80,0.0,17.2,0.0
2025-06-19 05:00:00,24.1,80,0.0,17.8,0.0
2025-06-19 06:00:00,24.9,79,0.0,17.5,20.0
2025-06-19 07:00:00,25.5,78,0.0,15.3,129.0
2025-06-19 08:00:00,26.8,70,0.0,26.7,286.0
2025-06-19 09:00:00,28.2,64,0.0,25.1,438.0
2025-06-19 10:00:00,28.6,62,0.0,20.8,446.0
2025-06-19 11:00:00,29.6,58,0.0,20.6,479.0
2025-06-19 12:00:00,31.2,55,0.0,20.7,880.0
2025-06-19 13:00:00,31.5,53,0.0,22.0,842.0
2025-06-19 14:00:00,31.6,53,0.0,20.2,694.0
2025-06-19 15:00:00,31.3,55,0.1,18.1,563.0
2025-06-19 16:00:00,26.0,78,2.2,17.1,301.0
2025-06-19 17:00:00,26.9,77,0.0,13.4,97.0
2025-06-19 18:00:00,29.4,56,0.0,17.5,85.0
2025-06-19 19:00:00,28.3,62,0.0,20.0,4.0
2025-06-19 20:00:00,26.7,70,0.0,17.8,0.0
2025-06-19 21:00:00,26.3,72,0.0,17.2,0.0
2025-06-19 22:00:00,26.2,72,0.0,16.2,0.0
2025-06-19 23:00:00,25.9,72,0.0,15.7,0.0
2025-06-20 00:00:00,25.5,74,0.0,14.3,0.0
2025-06-20 01:00:00,25.4,74,0.0,15.3,0.0
2025-06-20 02:00:00,25.0,75,0.0,15.2,0.0
2025-06-20 03:00:00,24.5,78,0.0,15.8,0.0
2025-06-20 04:00:00,24.3,80,0.0,15.4,0.0
2025-06-20 05:00:00,24.1,81,0.0,15.2,0.0
2025-06-20 06:00:00,24.5,79,0.2,15.6,18.0
2025-06-20 07:00:00,24.7,81,0.0,12.0,83.0
2025-06-20 08:00:00,25.8,75,0.0,20.1,204.0
2025-06-20 09:00:00,27.5,68,0.0,20.5,467.0
2025-06-20 10:00:00,29.0,60,0.0,19.2,617.0
2025-06-20 11:00:00,29.8,58,0.0,20.6,799.0
2025-06-20 12:00:00,30.0,58,0.0,19.3,635.0
2025-06-20 13:00:00,30.9,54,0.0,18.9,686.0
2025-06-20 14:00:00,30.7,54,0.0,16.8,411.0
2025-06-20 15:00:00,31.6,51,0.0,18.2,553.0
2025-06-20 16:00:00,30.4,55,0.0,15.7,324.0
2025-06-20 17:00:00,30.1,58,0.0,12.6,169.0
2025-06-20 18:00:00,29.9,57,0.0,9.0,87.0
2025-06-20 19:00:00,29.0,59,0.0,11.3,4.0
2025-06-20 20:00:00,28.3,60,0.0,14.0,0.0
2025-06-20 21:00:00,27.3,65,0.0,17.9,0.0
2025-06-20 22:00:00,26.1,72,0.0,16.2,0.0
2025-06-20 23:00:00,25.7,75,0.0,15.9,0.0
2025-06-21 00:00:00,25.1,77,0.0,15.1,0.0
2025-06-21 01:00:00,25.1,78,0.0,15.1,0.0
2025-06-21 02:00:00,24.8,78,0.0,15.4,0.0
2025-06-21 03:00:00,24.5,79,0.0,15.4,0.0
2025-06-21 04:00:00,24.0,81,0.0,15.4,0.0
2025-06-21 05:00:00,23.7,84,0.0,15.3,0.0
2025-06-21 06:00:00,24.4,82,0.0,15.5,23.0
2025-06-21 07:00:00,25.2,78,0.0,15.3,157.0
2025-06-21 08:00:00,26.4,72,0.0,15.5,311.0
2025-06-21 09:00:00,28.2,64,0.0,15.7,568.0
2025-06-21 10:00:00,29.6,57,0.0,19.0,695.0
2025-06-21 11:00:00,30.6,53,0.0,19.0,869.0
2025-06-21 12:00:00,31.8,47,0.0,18.5,916.0
2025-06-21 13:00:00,32.5,45,0.0,19.0,885.0
2025-06-21 14:00:00,32.3,45,0.1,19.3,713.0
2025-06-21 15:00:00,31.9,49,0.1,17.4,574.0
2025-06-21 16:00:00,32.3,48,0.0,15.1,485.0
2025-06-21 17:00:00,32.0,49,0.0,13.9,286.0
2025-06-21 18:00:00,30.3,55,0.1,9.2,68.0
2025-06-21 19:00:00,29.5,56,0.0,14.0,3.0
2025-06-21 20:00:00,28.5,59,0.0,14.9,0.0
2025-06-21 21:00:00,28.0,61,0.0,15.4,0.0
2025-06-21 22:00:00,27.5,63,0.0,14.4,0.0
2025-06-21 23:00:00,27.0,66,0.0,13.9,0.0
2025-06-22 00:00:00,26.6,68,0.0,14.6,0.0
2025-06-22 01:00:00,26.0,71,0.0,15.3,0.0
2025-06-22 02:00:00,25.2,73,0.0,15.2,0.0
2025-06-22 03:00:00,24.5,76,0.0,15.2,0.0
2025-06-22 04:00:00,24.0,80,0.0,14.2,0.0
2025-06-22 05:00:00,23.6,82,0.0,13.9,0.0
2025-06-22 06:00:00,24.2,79,0.0,13.7,25.0
2025-06-22 07:00:00,25.1,75,0.0,17.8,174.0
2025-06-22 08:00:00,26.5,67,0.0,20.0,343.0
2025-06-22 09:00:00,28.5,57,0.0,20.5,545.0
2025-06-22 10:00:00,29.4,54,0.1,20.3,593.0
2025-06-22 11:00:00,30.8,48,0.1,21.8,852.0
2025-06-22 12:00:00,31.5,46,0.2,19.4,812.0
2025-06-22 13:00:00,31.9,45,0.4,19.1,754.0
2025-06-22 14:00:00,32.4,44,0.1,18.6,726.0
2025-06-22 15:00:00,33.0,42,0.0,17.7,651.0
2025-06-22 16:00:00,32.7,41,0.0,16.6,480.0
2025-06-22 17:00:00,32.0,45,0.0,15.1,273.0
2025-06-22 18:00:00,30.2,53,0.0,8.4,89.0
2025-06-22 19:00:00,29.3,57,0.0,10.2,4.0
2025-06-22 20:00:00,28.2,59,0.0,14.9,0.0
2025-06-22 21:00:00,26.8,66,0.1,10.4,0.0
2025-06-22 22:00:00,26.6,68,0.0,9.5,0.0
2025-06-22 23:00:00,26.6,66,0.0,14.6,0.0
2025-06-23 00:00:00,26.1,68,0.0,14.8,0.0
2025-06-23 01:00:00,25.8,69,0.0,16.4,0.0
2025-06-23 02:00:00,25.3,71,0.0,16.5,0.0
2025-06-23 03:00:00,24.7,76,0.0,17.0,0.0
2025-06-23 04:00:00,24.2,79,0.0,17.0,0.0
2025-06-23 05:00:00,24.0,81,0.0,17.0,0.0
2025-06-23 06:00:00,24.2,78,0.0,14.7,25.0
2025-06-23 07:00:00,25.0,74,0.0,19.7,142.0
2025-06-23 08:00:00,26.0,69,0.0,22.9,243.0
2025-06-23 09:00:00,26.9,66,0.0,21.1,253.0
2025-06-23 10:00:00,27.7,62,0.0,21.8,268.0
2025-06-23 11:00:00,28.9,58,0.0,21.1,498.0
2025-06-23 12:00:00,29.2,59,0.0,20.1,469.0
2025-06-23 13:00:00,29.9,55,0.0,19.4,435.0
2025-06-23 14:00:00,31.7,48,0.0,21.5,785.0
2025-06-23 15:00:00,30.7,51,0.0,22.5,366.0
2025-06-23 16:00:00,28.5,59,0.0,16.4,97.0
2025-06-23 17:00:00,27.6,67,0.0,13.7,66.0
2025-06-23 18:00:00,26.4,75,0.3,16.3,92.0
2025-06-23 19:00:00,25.7,75,0.1,15.2,4.0
2025-06-23 20:00:00,25.7,72,0.0,16.0,0.0
2025-06-23 21:00:00,26.2,67,0.0,20.4,0.0
2025-06-23 22:00:00,25.7,70,0.1,19.6,0.0
2025-06-23 23:00:00,25.1,70,0.0,20.6,0.0
2025-06-24 00:00:00,25.1,70,0.0,20.2,0.0
2025-06-24 01:00:00,24.9,72,0.0,19.2,0.0
2025-06-24 02:00:00,24.5,75,0.0,19.0,0.0
2025-06-24 03:00:00,24.4,76,0.0,18.6,0.0
2025-06-24 04:00:00,24.2,76,0.0,18.7,0.0
2025-06-24 05:00:00,23.9,77,0.0,17.3,0.0
2025-06-24 06:00:00,23.6,81,1.6,18.6,4.0
2025-06-24 07:00:00,23.4,85,2.0,19.3,44.0
2025-06-24 08:00:00,23.8,84,0.6,17.9,111.0
2025-06-24 09:00:00,24.1,83,0.7,18.9,106.0
2025-06-24 10:00:00,26.1,76,0.4,16.3,312.0
2025-06-24 11:00:00,27.4,67,0.2,23.2,396.0
2025-06-24 12:00:00,28.8,61,0.1,23.8,638.0
2025-06-24 13:00:00,29.4,58,0.0,20.9,559.0
2025-06-24 14:00:00,29.1,60,0.0,17.6,326.0
2025-06-24 15:00:00,29.2,61,0.0,16.6,511.0
2025-06-24 16:00:00,28.4,67,0.1,15.9,336.0
2025-06-24 17:00:00,24.8,84,5.5,15.9,174.0
2025-06-24 18:00:00,25.8,77,1.2,18.2,74.0
2025-06-24 19:00:00,25.9,76,0.0,19.3,2.0
2025-06-24 20:00:00,25.5,76,0.0,20.1,0.0
2025-06-24 21:00:00,25.3,77,0.0,18.7,0.0
2025-06-24 22:00:00,25.2,78,0.0,16.9,0.0
2025-06-24 23:00:00,25.1,76,0.0,17.7,0.0
2025-06-25 00:00:00,25.0,74,0.0,17.1,0.0
2025-06-25 01:00:00,24.7,74,0.0,15.5,0.0
2025-06-25 02:00:00,24.3,76,0.0,15.0,0.0
2025-06-25 03:00:00,24.0,80,0.0,14.5,0.0
2025-06-25 04:00:00,23.8,81,0.0,14.4,0.0
2025-06-25 05:00:00,23.7,82,0.0,14.6,0.0
2025-06-25 06:00:00,24.3,80,0.0,13.3,22.0
2025-06-25 07:00:00,24.9,78,0.0,13.0,128.0
2025-06-25 08:00:00,25.6,76,0.3,17.5,281.0
2025-06-25 09:00:00,25.6,77,0.9,17.8,295.0
2025-06-25 10:00:00,26.0,76,1.7,13.2,253.0
2025-06-25 11:00:00,27.0,70,1.0,13.7,222.0
2025-06-25 12:00:00,28.8,64,0.0,15.7,460.0
2025-06-25 13:00:00,28.6,64,0.1,12.8,346.0
2025-06-25 14:00:00,28.0,66,0.6,14.9,213.0
2025-06-25 15:00:00,27.9,69,0.9,9.6,365.0
2025-06-25 16:00:00,28.9,60,0.0,19.4,335.0
2025-06-25 17:00:00,27.1,68,0.0,14.9,101.0
2025-06-25 18:00:00,27.3,69,0.0,16.6,72.0
2025-06-25 19:00:00,26.4,73,0.3,16.1,3.0
2025-06-25 20:00:00,26.4,71,0.1,15.0,0.0
2025-06-25 21:00:00,25.7,73,0.0,14.7,0.0
2025-06-25 22:00:00,24.8,79,0.3,14.0,0.0
2025-06-25 23:00:00,23.9,85,1.0,15.4,0.0
2025-06-26 00:00:00,23.6,88,0.8,16.5,0.0
2025-06-26 01:00:00,23.5,89,0.1,16.5,0.0
2025-06-26 02:00:00,23.4,89,0.4,16.4,0.0
2025-06-26 03:00:00,23.2,91,1.9,16.3,0.0
2025-06-26 04:00:00,23.0,93,3.0,15.3,0.0
2025-06-26 05:00:00,22.8,93,3.0,16.0,0.0
2025-06-26 06:00:00,23.7,88,0.0,14.8,9.0
2025-06-26 07:00:00,24.1,86,0.0,13.8,72.0
2025-06-26 08:00:00,25.0,81,0.0,16.8,211.0
2025-06-26 09:00:00,26.3,74,0.2,18.2,448.0
2025-06-26 10:00:00,27.3,69,0.3,16.2,514.0
2025-06-26 11:00:00,27.4,65,0.0,15.3,310.0
2025-06-26 12:00:00,28.2,64,0.1,15.3,520.0
2025-06-26 13:00:00,29.0,61,0.0,15.7,617.0
2025-06-26 14:00:00,29.5,58,0.0,15.4,644.0
2025-06-26 15:00:00,29.7,55,0.0,14.7,472.0
2025-06-26 16:00:00,30.0,54,0.0,14.6,418.0
2025-06-26 17:00:00,29.8,54,0.0,16.0,255.0
2025-06-26 18:00:00,27.8,67,0.0,10.9,62.0
2025-06-26 19:00:00,27.1,69,0.0,12.7,4.0
2025-06-26 20:00:00,26.5,72,0.0,10.1,0.0
2025-06-26 21:00:00,26.1,73,0.0,10.8,0.0
2025-06-26 22:00:00,25.8,75,0.0,10.4,0.0
2025-06-26 23:00:00,25.7,74,0.0,13.2,0.0
2025-06-27 00:00:00,25.3,74,0.0,14.4,0.0
2025-06-27 01:00:00,24.7,77,0.0,15.1,0.0
2025-06-27 02:00:00,24.2,79,0.0,15.3,0.0
2025-06-27 03:00:00,23.8,81,0.0,15.4,0.0
2025-06-27 04:00:00,23.5,82,0.0,14.4,0.0
2025-06-27 05:00:00,23.3,83,0.0,14.7,0.0
2025-06-27 06:00:00,23.5,83,0.0,14.0,22.0
2025-06-27 07:00:00,24.1,81,0.0,13.8,134.0
2025-06-27 08:00:00,25.0,76,0.0,18.2,250.0
2025-06-27 09:00:00,26.1,69,0.0,18.7,306.0
2025-06-27 10:00:00,28.1,59,0.0,20.3,529.0
2025-06-27 11:00:00,29.3,55,0.0,19.8,682.0
2025-06-27 12:00:00,29.6,56,0.1,16.3,636.0
2025-06-27 13:00:00,29.5,60,0.7,13.7,667.0
2025-06-27 14:00:00,30.4,57,0.7,18.5,738.0
2025-06-27 15:00:00,28.8,66,0.1,12.9,475.0
2025-06-27 16:00:00,27.8,72,0.0,11.7,255.0
2025-06-27 17:00:00,28.7,66,0.0,12.0,233.0
2025-06-27 18:00:00,28.8,63,0.0,11.4,90.0
2025-06-27 19:00:00,28.2,65,0.0,10.2,4.0
2025-06-27 20:00:00,27.7,64,0.0,11.6,0.0
2025-06-27 21:00:00,27.2,65,0.0,12.7,0.0
2025-06-27 22:00:00,26.7,66,0.0,13.2,0.0
2025-06-27 23:00:00,26.4,67,0.0,14.3,0.0
2025-06-28 00:00:00,25.9,70,0.0,15.2,0.0
2025-06-28 01:00:00,25.4,74,0.0,15.2,0.0
2025-06-28 02:00:00,24.8,77,0.0,15.9,0.0
2025-06-28 03:00:00,24.2,79,0.0,15.3,0.0
2025-06-28 04:00:00,23.8,82,0.0,15.3,0.0
2025-06-28 05:00:00,23.4,83,0.0,15.6,0.0
2025-06-28 06:00:00,24.2,81,0.0,16.8,11.0
2025-06-28 07:00:00,24.6,79,0.0,17.8,125.0
2025-06-28 08:00:00,25.4,73,0.0,20.9,173.0
2025-06-28 09:00:00,27.4,64,0.0,23.0,467.0
2025-06-28 10:00:00,28.3,60,0.0,22.0,465.0
2025-06-28 11:00:00,29.6,54,0.0,21.2,585.0
2025-06-28 12:00:00,30.4,52,0.0,20.9,538.0
2025-06-28 13:00:00,30.9,50,0.0,18.9,498.0
2025-06-28 14:00:00,31.8,48,0.0,17.3,787.0
2025-06-28 15:00:00,32.0,47,0.0,17.4,660.0
2025-06-28 16:00:00,31.8,48,0.0,16.1,509.0
2025-06-28 17:00:00,30.5,53,0.3,13.3,267.0
2025-06-28 18:00:00,30.1,51,0.0,12.3,102.0
2025-06-28 19:00:00,28.8,57,0.0,9.0,4.0
2025-06-28 20:00:00,28.0,60,0.0,9.0,0.0
2025-06-28 21:00:00,27.4,61,0.0,10.0,0.0
2025-06-28 22:00:00,26.9,63,0.0,11.1,0.0
2025-06-28 23:00:00,26.3,64,0.0,11.3,0.0
2025-06-29 00:00:00,26.0,64,0.0,14.7,0.0
2025-06-29 01:00:00,25.4,67,0.0,16.1,0.0
2025-06-29 02:00:00,24.9,71,0.0,16.9,0.0
2025-06-29 03:00:00,24.3,74,0.0,17.1,0.0
2025-06-29 04:00:00,24.0,76,0.0,16.5,0.0
2025-06-29 05:00:00,23.8,78,0.0,16.2,0.0
2025-06-29 06:00:00,24.4,77,0.0,17.6,19.0
2025-06-29 07:00:00,25.0,75,0.0,15.3,136.0
2025-06-29 08:00:00,25.8,71,0.0,18.9,246.0
2025-06-29 09:00:00,27.2,63,0.0,23.0,371.0
2025-06-29 10:00:00,28.3,58,0.0,22.3,467.0
2025-06-29 11:00:00,29.7,52,0.0,23.3,677.0
2025-06-29 12:00:00,30.8,47,0.1,21.9,707.0
2025-06-29 13:00:00,31.7,44,0.0,21.6,800.0
2025-06-29 14:00:00,32.0,42,0.0,20.9,751.0
2025-06-29 15:00:00,31.9,43,0.0,19.5,686.0
2025-06-29 16:00:00,30.3,48,0.4,21.6,437.0
2025-06-29 17:00:00,28.6,59,0.2,14.3,205.0
2025-06-29 18:00:00,26.9,65,0.0,17.2,67.0
2025-06-29 19:00:00,25.4,75,0.2,12.8,2.0
2025-06-29 20:00:00,25.3,74,0.0,14.6,0.0
2025-06-29 21:00:00,24.4,77,0.4,14.9,0.0
2025-06-29 22:00:00,24.5,78,0.2,16.4,0.0
2025-06-29 23:00:00,24.8,77,0.0,15.7,0.0
2025-06-30 00:00:00,24.9,77,0.0,14.4,0.0
2025-06-30 01:00:00,24.8,77,0.0,15.5,0.0
2025-06-30 02:00:00,24.6,75,0.0,17.1,0.0
2025-06-30 03:00:00,24.3,76,0.0,16.4,0.0
2025-06-30 04:00:00,23.8,78,0.0,15.9,0.0
2025-06-30 05:00:00,23.6,80,0.0,15.7,0.0
2025-06-30 06:00:00,24.1,76,0.0,17.2,9.0
2025-06-30 07:00:00,24.4,75,0.0,14.5,71.0
2025-06-30 08:00:00,25.0,74,0.0,15.6,155.0
2025-06-30 09:00:00,26.7,66,0.0,24.1,336.0
2025-06-30 10:00:00,26.8,67,0.0,23.8,341.0
2025-06-30 11:00:00,28.7,59,0.0,21.8,586.0
2025-06-30 12:00:00,29.6,57,0.0,19.3,658.0
2025-06-30 13:00:00,30.6,54,0.0,19.9,788.0
2025-06-30 14:00:00,28.8,61,0.2,18.2,410.0
2025-06-30 15:00:00,28.6,62,0.0,15.8,325.0
2025-06-30 16:00:00,24.6,83,2.8,12.6,201.0
2025-06-30 17:00:00,24.2,87,1.9,16.1,38.0
2025-06-30 18:00:00,25.4,80,0.1,13.0,29.0
2025-06-30 19:00:00,24.2,83,0.4,14.8,1.0
2025-06-30 20:00:00,23.8,84,0.5,14.8,0.0
2025-06-30 21:00:00,23.5,86,0.5,16.3,0.0
2025-06-30 22:00:00,23.4,87,1.1,18.8,0.0
2025-06-30 23:00:00,23.1,90,1.2,17.4,0.0
2025-07-01 00:00:00,23.1,90,0.4,17.8,0.0
2025-07-01 01:00:00,22.9,91,1.1,18.8,0.0
2025-07-01 02:00:00,22.8,91,0.4,19.1,0.0
2025-07-01 03:00:00,22.8,91,0.3,18.4,0.0
2025-07-01 04:00:00,22.8,91,0.4,17.6,0.0
2025-07-01 05:00:00,22.7,92,0.6,18.0,0.0
2025-07-01 06:00:00,23.5,89,0.0,18.4,14.0
2025-07-01 07:00:00,24.0,86,0.0,18.4,71.0
2025-07-01 08:00:00,24.2,86,0.1,14.8,83.0
2025-07-01 09:00:00,24.7,84,0.2,16.2,136.0
2025-07-01 10:00:00,25.7,78,0.2,19.1,258.0
2025-07-01 11:00:00,25.8,77,0.1,16.6,158.0
2025-07-01 12:00:00,26.3,74,0.0,16.0,171.0
2025-07-01 13:00:00,28.0,69,0.0,17.6,612.0
2025-07-01 14:00:00,27.4,69,0.3,17.5,269.0
2025-07-01 15:00:00,27.9,68,0.0,17.1,376.0
2025-07-01 16:00:00,25.5,77,1.8,18.0,242.0
2025-07-01 17:00:00,25.0,83,0.5,17.4,129.0
2025-07-01 18:00:00,25.0,81,0.1,14.4,42.0
2025-07-01 19:00:00,23.9,85,1.3,18.2,2.0
2025-07-01 20:00:00,23.8,83,0.4,18.7,0.0
2025-07-01 21:00:00,23.6,85,0.6,18.8,0.0
2025-07-01 22:00:00,23.4,85,0.7,18.0,0.0
2025-07-01 23:00:00,23.4,86,0.1,16.3,0.0
2025-07-02 00:00:00,23.3,91,0.6,15.3,0.0
2025-07-02 01:00:00,23.2,93,0.2,13.9,0.0
2025-07-02 02:00:00,22.9,95,0.3,14.4,0.0
2025-07-02 03:00:00,22.8,94,0.4,14.4,0.0
2025-07-02 04:00:00,22.7,94,0.3,13.9,0.0
2025-07-02 05:00:00,22.7,94,0.2,13.9,0.0
2025-07-02 06:00:00,23.1,90,0.1,15.3,19.0
2025-07-02 07:00:00,23.8,88,0.0,13.2,98.0
2025-07-02 08:00:00,23.9,86,0.1,15.7,57.0
2025-07-02 09:00:00,24.4,88,0.5,10.8,160.0
2025-07-02 10:00:00,24.7,87,0.3,10.5,199.0
2025-07-02 11:00:00,25.4,84,0.5,11.8,274.0
2025-07-02 12:00:00,25.8,82,0.6,11.3,217.0
2025-07-02 13:00:00,26.0,81,0.6,11.1,221.0
2025-07-02 14:00:00,26.3,77,0.2,12.7,236.0
2025-07-02 15:00:00,27.1,73,0.0,12.2,210.0
2025-07-02 16:00:00,27.2,72,0.0,13.0,188.0
2025-07-02 17:00:00,27.8,70,0.0,12.4,229.0
2025-07-02 18:00:00,25.3,80,0.0,11.6,35.0
2025-07-02 19:00:00,25.1,81,0.0,12.5,1.0
2025-07-02 20:00:00,24.8,82,0.0,12.8,0.0
2025-07-02 21:00:00,24.4,84,0.0,13.9,0.0
2025-07-02 22:00:00,24.4,85,0.0,14.3,0.0
2025-07-02 23:00:00,24.3,84,0.0,15.2,0.0
2025-07-03 00:00:00,24.1,84,0.0,14.9,0.0
2025-07-03 01:00:00,23.9,84,0.0,14.5,0.0
2025-07-03 02:00:00,23.7,84,0.0,15.4,0.0
2025-07-03 03:00:00,23.7,83,0.0,16.1,0.0
2025-07-03 04:00:00,23.6,83,0.0,15.7,0.0
2025-07-03 05:00:00,23.4,85,0.0,15.7,0.0
2025-07-03 06:00:00,23.7,83,0.0,16.0,13.0
2025-07-03 07:00:00,24.3,82,0.0,13.3,136.0
2025-07-03 08:00:00,24.9,80,0.7,17.1,251.0
2025-07-03 09:00:00,25.1,79,0.0,18.4,152.0
2025-07-03 10:00:00,26.7,70,0.0,18.0,404.0
2025-07-03 11:00:00,27.7,67,0.0,20.0,712.0
2025-07-03 12:00:00,26.6,72,0.0,17.0,319.0
2025-07-03 13:00:00,26.4,76,0.3,13.4,262.0
2025-07-03 14:00:00,26.5,75,0.4,12.3,339.0
2025-07-03 15:00:00,27.6,70,0.1,11.6,494.0
2025-07-03 16:00:00,24.8,82,0.2,10.7,118.0
2025-07-03 17:00:00,24.9,86,0.1,14.9,87.0
2025-07-03 18:00:00,26.0,75,0.0,14.6,80.0
2025-07-03 19:00:00,25.7,75,0.0,13.6,5.0
2025-07-03 20:00:00,25.8,73,0.0,14.4,0.0
2025-07-03 21:00:00,25.9,71,0.0,15.7,0.0
2025-07-03 22:00:00,25.6,72,0.0,14.7,0.0
2025-07-03 23:00:00,25.2,74,0.0,15.6,0.0
2025-07-04 00:00:00,24.9,76,0.0,17.7,0.0
2025-07-04 01:00:00,24.4,78,0.0,18.6,0.0
2025-07-04 02:00:00,24.0,80,0.0,18.5,0.0
2025-07-04 03:00:00,23.7,83,0.0,18.4,0.0
2025-07-04 04:00:00,23.6,83,0.0,17.9,0.0
2025-07-04 05:00:00,23.5,83,0.0,18.3,0.0
2025-07-04 06:00:00,23.8,82,0.0,17.3,12.0
2025-07-04 07:00:00,24.4,81,0.0,15.1,119.0
2025-07-04 08:00:00,25.4,75,0.0,22.3,324.0
2025-07-04 09:00:00,26.3,70,0.0,23.5,420.0
2025-07-04 10:00:00,27.3,67,0.0,22.9,487.0
2025-07-04 11:00:00,28.5,62,0.0,21.8,621.0
2025-07-04 12:00:00,28.4,65,0.2,16.9,568.0
2025-07-04 13:00:00,29.9,59,0.1,17.4,771.0
2025-07-04 14:00:00,26.4,78,4.3,11.2,476.0
2025-07-04 15:00:00,26.6,82,6.7,10.5,262.0
2025-07-04 16:00:00,27.2,75,0.2,15.1,295.0
2025-07-04 17:00:00,27.9,69,0.0,14.9,262.0
2025-07-04 18:00:00,26.9,73,0.0,13.3,80.0
2025-07-04 19:00:00,26.6,74,0.0,14.7,4.0
2025-07-04 20:00:00,25.7,78,0.0,11.9,0.0
2025-07-04 21:00:00,25.4,79,0.0,12.8,0.0
2025-07-04 22:00:00,25.4,77,0.0,14.9,0.0
2025-07-04 23:00:00,25.3,76,0.0,17.6,0.0
2025-07-05 00:00:00,25.0,77,0.0,17.6,0.0
2025-07-05 01:00:00,24.6,79,0.0,16.8,0.0
2025-07-05 02:00:00,24.4,81,0.0,17.1,0.0
2025-07-05 03:00:00,24.2,82,0.0,16.7,0.0
2025-07-05 04:00:00,24.1,82,0.0,17.8,0.0
2025-07-05 05:00:00,23.9,82,0.0,17.5,0.0
2025-07-05 06:00:00,24.1,80,0.0,18.1,12.0
2025-07-05 07:00:00,24.5,78,0.0,17.7,102.0
2025-07-05 08:00:00,25.2,75,0.0,23.3,195.0
2025-07-05 09:00:00,25.7,73,0.0,21.5,214.0
2025-07-05 10:00:00,27.7,64,0.0,22.2,518.0
2025-07-05 11:00:00,28.5,62,0.1,21.2,682.0
2025-07-05 12:00:00,29.3,60,0.1,20.4,800.0
2025-07-05 13:00:00,29.9,60,0.0,18.9,803.0
2025-07-05 14:00:00,29.8,59,0.3,20.1,764.0
2025-07-05 15:00:00,29.2,63,0.0,17.3,650.0
2025-07-05 16:00:00,26.0,81,2.0,13.1,259.0
2025-07-05 17:00:00,27.2,75,0.0,13.3,234.0
2025-07-05 18:00:00,26.6,77,0.1,17.2,96.0
2025-07-05 19:00:00,25.0,82,0.1,16.2,4.0
2025-07-05 20:00:00,24.7,82,0.2,16.2,0.0
2025-07-05 21:00:00,24.8,81,0.0,16.1,0.0
2025-07-05 22:00:00,24.9,78,0.0,17.6,0.0
2025-07-05 23:00:00,24.7,76,0.0,19.1,0.0
2025-07-06 00:00:00,24.4,76,0.0,18.1,0.0
2025-07-06 01:00:00,24.2,77,0.0,18.3,0.0
2025-07-06 02:00:00,23.9,79,0.0,19.6,0.0
2025-07-06 03:00:00,23.7,81,0.0,20.0,0.0
2025-07-06 04:00:00,23.5,82,0.0,19.1,0.0
2025-07-06 05:00:00,23.4,83,0.0,18.6,0.0
2025-07-06 06:00:00,24.0,79,0.0,17.9,14.0
2025-07-06 07:00:00,24.4,78,0.0,18.0,76.0
2025-07-06 08:00:00,24.9,77,0.0,16.2,191.0
2025-07-06 09:00:00,26.1,70,0.0,22.3,314.0
2025-07-06 10:00:00,27.6,63,0.0,22.9,507.0
2025-07-06 11:00:00,28.4,59,0.0,21.3,445.0
2025-07-06 12:00:00,29.6,55,0.1,22.6,748.0
2025-07-06 13:00:00,30.6,54,0.0,21.5,836.0
2025-07-06 14:00:00,30.8,54,0.0,20.7,769.0
2025-07-06 15:00:00,30.5,55,0.0,15.5,600.0
2025-07-06 16:00:00,27.4,72,1.7,10.1,409.0
2025-07-06 17:00:00,28.4,66,0.6,11.7,170.0
2025-07-06 18:00:00,28.2,61,0.0,14.0,94.0
2025-07-06 19:00:00,27.3,66,0.0,13.1,4.0
2025-07-06 20:00:00,27.0,67,0.0,14.7,0.0
2025-07-06 21:00:00,27.1,64,0.0,16.3,0.0
2025-07-06 22:00:00,26.7,65,0.0,18.4,0.0
2025-07-06 23:00:00,26.1,68,0.0,19.7,0.0
2025-07-07 00:00:00,25.4,72,0.0,19.8,0.0
2025-07-07 01:00:00,24.6,76,0.2,19.4,0.0
2025-07-07 02:00:00,23.9,80,0.3,19.8,0.0
2025-07-07 03:00:00,23.5,82,0.2,20.5,0.0
2025-07-07 04:00:00,23.3,84,0.2,20.1,0.0
2025-07-07 05:00:00,23.2,85,0.1,20.3,0.0
2025-07-07 06:00:00,23.3,89,0.5,18.8,9.0
2025-07-07 07:00:00,23.6,89,0.2,18.0,68.0
2025-07-07 08:00:00,24.3,84,0.2,15.7,142.0
2025-07-07 09:00:00,24.0,85,0.5,15.9,145.0
2025-07-07 10:00:00,26.1,75,0.3,20.0,441.0
2025-07-07 11:00:00,26.9,71,0.1,20.7,516.0
2025-07-07 12:00:00,27.2,69,0.0,18.5,523.0
2025-07-07 13:00:00,28.0,63,0.0,18.8,631.0
2025-07-07 14:00:00,27.5,69,0.0,15.0,273.0
2025-07-07 15:00:00,28.9,61,0.1,19.4,622.0
2025-07-07 16:00:00,28.1,62,0.0,19.1,308.0
2025-07-07 17:00:00,26.3,72,0.1,17.1,123.0
2025-07-07 18:00:00,26.2,76,0.0,12.8,43.0
2025-07-07 19:00:00,26.3,76,0.0,13.3,3.0
2025-07-07 20:00:00,26.2,74,0.0,14.5,0.0
2025-07-07 21:00:00,25.4,77,0.0,14.2,0.0
2025-07-07 22:00:00,24.9,77,0.0,15.2,0.0
2025-07-07 23:00:00,24.6,77,0.0,15.2,0.0
2025-07-08 00:00:00,24.5,77,0.0,15.1,0.0
2025-07-08 01:00:00,24.1,79,0.0,14.9,0.0
2025-07-08 02:00:00,23.8,80,0.0,16.7,0.0
2025-07-08 03:00:00,23.6,81,0.0,16.4,0.0
2025-07-08 04:00:00,23.4,83,0.0,16.1,0.0
2025-07-08 05:00:00,23.3,84,0.0,15.6,0.0
2025-07-08 06:00:00,23.9,80,0.0,16.2,18.0
2025-07-08 07:00:00,24.5,79,0.0,14.4,145.0
2025-07-08 08:00:00,25.9,72,0.0,22.3,347.0
2025-07-08 09:00:00,27.1,66,0.2,22.6,517.0
2025-07-08 10:00:00,28.1,62,0.1,21.7,616.0
2025-07-08 11:00:00,28.9,61,0.1,20.9,770.0
2025-07-08 12:00:00,29.2,60,0.1,22.2,779.0
2025-07-08 13:00:00,29.5,58,0.1,22.8,808.0
2025-07-08 14:00:00,29.8,58,0.1,19.6,701.0
2025-07-08 15:00:00,27.8,66,0.4,16.9,422.0
2025-07-08 16:00:00,26.5,72,0.5,15.2,410.0
2025-07-08 17:00:00,26.3,76,0.0,9.4,188.0
2025-07-08 18:00:00,25.7,77,0.0,10.6,99.0
2025-07-08 19:00:00,25.2,80,0.1,13.2,4.0
2025-07-08 20:00:00,25.3,77,0.0,14.9,0.0
2025-07-08 21:00:00,25.2,76,0.0,14.6,0.0
2025-07-08 22:00:00,24.4,81,0.0,13.7,0.0
2025-07-08 23:00:00,24.1,81,0.0,13.4,0.0
2025-07-09 00:00:00,23.9,83,0.0,12.8,0.0
2025-07-09 01:00:00,23.8,84,0.0,12.7,0.0
2025-07-09 02:00:00,23.9,84,0.0,12.7,0.0
2025-07-09 03:00:00,23.9,84,0.0,13.1,0.0
2025-07-09 04:00:00,23.8,82,0.0,14.0,0.0
2025-07-09 05:00:00,23.7,83,0.0,14.3,0.0
2025-07-09 06:00:00,23.8,83,0.0,14.4,15.0
2025-07-09 07:00:00,24.1,83,0.0,12.5,89.0
2025-07-09 08:00:00,24.8,80,0.0,15.8,175.0
2025-07-09 09:00:00,26.1,73,0.1,19.1,335.0
2025-07-09 10:00:00,27.8,64,0.1,20.8,613.0
2025-07-09 11:00:00,28.5,61,0.1,20.6,718.0
2025-07-09 12:00:00,28.8,60,0.0,18.0,619.0
2025-07-09 13:00:00,29.6,55,0.0,19.1,740.0
2025-07-09 14:00:00,29.5,54,0.0,19.9,632.0
2025-07-09 15:00:00,29.8,51,0.0,18.2,566.0
2025-07-09 16:00:00,29.9,53,0.1,17.7,447.0
2025-07-09 17:00:00,29.8,52,0.0,16.4,265.0
2025-07-09 18:00:00,26.9,70,0.0,8.6,102.0
2025-07-09 19:00:00,25.6,77,0.1,12.7,5.0
2025-07-09 20:00:00,24.6,82,0.1,11.7,0.0
2025-07-09 21:00:00,24.1,85,0.0,9.7,0.0
2025-07-09 22:00:00,24.0,87,0.0,9.0,0.0
2025-07-09 23:00:00,23.9,87,0.0,9.7,0.0
2025-07-10 00:00:00,23.8,86,0.0,11.2,0.0
2025-07-10 01:00:00,23.5,88,0.0,10.7,0.0
2025-07-10 02:00:00,23.4,88,0.0,11.0,0.0
2025-07-10 03:00:00,23.3,88,0.0,11.5,0.0
2025-07-10 04:00:00,23.1,88,0.0,12.1,0.0
2025-07-10 05:00:00,22.9,89,0.0,12.8,0.0
2025-07-10 06:00:00,23.6,87,0.0,12.6,16.0
2025-07-10 07:00:00,24.3,84,0.0,13.6,149.0
2025-07-10 08:00:00,25.8,75,0.2,16.8,336.0
2025-07-10 09:00:00,26.8,69,0.1,16.3,438.0
2025-07-10 10:00:00,28.5,61,0.0,15.1,723.0
2025-07-10 11:00:00,29.5,56,0.0,15.1,832.0
2025-07-10 12:00:00,30.4,52,0.0,15.5,894.0
2025-07-10 13:00:00,30.9,49,0.0,15.4,876.0
2025-07-10 14:00:00,31.4,47,0.1,15.9,813.0
2025-07-10 15:00:00,31.3,47,0.1,15.6,635.0
2025-07-10 16:00:00,31.0,48,0.1,14.8,451.0
2025-07-10 17:00:00,30.1,52,0.1,14.6,280.0
2025-07-10 18:00:00,28.5,60,0.0,7.9,100.0
2025-07-10 19:00:00,27.7,65,0.0,5.5,5.0
2025-07-10 20:00:00,27.3,68,0.0,4.8,0.0
2025-07-10 21:00:00,26.6,72,0.0,4.5,0.0
2025-07-10 22:00:00,25.8,75,0.0,6.0,0.0
2025-07-10 23:00:00,25.1,79,0.0,6.0,0.0
2025-07-11 00:00:00,24.5,83,0.0,5.7,0.0
2025-07-11 01:00:00,24.1,85,0.0,5.7,0.0
2025-07-11 02:00:00,23.8,86,0.0,6.0,0.0
2025-07-11 03:00:00,23.5,87,0.0,6.9,0.0
2025-07-11 04:00:00,23.4,86,0.0,8.6,0.0
2025-07-11 05:00:00,23.5,84,0.0,9.6,0.0
2025-07-11 06:00:00,24.7,78,0.0,11.4,18.0
2025-07-11 07:00:00,25.6,76,0.0,10.3,154.0
2025-07-11 08:00:00,27.0,70,0.0,12.0,353.0
2025-07-11 09:00:00,28.4,64,0.0,13.1,552.0
2025-07-11 10:00:00,29.6,59,0.0,13.0,751.0
2025-07-11 11:00:00,30.3,57,0.0,12.7,804.0
2025-07-11 12:00:00,31.0,54,0.0,13.0,872.0
2025-07-11 13:00:00,31.6,50,0.0,12.8,891.0
2025-07-11 14:00:00,31.4,50,0.1,12.4,680.0
2025-07-11 15:00:00,31.6,49,0.2,12.7,644.0
2025-07-11 16:00:00,31.3,51,0.0,12.2,479.0
2025-07-11 17:00:00,30.7,52,0.0,11.5,282.0
2025-07-11 18:00:00,29.3,59,0.0,9.5,108.0
2025-07-11 19:00:00,28.3,64,0.0,6.7,5.0
2025-07-11 20:00:00,27.6,68,0.0,6.2,0.0
2025-07-11 21:00:00,26.8,72,0.0,7.3,0.0
2025-07-11 22:00:00,26.2,76,0.0,7.6,0.0
2025-07-11 23:00:00,25.7,77,0.0,9.9,0.0
2025-07-12 00:00:00,25.1,79,0.0,10.7,0.0
2025-07-12 01:00:00,24.7,80,0.0,11.4,0.0
2025-07-12 02:00:00,24.6,80,0.0,11.7,0.0
2025-07-12 03:00:00,24.2,82,0.0,12.3,0.0
2025-07-12 04:00:00,24.0,84,0.0,11.4,0.0
2025-07-12 05:00:00,23.7,85,0.0,11.8,0.0
2025-07-12 06:00:00,25.1,78,0.0,11.9,19.0
2025-07-12 07:00:00,25.8,75,0.0,12.2,163.0
2025-07-12 08:00:00,26.9,68,0.0,14.5,365.0
2025-07-12 09:00:00,28.3,62,0.0,14.2,585.0
2025-07-12 10:00:00,29.5,57,0.0,14.9,762.0
2025-07-12 11:00:00,30.7,52,0.0,15.2,858.0
2025-07-12 12:00:00,31.8,46,0.0,15.6,927.0
2025-07-12 13:00:00,32.2,44,0.1,16.2,815.0
2025-07-12 14:00:00,31.1,49,0.5,15.7,714.0
2025-07-12 15:00:00,31.6,49,0.2,14.7,621.0
2025-07-12 16:00:00,29.9,58,0.5,13.0,479.0
2025-07-12 17:00:00,29.9,60,0.0,11.2,281.0
2025-07-12 18:00:00,28.6,67,0.0,7.1,112.0
2025-07-12 19:00:00,28.2,69,0.0,7.5,5.0
2025-07-12 20:00:00,27.7,72,0.0,8.3,0.0
2025-07-12 21:00:00,27.1,72,0.0,9.9,0.0
2025-07-12 22:00:00,26.6,72,0.0,11.7,0.0
2025-07-12 23:00:00,26.5,72,0.0,12.3,0.0
2025-07-13 00:00:00,26.0,74,0.0,11.8,0.0
2025-07-13 01:00:00,25.8,75,0.0,13.4,0.0
2025-07-13 02:00:00,25.5,75,0.0,13.5,0.0
2025-07-13 03:00:00,25.1,77,0.0,12.8,0.0
2025-07-13 04:00:00,24.7,78,0.0,12.3,0.0
2025-07-13 05:00:00,24.4,79,0.0,12.3,0.0
2025-07-13 06:00:00,24.9,75,0.0,13.1,18.0
2025-07-13 07:00:00,25.5,73,0.0,13.9,148.0
2025-07-13 08:00:00,26.4,69,0.0,14.6,331.0
2025-07-13 09:00:00,27.8,64,0.0,15.0,544.0
2025-07-13 10:00:00,29.2,57,0.0,16.9,648.0
2025-07-13 11:00:00,30.3,52,0.0,16.2,726.0
2025-07-13 12:00:00,30.8,50,0.0,15.2,694.0
2025-07-13 13:00:00,31.3,48,0.0,14.8,701.0
2025-07-13 14:00:00,31.8,46,0.0,15.0,699.0
2025-07-13 15:00:00,32.0,46,0.0,14.8,612.0
2025-07-13 16:00:00,31.7,48,0.0,14.1,456.0
2025-07-13 17:00:00,31.1,50,0.0,14.4,245.0
2025-07-13 18:00:00,30.1,54,0.0,11.2,105.0
2025-07-13 19:00:00,28.9,61,0.0,8.1,5.0
2025-07-13 20:00:00,28.5,62,0.0,8.8,0.0
2025-07-13 21:00:00,27.9,65,0.0,9.5,0.0
2025-07-13 22:00:00,27.4,65,0.0,12.3,0.0
2025-07-13 23:00:00,27.1,65,0.0,14.5,0.0
2025-07-14 00:00:00,26.6,67,0.0,15.4,0.0
2025-07-14 01:00:00,26.0,71,0.0,15.2,0.0
2025-07-14 02:00:00,25.6,74,0.0,13.7,0.0
2025-07-14 03:00:00,25.1,76,0.0,13.4,0.0
2025-07-14 04:00:00,24.6,78,0.0,13.7,0.0
2025-07-14 05:00:00,24.2,80,0.0,13.2,0.0
2025-07-14 06:00:00,24.6,78,0.0,11.1,18.0
2025-07-14 07:00:00,25.4,74,0.0,15.1,163.0
2025-07-14 08:00:00,26.9,66,0.0,18.0,369.0
2025-07-14 09:00:00,28.5,58,0.0,19.4,552.0
2025-07-14 10:00:00,29.8,53,0.0,18.6,674.0
2025-07-14 11:00:00,30.5,51,0.0,17.5,576.0
2025-07-14 12:00:00,31.8,45,0.2,17.5,796.0
2025-07-14 13:00:00,32.1,46,0.2,16.6,750.0
2025-07-14 14:00:00,31.2,52,0.4,16.4,700.0
2025-07-14 15:00:00,32.3,48,0.0,15.1,664.0
2025-07-14 16:00:00,31.7,50,0.1,15.1,460.0
2025-07-14 17:00:00,31.3,50,0.0,15.7,258.0
2025-07-14 18:00:00,30.4,52,0.0,13.5,90.0
2025-07-14 19:00:00,29.5,56,0.0,11.1,4.0
2025-07-14 20:00:00,28.4,61,0.1,16.7,0.0
2025-07-14 21:00:00,27.0,67,0.2,12.1,0.0
2025-07-14 22:00:00,26.7,68,0.0,14.0,0.0
2025-07-14 23:00:00,26.2,70,0.0,13.7,0.0
2025-07-15 00:00:00,25.7,72,0.0,13.1,0.0
2025-07-15 01:00:00,25.5,75,0.0,14.9,0.0
2025-07-15 02:00:00,25.0,77,0.0,14.9,0.0
2025-07-15 03:00:00,24.6,78,0.0,15.2,0.0
2025-07-15 04:00:00,24.3,80,0.0,15.5,0.0
2025-07-15 05:00:00,24.0,81,0.0,15.4,0.0
2025-07-15 06:00:00,24.4,80,0.0,14.2,16.0
2025-07-15 07:00:00,25.0,78,0.0,14.3,143.0
2025-07-15 08:00:00,26.6,70,0.0,20.0,353.0
2025-07-15 09:00:00,28.1,63,0.0,19.1,509.0
2025-07-15 10:00:00,28.4,63,0.0,17.6,438.0
2025-07-15 11:00:00,29.7,58,0.0,15.4,592.0
2025-07-15 12:00:00,31.2,53,0.3,14.2,833.0
2025-07-15 13:00:00,28.1,68,0.6,9.5,562.0
2025-07-15 14:00:00,28.8,68,0.6,10.4,375.0
2025-07-15 15:00:00,28.1,71,1.1,15.3,532.0
2025-07-15 16:00:00,29.0,66,0.0,14.9,389.0
2025-07-15 17:00:00,27.5,73,0.1,12.4,167.0
2025-07-15 18:00:00,28.9,64,0.0,9.0,73.0
2025-07-15 19:00:00,28.2,68,0.0,10.0,4.0
2025-07-15 20:00:00,27.4,72,0.0,8.7,0.0
2025-07-15 21:00:00,26.7,74,0.0,10.6,0.0
2025-07-15 22:00:00,26.3,75,0.0,12.0,0.0
2025-07-15 23:00:00,25.8,78,0.0,11.2,0.0
2025-07-16 00:00:00,25.4,79,0.0,13.0,0.0
2025-07-16 01:00:00,25.2,79,0.0,13.4,0.0
2025-07-16 02:00:00,24.9,80,0.0,13.3,0.0
2025-07-16 03:00:00,24.5,82,0.0,12.9,0.0
2025-07-16 04:00:00,24.1,85,0.0,12.5,0.0
2025-07-16 05:00:00,23.8,86,0.0,12.6,0.0
2025-07-16 06:00:00,24.7,84,0.0,10.6,17.0
2025-07-16 07:00:00,25.6,78,0.0,13.2,157.0
2025-07-16 08:00:00,27.2,69,0.0,14.2,360.0
2025-07-16 09:00:00,28.8,61,0.0,13.8,513.0
2025-07-16 10:00:00,30.2,55,0.0,12.3,717.0
2025-07-16 11:00:00,31.0,52,0.1,12.8,712.0
2025-07-16 12:00:00,32.0,48,0.2,13.3,879.0
2025-07-16 13:00:00,32.2,48,0.6,11.9,774.0
2025-07-16 14:00:00,30.9,52,0.9,12.6,633.0
2025-07-16 15:00:00,29.4,64,2.3,3.5,458.0
2025-07-16 16:00:00,30.1,59,0.0,7.5,280.0
2025-07-16 17:00:00,29.4,61,0.2,8.2,209.0
2025-07-16 18:00:00,28.7,66,0.0,4.3,80.0
2025-07-16 19:00:00,28.4,68,0.0,3.9,5.0
2025-07-16 20:00:00,28.0,70,0.0,4.4,0.0
2025-07-16 21:00:00,27.7,72,0.0,3.5,0.0
2025-07-16 22:00:00,27.2,74,0.0,4.0,0.0
2025-07-16 23:00:00,26.7,77,0.0,3.9,0.0
2025-07-17 00:00:00,26.3,79,0.0,4.0,0.0
2025-07-17 01:00:00,24.6,85,0.1,8.7,0.0
2025-07-17 02:00:00,24.4,86,0.2,4.9,0.0
2025-07-17 03:00:00,23.1,95,3.0,8.4,0.0
2025-07-17 04:00:00,23.3,95,0.3,8.7,0.0
2025-07-17 05:00:00,22.8,95,2.1,8.4,0.0
2025-07-17 06:00:00,24.6,86,0.0,7.0,14.0
2025-07-17 07:00:00,25.4,82,0.0,8.8,137.0
2025-07-17 08:00:00,26.6,77,0.0,10.7,333.0
2025-07-17 09:00:00,28.0,69,0.0,9.6,543.0
2025-07-17 10:00:00,29.3,64,0.0,7.9,686.0
2025-07-17 11:00:00,30.0,62,0.0,6.5,782.0
2025-07-17 12:00:00,30.9,60,0.0,5.9,880.0
2025-07-17 13:00:00,31.3,59,0.0,4.9,851.0
2025-07-17 14:00:00,31.2,59,0.2,6.0,768.0
2025-07-17 15:00:00,30.1,61,0.3,1.9,332.0
2025-07-17 16:00:00,28.2,70,0.4,12.8,449.0
2025-07-17 17:00:00,27.9,72,0.1,4.7,218.0
2025-07-17 18:00:00,27.4,77,0.0,5.6,90.0
2025-07-17 19:00:00,27.0,79,0.0,4.6,3.0
2025-07-17 20:00:00,26.7,82,0.3,5.4,0.0
2025-07-17 21:00:00,26.7,83,0.0,2.0,0.0
2025-07-17 22:00:00,26.4,85,0.0,3.4,0.0
2025-07-17 23:00:00,26.1,87,0.0,1.4,0.0
2025-07-18 00:00:00,25.8,90,0.0,3.1,0.0
2025-07-18 01:00:00,25.4,91,0.1,2.9,0.0
2025-07-18 02:00:00,24.0,92,1.3,5.8,0.0
2025-07-18 03:00:00,23.2,94,3.6,9.9,0.0
2025-07-18 04:00:00,23.0,94,0.4,9.3,0.0
2025-07-18 05:00:00,22.7,95,0.4,4.0,0.0
2025-07-18 06:00:00,23.8,91,0.0,5.2,7.0
2025-07-18 07:00:00,24.3,88,0.0,6.2,133.0
2025-07-18 08:00:00,25.4,81,0.0,8.3,289.0
2025-07-18 09:00:00,26.8,75,0.0,8.3,523.0
2025-07-18 10:00:00,28.2,68,0.1,7.2,679.0
2025-07-18 11:00:00,29.2,66,0.1,6.3,806.0
2025-07-18 12:00:00,30.0,64,0.0,5.7,785.0
2025-07-18 13:00:00,30.7,61,0.0,6.1,824.0
2025-07-18 14:00:00,31.1,57,0.0,7.3,740.0
2025-07-18 15:00:00,29.2,67,2.7,1.9,268.0
2025-07-18 16:00:00,28.2,71,2.5,5.7,322.0
2025-07-18 17:00:00,27.7,72,0.8,3.4,220.0
2025-07-18 18:00:00,24.6,88,0.4,6.3,71.0
2025-07-18 19:00:00,24.4,90,0.1,7.0,2.0
2025-07-18 20:00:00,24.1,91,0.0,9.0,0.0
2025-07-18 21:00:00,23.9,92,0.0,7.9,0.0
2025-07-18 22:00:00,23.8,94,0.0,8.3,0.0
2025-07-18 23:00:00,23.8,93,0.0,5.8,0.0
2025-07-19 00:00:00,23.4,93,0.0,9.3,0.0
2025-07-19 01:00:00,23.2,94,0.0,8.8,0.0
2025-07-19 02:00:00,23.0,94,0.0,9.1,0.0
2025-07-19 03:00:00,22.8,94,0.0,7.7,0.0
2025-07-19 04:00:00,22.6,95,0.0,8.4,0.0
2025-07-19 05:00:00,22.5,95,0.0,8.7,0.0
2025-07-19 06:00:00,23.5,93,0.0,9.2,16.0
2025-07-19 07:00:00,24.4,91,0.0,7.0,155.0
2025-07-19 08:00:00,25.7,84,0.0,8.7,364.0
2025-07-19 09:00:00,27.4,74,0.0,9.5,578.0
2025-07-19 10:00:00,28.6,67,0.0,8.3,707.0
2025-07-19 11:00:00,29.2,65,0.1,7.7,816.0
2025-07-19 12:00:00,29.8,66,0.1,6.2,857.0
2025-07-19 13:00:00,30.2,62,0.1,4.4,772.0
2025-07-19 14:00:00,28.5,68,1.8,9.8,382.0
2025-07-19 15:00:00,26.4,83,2.4,2.7,340.0
2025-07-19 16:00:00,26.7,81,0.0,2.3,305.0
2025-07-19 17:00:00,25.1,84,3.9,6.6,211.0
2025-07-19 18:00:00,26.8,79,0.1,7.9,95.0
2025-07-19 19:00:00,26.1,81,0.0,6.1,5.0
2025-07-19 20:00:00,25.7,84,0.0,5.9,0.0
2025-07-19 21:00:00,25.3,86,0.0,6.2,0.0
2025-07-19 22:00:00,25.1,87,0.0,6.1,0.0
2025-07-19 23:00:00,24.8,86,0.0,6.5,0.0
2025-07-20 00:00:00,24.6,85,0.0,6.6,0.0
2025-07-20 01:00:00,24.5,84,0.0,10.4,0.0
2025-07-20 02:00:00,24.2,83,0.0,11.8,0.0
2025-07-20 03:00:00,23.9,84,0.0,11.4,0.0
2025-07-20 04:00:00,23.8,85,0.0,11.5,0.0
2025-07-20 05:00:00,23.8,85,0.0,11.1,0.0
2025-07-20 06:00:00,24.7,81,0.0,11.4,12.0
2025-07-20 07:00:00,25.1,81,0.0,9.0,96.0
2025-07-20 08:00:00,26.1,77,0.0,11.4,281.0
2025-07-20 09:00:00,26.7,75,0.0,11.1,355.0
2025-07-20 10:00:00,27.8,70,0.0,10.2,560.0
2025-07-20 11:00:00,27.8,69,0.0,9.3,406.0
2025-07-20 12:00:00,28.7,66,0.0,9.8,707.0
2025-07-20 13:00:00,29.3,66,0.1,9.7,861.0
2025-07-20 14:00:00,29.5,66,0.1,8.4,785.0
2025-07-20 15:00:00,29.3,66,0.0,8.8,677.0
2025-07-20 16:00:00,28.9,68,0.0,6.3,413.0
2025-07-20 17:00:00,28.0,70,0.7,6.4,207.0
2025-07-20 18:00:00,28.2,68,0.0,3.1,80.0
2025-07-20 19:00:00,26.8,78,0.0,3.7,3.0
2025-07-20 20:00:00,25.5,86,0.0,4.8,0.0
2025-07-20 21:00:00,25.0,91,0.1,5.0,0.0
2025-07-20 22:00:00,24.1,91,1.0,7.2,0.0
2025-07-20 23:00:00,23.7,94,0.1,7.4,0.0
2025-07-21 00:00:00,23.7,90,0.1,8.3,0.0
2025-07-21 01:00:00,23.9,91,0.1,9.5,0.0
2025-07-21 02:00:00,23.8,90,0.1,10.9,0.0
2025-07-21 03:00:00,23.6,91,0.0,11.7,0.0
2025-07-21 04:00:00,23.5,92,0.0,11.2,0.0
2025-07-21 05:00:00,23.5,91,0.0,11.0,0.0
2025-07-21 06:00:00,24.6,86,0.0,11.8,9.0
2025-07-21 07:00:00,24.9,86,0.0,9.5,65.0
2025-07-21 08:00:00,25.8,80,0.0,13.4,235.0
2025-07-21 09:00:00,26.5,77,0.0,12.5,320.0
2025-07-21 10:00:00,28.0,71,0.0,11.2,701.0
2025-07-21 11:00:00,28.9,67,0.0,12.3,800.0
2025-07-21 12:00:00,29.6,66,0.0,11.3,852.0
2025-07-21 13:00:00,29.9,66,0.1,11.0,811.0
2025-07-21 14:00:00,29.8,65,0.1,11.1,646.0
2025-07-21 15:00:00,30.3,60,0.0,9.4,626.0
2025-07-21 16:00:00,28.1,69,1.2,11.0,253.0
2025-07-21 17:00:00,27.2,77,0.1,4.8,85.0
2025-07-21 18:00:00,27.2,74,0.0,8.4,76.0
2025-07-21 19:00:00,26.4,78,0.0,6.3,3.0
2025-07-21 20:00:00,25.9,81,0.0,6.4,0.0
2025-07-21 21:00:00,25.6,84,0.4,6.3,0.0
2025-07-21 22:00:00,25.0,86,0.6,9.2,0.0
2025-07-21 23:00:00,24.2,89,0.2,13.1,0.0
2025-07-22 00:00:00,23.5,91,0.0,12.7,0.0
2025-07-22 01:00:00,23.2,93,0.0,14.0,0.0
2025-07-22 02:00:00,23.1,92,0.0,13.0,0.0
2025-07-22 03:00:00,23.1,92,0.0,13.6,0.0
2025-07-22 04:00:00,23.0,92,0.0,11.3,0.0
2025-07-22 05:00:00,23.0,92,0.0,13.7,0.0
2025-07-22 06:00:00,23.6,91,0.0,13.8,14.0
2025-07-22 07:00:00,24.4,89,0.1,14.5,102.0
2025-07-22 08:00:00,25.0,84,0.1,16.7,149.0
2025-07-22 09:00:00,26.1,79,0.2,15.2,224.0
2025-07-22 10:00:00,27.2,75,0.1,15.0,444.0
2025-07-22 11:00:00,28.3,70,0.1,15.0,575.0
2025-07-22 12:00:00,29.0,66,0.1,12.8,527.0
2025-07-22 13:00:00,25.8,79,4.2,12.3,295.0
2025-07-22 14:00:00,27.3,73,0.2,14.9,595.0
2025-07-22 15:00:00,27.7,75,0.1,12.8,587.0
2025-07-22 16:00:00,27.8,73,0.1,12.3,420.0
2025-07-22 17:00:00,26.0,82,0.2,10.1,193.0
2025-07-22 18:00:00,25.8,85,0.0,6.5,70.0
2025-07-22 19:00:00,25.6,87,0.0,7.6,3.0
2025-07-22 20:00:00,25.4,87,0.0,7.2,0.0
2025-07-22 21:00:00,25.3,87,0.0,8.5,0.0
2025-07-22 22:00:00,24.4,86,0.0,13.2,0.0
2025-07-22 23:00:00,24.0,89,0.0,12.4,0.0
2025-07-23 00:00:00,23.8,89,0.1,15.5,0.0
2025-07-23 01:00:00,23.3,92,0.1,14.2,0.0
2025-07-23 02:00:00,23.1,93,0.1,14.9,0.0
2025-07-23 03:00:00,23.0,92,0.2,16.6,0.0
2025-07-23 04:00:00,23.1,92,0.2,16.5,0.0
2025-07-23 05:00:00,23.1,92,0.1,15.5,0.0
2025-07-23 06:00:00,23.1,95,0.9,15.2,4.0
2025-07-23 07:00:00,23.3,93,0.7,16.2,30.0
2025-07-23 08:00:00,23.8,92,0.6,16.1,99.0
2025-07-23 09:00:00,24.0,90,0.7,14.9,103.0
2025-07-23 10:00:00,24.5,88,0.6,14.4,169.0
2025-07-23 11:00:00,25.1,84,0.3,16.0,230.0
2025-07-23 12:00:00,25.6,81,0.3,17.4,329.0
2025-07-23 13:00:00,27.2,75,0.3,19.0,751.0
2025-07-23 14:00:00,27.2,77,0.1,15.5,434.0
2025-07-23 15:00:00,27.2,73,0.1,16.8,388.0
2025-07-23 16:00:00,27.6,70,0.3,17.5,376.0
2025-07-23 17:00:00,24.6,83,1.5,12.3,147.0
2025-07-23 18:00:00,24.7,88,0.0,13.9,68.0
2025-07-23 19:00:00,24.1,89,0.2,11.9,2.0
2025-07-23 20:00:00,23.7,91,0.3,12.3,0.0
2025-07-23 21:00:00,23.6,93,0.2,11.9,0.0
2025-07-23 22:00:00,23.7,92,0.1,13.5,0.0
2025-07-23 23:00:00,23.7,92,0.1,15.1,0.0
2025-07-24 00:00:00,23.6,92,0.2,16.8,0.0
2025-07-24 01:00:00,23.4,91,0.2,17.2,0.0
2025-07-24 02:00:00,23.4,90,0.2,18.0,0.0
2025-07-24 03:00:00,23.2,90,0.1,17.3,0.0
2025-07-24 04:00:00,23.0,91,0.2,17.0,0.0
2025-07-24 05:00:00,22.8,91,0.3,17.6,0.0
2025-07-24 06:00:00,22.9,89,0.0,16.7,8.0
2025-07-24 07:00:00,23.4,88,0.0,13.7,104.0
2025-07-24 08:00:00,23.7,87,0.3,16.3,158.0
2025-07-24 09:00:00,23.6,89,0.4,13.3,130.0
2025-07-24 10:00:00,24.3,84,0.1,16.6,197.0
2025-07-24 11:00:00,25.5,77,0.3,17.9,332.0
2025-07-24 12:00:00,25.7,78,0.3,17.1,339.0
2025-07-24 13:00:00,25.4,78,0.5,15.0,292.0
2025-07-24 14:00:00,25.5,80,0.6,14.3,305.0
2025-07-24 15:00:00,24.5,86,1.2,14.7,194.0
2025-07-24 16:00:00,24.3,90,0.9,15.4,112.0
2025-07-24 17:00:00,24.0,90,0.8,15.3,81.0
2025-07-24 18:00:00,23.9,89,0.5,15.3,32.0
2025-07-24 19:00:00,23.8,89,0.2,13.5,1.0
2025-07-24 20:00:00,23.8,90,0.2,13.7,0.0
2025-07-24 21:00:00,23.7,90,0.3,15.0,0.0
2025-07-24 22:00:00,23.5,91,0.5,15.5,0.0
2025-07-24 23:00:00,23.3,90,0.2,15.6,0.0
2025-07-25 00:00:00,23.2,90,0.0,16.3,0.0
2025-07-25 01:00:00,23.1,90,0.0,16.1,0.0
2025-07-25 02:00:00,23.1,89,0.0,17.4,0.0
2025-07-25 03:00:00,22.9,89,0.0,18.1,0.0
2025-07-25 04:00:00,22.9,90,0.0,17.8,0.0
2025-07-25 05:00:00,22.9,90,0.0,17.5,0.0
2025-07-25 06:00:00,23.2,88,0.0,14.2,8.0
2025-07-25 07:00:00,23.6,88,0.1,13.3,85.0
2025-07-25 08:00:00,24.4,83,0.2,20.9,181.0
2025-07-25 09:00:00,25.0,82,0.3,17.1,198.0
2025-07-25 10:00:00,25.4,81,0.3,15.1,160.0
2025-07-25 11:00:00,25.9,78,0.3,17.3,240.0
2025-07-25 12:00:00,26.6,78,0.3,17.1,287.0
2025-07-25 13:00:00,25.6,81,2.2,17.5,411.0
2025-07-25 14:00:00,24.6,88,1.3,16.0,93.0
2025-07-25 15:00:00,24.9,89,0.4,17.0,175.0
2025-07-25 16:00:00,24.6,89,0.6,16.6,91.0
2025-07-25 17:00:00,24.4,88,0.6,16.7,70.0
2025-07-25 18:00:00,24.3,90,3.6,15.6,30.0
2025-07-25 19:00:00,23.8,92,0.6,15.6,1.0
2025-07-25 20:00:00,23.4,95,0.8,14.6,0.0
2025-07-25 21:00:00,23.4,93,0.5,17.2,0.0
2025-07-25 22:00:00,23.4,92,1.8,18.2,0.0
2025-07-25 23:00:00,23.1,93,1.0,18.3,0.0
2025-07-26 00:00:00,22.9,94,1.0,19.7,0.0
2025-07-26 01:00:00,22.7,94,1.2,20.8,0.0
2025-07-26 02:00:00,22.6,94,1.5,20.7,0.0
2025-07-26 03:00:00,22.6,94,2.0,21.0,0.0
2025-07-26 04:00:00,22.7,93,1.1,21.7,0.0
2025-07-26 05:00:00,22.7,92,0.5,22.6,0.0
2025-07-26 06:00:00,23.2,92,0.3,18.9,8.0
2025-07-26 07:00:00,23.6,90,0.3,20.1,63.0
2025-07-26 08:00:00,23.8,89,0.5,20.4,115.0
2025-07-26 09:00:00,23.9,89,1.1,21.3,120.0
2025-07-26 10:00:00,23.5,93,3.1,21.4,154.0
2025-07-26 11:00:00,23.4,94,2.8,20.4,126.0
2025-07-26 12:00:00,23.5,93,2.0,20.3,144.0
2025-07-26 13:00:00,24.2,89,1.7,22.8,213.0
2025-07-26 14:00:00,24.2,88,1.6,22.2,182.0
2025-07-26 15:00:00,24.1,89,1.1,20.4,132.0
2025-07-26 16:00:00,24.5,87,0.6,20.2,162.0
2025-07-26 17:00:00,24.3,88,0.3,19.2,121.0
2025-07-26 18:00:00,24.1,88,0.1,17.4,27.0
2025-07-26 19:00:00,24.0,88,0.1,18.1,2.0
2025-07-26 20:00:00,24.0,88,0.1,18.1,0.0
2025-07-26 21:00:00,23.8,88,0.1,17.9,0.0
2025-07-26 22:00:00,23.6,89,0.2,18.0,0.0
2025-07-26 23:00:00,23.3,90,0.2,16.9,0.0
2025-07-27 00:00:00,23.3,90,0.4,18.4,0.0
2025-07-27 01:00:00,23.1,90,0.1,19.0,0.0
2025-07-27 02:00:00,23.2,88,0.0,20.4,0.0
2025-07-27 03:00:00,23.1,87,0.0,20.8,0.0
2025-07-27 04:00:00,23.1,86,0.0,20.8,0.0
2025-07-27 05:00:00,23.0,85,0.0,20.8,0.0
2025-07-27 06:00:00,23.3,83,0.0,21.3,12.0
2025-07-27 07:00:00,23.8,81,0.0,20.4,122.0
2025-07-27 08:00:00,24.8,77,0.0,25.0,290.0
2025-07-27 09:00:00,26.2,69,0.0,27.1,528.0
2025-07-27 10:00:00,26.7,69,0.0,23.4,476.0
2025-07-27 11:00:00,27.9,64,0.0,25.9,833.0
2025-07-27 12:00:00,28.6,61,0.0,22.0,787.0
2025-07-27 13:00:00,29.1,59,0.1,23.2,799.0
2025-07-27 14:00:00,29.0,60,0.1,22.8,758.0
2025-07-27 15:00:00,29.3,61,0.0,19.9,517.0
2025-07-27 16:00:00,28.5,65,0.1,16.9,452.0
2025-07-27 17:00:00,28.0,65,0.1,19.2,274.0
2025-07-27 18:00:00,27.0,66,0.0,14.9,108.0
2025-07-27 19:00:00,26.4,67,0.0,14.4,4.0
2025-07-27 20:00:00,26.0,68,0.0,16.3,0.0
2025-07-27 21:00:00,25.7,70,0.0,17.8,0.0
2025-07-27 22:00:00,25.3,72,0.0,19.6,0.0
2025-07-27 23:00:00,24.7,74,0.0,19.9,0.0
2025-07-28 00:00:00,24.0,77,0.0,19.6,0.0
2025-07-28 01:00:00,23.4,80,0.0,20.1,0.0
2025-07-28 02:00:00,23.0,82,0.0,20.0,0.0
2025-07-28 03:00:00,22.9,82,0.0,19.4,0.0
2025-07-28 04:00:00,22.8,83,0.0,19.1,0.0
2025-07-28 05:00:00,22.6,84,0.0,18.6,0.0
2025-07-28 06:00:00,23.2,82,0.0,19.7,13.0
2025-07-28 07:00:00,23.8,81,0.0,17.9,137.0
2025-07-28 08:00:00,25.0,74,0.0,26.6,332.0
2025-07-28 09:00:00,26.1,70,0.0,27.2,542.0
2025-07-28 10:00:00,26.9,67,0.0,22.0,487.0
2025-07-28 11:00:00,27.9,62,0.0,23.0,571.0
2025-07-28 12:00:00,28.5,60,0.0,22.8,606.0
2025-07-28 13:00:00,29.1,58,0.0,23.2,756.0
2025-07-28 14:00:00,29.4,57,0.0,20.4,593.0
2025-07-28 15:00:00,29.9,55,0.0,21.3,641.0
2025-07-28 16:00:00,29.7,56,0.0,18.5,496.0
2025-07-28 17:00:00,28.9,60,0.0,16.0,276.0
2025-07-28 18:00:00,27.4,66,0.0,15.5,103.0
2025-07-28 19:00:00,26.3,70,0.0,16.6,3.0
2025-07-28 20:00:00,26.0,70,0.0,15.1,0.0
2025-07-28 21:00:00,25.9,69,0.0,14.6,0.0
2025-07-28 22:00:00,25.5,71,0.0,11.9,0.0
2025-07-28 23:00:00,25.2,71,0.0,14.7,0.0
2025-07-29 00:00:00,24.6,71,0.0,16.8,0.0
2025-07-29 01:00:00,24.0,74,0.0,17.1,0.0
2025-07-29 02:00:00,23.5,77,0.0,17.4,0.0
2025-07-29 03:00:00,23.2,81,0.0,18.0,0.0
2025-07-29 04:00:00,23.2,82,0.0,18.5,0.0
2025-07-29 05:00:00,23.2,82,0.0,17.7,0.0
2025-07-29 06:00:00,23.4,82,0.0,19.2,13.0
2025-07-29 07:00:00,24.1,80,0.0,16.0,150.0
2025-07-29 08:00:00,25.2,74,0.0,25.3,357.0
2025-07-29 09:00:00,26.5,66,0.0,27.2,529.0
2025-07-29 10:00:00,27.8,63,0.0,23.4,654.0
2025-07-29 11:00:00,27.9,63,0.0,22.1,588.0
2025-07-29 12:00:00,28.5,60,0.1,25.3,776.0
2025-07-29 13:00:00,29.2,57,0.1,25.4,799.0
2025-07-29 14:00:00,29.6,55,0.2,25.6,753.0
2025-07-29 15:00:00,29.4,59,0.1,21.2,629.0
2025-07-29 16:00:00,29.0,60,0.0,19.5,474.0
2025-07-29 17:00:00,28.0,65,0.0,15.3,263.0
2025-07-29 18:00:00,26.4,75,0.0,11.3,78.0
2025-07-29 19:00:00,25.8,76,0.0,12.7,3.0
2025-07-29 20:00:00,25.7,74,0.0,13.6,0.0
2025-07-29 21:00:00,25.6,74,0.0,13.4,0.0
2025-07-29 22:00:00,25.5,73,0.0,14.1,0.0
2025-07-29 23:00:00,25.2,73,0.0,15.2,0.0
2025-07-30 00:00:00,24.7,75,0.0,14.4,0.0
2025-07-30 01:00:00,24.1,77,0.0,16.0,0.0
2025-07-30 02:00:00,23.7,80,0.0,15.4,0.0
2025-07-30 03:00:00,23.3,82,0.0,14.7,0.0
2025-07-30 04:00:00,23.3,84,0.0,14.8,0.0
2025-07-30 05:00:00,23.2,85,0.0,15.1,0.0
2025-07-30 06:00:00,23.4,84,0.0,15.9,11.0
2025-07-30 07:00:00,23.9,84,0.0,13.6,138.0
2025-07-30 08:00:00,25.0,78,0.0,21.1,318.0
2025-07-30 09:00:00,26.2,72,0.2,20.3,519.0
2025-07-30 10:00:00,27.0,69,0.1,21.2,584.0
2025-07-30 11:00:00,27.5,69,0.2,22.1,644.0
2025-07-30 12:00:00,28.5,66,0.2,19.2,761.0
2025-07-30 13:00:00,28.3,62,0.3,21.5,716.0
2025-07-30 14:00:00,27.6,73,1.0,14.3,795.0
2025-07-30 15:00:00,27.7,70,0.1,18.2,663.0
2025-07-30 16:00:00,27.6,69,0.0,18.0,400.0
2025-07-30 17:00:00,26.6,75,0.4,14.0,234.0
2025-07-30 18:00:00,25.5,79,0.0,12.3,87.0
2025-07-30 19:00:00,24.5,83,0.2,12.5,2.0
2025-07-30 20:00:00,24.3,85,0.2,13.0,0.0
2025-07-30 21:00:00,24.4,86,0.0,12.1,0.0
2025-07-30 22:00:00,24.5,85,0.0,11.9,0.0
2025-07-30 23:00:00,24.5,84,0.0,11.1,0.0
2025-07-31 00:00:00,24.5,83,0.0,11.7,0.0
2025-07-31 01:00:00,24.3,82,0.0,13.0,0.0
2025-07-31 02:00:00,24.0,82,0.0,13.8,0.0
2025-07-31 03:00:00,23.6,81,0.0,13.9,0.0
2025-07-31 04:00:00,23.3,82,0.0,14.2,0.0
2025-07-31 05:00:00,23.0,84,0.0,14.3,0.0
2025-07-31 06:00:00,23.7,82,0.0,15.0,9.0
2025-07-31 07:00:00,24.2,82,0.0,13.4,114.0
2025-07-31 08:00:00,24.8,79,0.0,17.6,179.0
2025-07-31 09:00:00,25.6,75,0.0,19.7,317.0
2025-07-31 10:00:00,27.1,68,0.0,18.3,415.0
2025-07-31 11:00:00,28.1,64,0.0,20.6,763.0
2025-07-31 12:00:00,27.9,67,0.1,17.0,663.0
2025-07-31 13:00:00,28.6,63,0.3,16.9,772.0
2025-07-31 14:00:00,29.2,61,0.1,17.0,623.0
2025-07-31 15:00:00,29.1,63,0.4,14.6,559.0
2025-07-31 16:00:00,29.3,62,0.1,14.9,458.0
2025-07-31 17:00:00,28.9,65,0.0,12.8,303.0
2025-07-31 18:00:00,27.3,70,0.0,10.7,100.0
2025-07-31 19:00:00,26.4,73,0.0,8.7,3.0
2025-07-31 20:00:00,25.8,76,0.0,8.8,0.0
2025-07-31 21:00:00,25.3,78,0.0,9.7,0.0
2025-07-31 22:00:00,25.2,79,0.0,11.6,0.0
2025-07-31 23:00:00,25.1,78,0.0,10.9,0.0
2025-08-01 00:00:00,24.7,79,0.0,10.9,0.0
2025-08-01 01:00:00,24.5,81,0.0,11.7,0.0
2025-08-01 02:00:00,24.2,82,0.0,12.8,0.0
2025-08-01 03:00:00,23.8,84,0.0,13.0,0.0
2025-08-01 04:00:00,23.6,84,0.0,13.1,0.0
2025-08-01 05:00:00,23.3,84,0.0,12.5,0.0
2025-08-01 06:00:00,23.6,85,0.0,12.5,12.0
2025-08-01 07:00:00,24.2,84,0.0,12.0,140.0
2025-08-01 08:00:00,25.5,77,0.0,18.2,343.0
2025-08-01 09:00:00,26.5,72,0.0,16.3,391.0
2025-08-01 10:00:00,27.5,68,0.0,16.5,542.0
2025-08-01 11:00:00,28.3,65,0.0,15.9,654.0
2025-08-01 12:00:00,29.3,61,0.0,13.2,746.0
2025-08-01 13:00:00,29.5,59,0.0,13.9,576.0
2025-08-01 14:00:00,30.3,56,0.0,13.4,804.0
2025-08-01 15:00:00,29.9,57,0.0,13.6,607.0
2025-08-01 16:00:00,29.8,58,0.0,12.1,428.0
2025-08-01 17:00:00,29.4,60,0.0,10.3,296.0
2025-08-01 18:00:00,27.9,67,0.0,8.7,86.0
2025-08-01 19:00:00,26.8,73,0.0,7.6,3.0
2025-08-01 20:00:00,26.1,77,0.0,7.3,0.0
2025-08-01 21:00:00,25.6,79,0.0,6.8,0.0
2025-08-01 22:00:00,25.3,80,0.0,7.4,0.0
2025-08-01 23:00:00,25.0,80,0.0,7.6,0.0
2025-08-02 00:00:00,24.6,81,0.0,8.3,0.0
2025-08-02 01:00:00,24.4,81,0.0,8.8,0.0
2025-08-02 02:00:00,24.3,81,0.0,10.9,0.0
2025-08-02 03:00:00,24.1,82,0.0,11.7,0.0
2025-08-02 04:00:00,23.8,83,0.0,11.7,0.0
2025-08-02 05:00:00,23.6,84,0.0,11.5,0.0
2025-08-02 06:00:00,24.1,84,0.0,10.6,12.0
2025-08-02 07:00:00,24.8,83,0.0,8.7,149.0
2025-08-02 08:00:00,26.0,78,0.0,10.0,364.0
2025-08-02 09:00:00,27.2,70,0.0,10.8,567.0
2025-08-02 10:00:00,28.3,65,0.0,11.2,739.0
2025-08-02 11:00:00,29.2,59,0.0,11.9,841.0
2025-08-02 12:00:00,29.7,56,0.0,11.1,825.0
2025-08-02 13:00:00,30.4,54,0.1,9.7,892.0
2025-08-02 14:00:00,30.8,52,0.1,9.5,792.0
2025-08-02 15:00:00,30.6,53,0.0,9.3,657.0
2025-08-02 16:00:00,30.4,54,0.0,8.2,455.0
2025-08-02 17:00:00,30.0,56,0.0,6.7,287.0
2025-08-02 18:00:00,29.0,61,0.0,4.6,100.0
2025-08-02 19:00:00,28.3,66,0.0,3.0,3.0
2025-08-02 20:00:00,27.5,70,0.0,4.2,0.0
2025-08-02 21:00:00,26.6,76,0.0,3.1,0.0
2025-08-02 22:00:00,25.9,82,0.0,1.9,0.0
2025-08-02 23:00:00,25.4,82,0.0,3.6,0.0
2025-08-03 00:00:00,24.7,85,0.0,5.4,0.0
2025-08-03 01:00:00,24.4,86,0.0,4.0,0.0
2025-08-03 02:00:00,23.9,88,0.0,5.2,0.0
2025-08-03 03:00:00,23.8,86,0.0,8.8,0.0
2025-08-03 04:00:00,23.7,85,0.0,8.5,0.0
2025-08-03 05:00:00,23.4,87,0.0,9.2,0.0
2025-08-03 06:00:00,24.3,83,0.0,9.0,12.0
2025-08-03 07:00:00,25.2,82,0.0,7.6,147.0
2025-08-03 08:00:00,26.5,78,0.0,8.9,358.0
2025-08-03 09:00:00,27.7,74,0.0,8.6,577.0
2025-08-03 10:00:00,28.4,70,0.1,8.9,637.0
2025-08-03 11:00:00,29.1,67,0.1,7.0,715.0
2025-08-03 12:00:00,30.2,63,0.0,6.9,909.0
2025-08-03 13:00:00,30.6,61,0.0,6.8,916.0
2025-08-03 14:00:00,30.3,62,0.2,6.6,822.0
2025-08-03 15:00:00,30.7,60,0.0,5.5,644.0
2025-08-03 16:00:00,29.0,66,0.2,6.8,223.0
2025-08-03 17:00:00,29.3,67,0.0,3.8,243.0
2025-08-03 18:00:00,28.2,73,0.0,6.1,90.0
2025-08-03 19:00:00,27.5,77,0.0,5.9,2.0
2025-08-03 20:00:00,26.6,80,0.0,6.7,0.0
2025-08-03 21:00:00,26.1,82,0.0,5.9,0.0
2025-08-03 22:00:00,25.7,84,0.0,4.9,0.0
2025-08-03 23:00:00,25.2,87,0.0,5.0,0.0
2025-08-04 00:00:00,24.8,88,0.0,5.0,0.0
2025-08-04 01:00:00,24.5,89,0.0,4.1,0.0
2025-08-04 02:00:00,24.3,91,0.0,3.4,0.0
2025-08-04 03:00:00,24.0,92,0.0,3.2,0.0
2025-08-04 04:00:00,23.7,95,0.0,1.8,0.0
2025-08-04 05:00:00,23.4,97,0.0,1.2,0.0
2025-08-04 06:00:00,25.1,92,0.0,1.8,12.0
2025-08-04 07:00:00,25.9,88,0.0,1.5,131.0
2025-08-04 08:00:00,27.3,79,0.0,3.9,294.0
2025-08-04 09:00:00,28.4,67,0.1,5.0,466.0
2025-08-04 10:00:00,29.5,61,0.0,6.2,722.0
2025-08-04 11:00:00,30.3,58,0.0,5.4,822.0
2025-08-04 12:00:00,30.6,58,0.1,4.3,758.0
2025-08-04 13:00:00,31.1,57,0.1,2.7,809.0
2025-08-04 14:00:00,30.5,58,0.0,4.2,454.0
2025-08-04 15:00:00,27.2,75,3.5,4.0,278.0
2025-08-04 16:00:00,27.8,72,0.2,6.2,254.0
2025-08-04 17:00:00,27.4,74,0.0,1.6,134.0
2025-08-04 18:00:00,25.1,87,0.1,5.2,65.0
2025-08-04 19:00:00,24.9,88,0.0,4.9,2.0
2025-08-04 20:00:00,24.9,88,0.0,3.8,0.0
2025-08-04 21:00:00,24.7,90,0.0,5.9,0.0
2025-08-04 22:00:00,24.6,91,0.0,3.0,0.0
2025-08-04 23:00:00,24.5,92,0.0,3.4,0.0
2025-08-05 00:00:00,24.3,93,0.0,3.9,0.0
2025-08-05 01:00:00,24.1,92,0.0,3.7,0.0
2025-08-05 02:00:00,24.0,91,0.0,3.8,0.0
2025-08-05 03:00:00,23.8,91,0.0,3.3,0.0
2025-08-05 04:00:00,23.8,91,0.0,3.2,0.0
2025-08-05 05:00:00,23.6,93,0.0,2.0,0.0
2025-08-05 06:00:00,24.7,91,0.0,2.3,12.0
2025-08-05 07:00:00,25.9,85,0.0,1.3,127.0
2025-08-05 08:00:00,27.5,76,0.0,3.7,339.0
2025-08-05 09:00:00,28.3,72,0.1,3.8,525.0
2025-08-05 10:00:00,26.1,76,3.4,6.8,585.0
2025-08-05 11:00:00,25.5,81,2.3,4.2,369.0
2025-08-05 12:00:00,27.3,76,0.0,2.3,661.0
2025-08-05 13:00:00,28.9,69,0.4,0.8,854.0
2025-08-05 14:00:00,29.2,66,0.2,1.9,649.0
2025-08-05 15:00:00,29.6,65,0.1,0.9,621.0
2025-08-05 16:00:00,29.1,66,0.1,4.3,352.0
2025-08-05 17:00:00,29.0,67,0.0,4.7,252.0
2025-08-05 18:00:00,29.3,65,0.0,1.9,92.0
2025-08-05 19:00:00,28.1,74,0.0,3.2,2.0
2025-08-05 20:00:00,27.2,79,0.0,6.9,0.0
2025-08-05 21:00:00,26.4,81,0.0,7.3,0.0
2025-08-05 22:00:00,26.1,83,0.0,5.3,0.0
2025-08-05 23:00:00,25.8,85,0.0,6.0,0.0
2025-08-06 00:00:00,25.4,85,0.1,9.6,0.0
2025-08-06 01:00:00,24.5,88,0.0,6.7,0.0
2025-08-06 02:00:00,23.5,93,1.5,4.0,0.0
2025-08-06 03:00:00,23.1,94,3.1,6.7,0.0
2025-08-06 04:00:00,23.0,95,0.2,0.9,0.0
2025-08-06 05:00:00,22.8,96,0.1,1.8,0.0
2025-08-06 06:00:00,24.0,92,0.0,3.9,10.0
2025-08-06 07:00:00,24.8,88,0.0,3.4,136.0
2025-08-06 08:00:00,26.2,81,0.0,3.5,362.0
2025-08-06 09:00:00,27.4,75,0.0,4.2,564.0
2025-08-06 10:00:00,28.7,69,0.0,3.0,760.0
2025-08-06 11:00:00,29.8,66,0.0,0.4,835.0
2025-08-06 12:00:00,30.4,64,0.0,0.0,883.0
2025-08-06 13:00:00,31.1,59,0.0,2.7,880.0
2025-08-06 14:00:00,31.5,56,0.1,5.8,789.0
2025-08-06 15:00:00,30.8,57,0.2,3.0,622.0
2025-08-06 16:00:00,27.8,70,1.5,6.3,342.0
2025-08-06 17:00:00,27.4,74,0.2,2.8,234.0
2025-08-06 18:00:00,27.6,75,0.0,6.3,69.0
2025-08-06 19:00:00,26.6,80,0.0,3.4,2.0
2025-08-06 20:00:00,26.2,84,0.0,4.2,0.0
2025-08-06 21:00:00,26.0,85,0.0,3.2,0.0
2025-08-06 22:00:00,25.8,86,0.0,2.8,0.0
2025-08-06 23:00:00,25.6,87,0.0,2.7,0.0
2025-08-07 00:00:00,25.2,89,0.0,3.4,0.0
2025-08-07 01:00:00,25.0,90,0.0,2.8,0.0
2025-08-07 02:00:00,24.7,93,0.0,1.8,0.0
2025-08-07 03:00:00,24.6,94,0.0,0.4,0.0
2025-08-07 04:00:00,24.4,95,0.0,2.1,0.0
2025-08-07 05:00:00,24.3,95,0.0,2.8,0.0
2025-08-07 06:00:00,25.6,88,0.0,3.5,6.0
2025-08-07 07:00:00,26.1,87,0.0,1.0,87.0
2025-08-07 08:00:00,25.7,79,3.2,7.6,144.0
2025-08-07 09:00:00,25.1,86,0.2,4.9,172.0
2025-08-07 10:00:00,27.1,79,0.1,2.3,555.0
2025-08-07 11:00:00,28.4,72,0.0,1.8,667.0
2025-08-07 12:00:00,29.3,66,0.0,2.4,692.0
2025-08-07 13:00:00,29.6,63,0.0,2.3,523.0
2025-08-07 14:00:00,30.0,62,0.0,3.4,604.0
2025-08-07 15:00:00,30.0,62,0.0,4.4,578.0
2025-08-07 16:00:00,29.2,64,0.4,4.3,421.0
2025-08-07 17:00:00,27.0,76,2.1,5.1,211.0
2025-08-07 18:00:00,25.3,83,1.2,2.8,11.0
2025-08-07 19:00:00,24.2,92,2.4,3.6,0.0
2025-08-07 20:00:00,24.2,94,4.6,0.7,0.0
2025-08-07 21:00:00,24.3,95,4.0,2.3,0.0
2025-08-07 22:00:00,24.3,96,3.1,2.8,0.0
2025-08-07 23:00:00,24.1,96,2.4,5.5,0.0
2025-08-08 00:00:00,24.0,94,2.1,5.8,0.0
2025-08-08 01:00:00,23.8,94,1.1,2.5,0.0
2025-08-08 02:00:00,23.7,90,0.3,0.9,0.0
2025-08-08 03:00:00,23.1,92,0.0,2.2,0.0
2025-08-08 04:00:00,23.2,92,0.0,2.2,0.0
2025-08-08 05:00:00,23.4,92,0.0,5.4,0.0
2025-08-08 06:00:00,22.5,91,0.1,3.2,6.0
2025-08-08 07:00:00,23.1,90,0.0,5.8,73.0
2025-08-08 08:00:00,24.7,85,0.0,5.5,336.0
2025-08-08 09:00:00,26.2,78,0.0,6.9,538.0
2025-08-08 10:00:00,27.6,73,0.0,7.2,748.0
2025-08-08 11:00:00,28.3,69,0.0,7.0,798.0
2025-08-08 12:00:00,28.5,69,0.0,6.7,696.0
2025-08-08 13:00:00,29.2,67,0.0,5.4,851.0
2025-08-08 14:00:00,29.5,65,0.0,5.1,762.0
2025-08-08 15:00:00,29.3,65,0.0,3.5,538.0
2025-08-08 16:00:00,29.2,66,0.0,4.3,319.0
2025-08-08 17:00:00,27.4,73,0.3,5.4,153.0
2025-08-08 18:00:00,28.0,68,0.0,3.4,56.0
2025-08-08 19:00:00,27.0,75,0.0,3.5,1.0
2025-08-08 20:00:00,26.7,78,0.0,1.9,0.0
2025-08-08 21:00:00,26.1,81,0.0,4.7,0.0
2025-08-08 22:00:00,25.5,84,0.0,6.3,0.0
2025-08-08 23:00:00,25.1,86,0.0,5.0,0.0
2025-08-09 00:00:00,24.7,89,0.0,2.9,0.0
2025-08-09 01:00:00,24.4,90,0.0,2.3,0.0
2025-08-09 02:00:00,24.0,92,0.0,3.4,0.0
2025-08-09 03:00:00,23.9,93,0.0,3.6,0.0
2025-08-09 04:00:00,22.1,97,0.9,6.3,0.0
2025-08-09 05:00:00,21.8,95,0.7,5.1,0.0
2025-08-09 06:00:00,22.2,96,1.5,8.0,6.0
2025-08-09 07:00:00,22.8,93,0.4,5.3,57.0
2025-08-09 08:00:00,23.0,93,0.4,9.8,127.0
2025-08-09 09:00:00,23.7,87,0.7,8.9,219.0
2025-08-09 10:00:00,23.9,88,0.3,6.3,250.0
2025-08-09 11:00:00,24.8,83,0.1,6.2,389.0
2025-08-09 12:00:00,26.1,79,0.0,4.9,595.0
2025-08-09 13:00:00,27.2,74,0.1,4.6,734.0
2025-08-09 14:00:00,28.1,70,0.1,3.8,760.0
2025-08-09 15:00:00,27.9,71,0.0,6.4,599.0
2025-08-09 16:00:00,28.1,67,0.0,5.9,422.0
2025-08-09 17:00:00,27.8,68,0.0,6.0,268.0
2025-08-09 18:00:00,26.0,80,0.0,7.0,87.0
2025-08-09 19:00:00,25.4,83,0.0,7.1,1.0
2025-08-09 20:00:00,25.0,86,0.0,6.7,0.0
2025-08-09 21:00:00,24.5,89,0.1,7.6,0.0
2025-08-09 22:00:00,24.2,89,0.1,5.6,0.0
2025-08-09 23:00:00,23.8,90,0.0,7.0,0.0
2025-08-10 00:00:00,23.7,91,0.0,6.4,0.0
2025-08-10 01:00:00,23.4,93,0.0,7.0,0.0
2025-08-10 02:00:00,23.2,95,0.0,7.5,0.0
2025-08-10 03:00:00,23.0,96,0.0,7.4,0.0
2025-08-10 04:00:00,22.8,96,0.0,9.2,0.0
2025-08-10 05:00:00,22.8,94,0.0,7.5,0.0
2025-08-10 06:00:00,22.8,95,0.1,9.0,9.0
2025-08-10 07:00:00,23.6,90,0.0,11.7,119.0
2025-08-10 08:00:00,24.3,85,0.0,10.7,206.0
2025-08-10 09:00:00,25.9,77,0.0,10.7,420.0
2025-08-10 10:00:00,26.9,74,0.1,8.9,572.0
2025-08-10 11:00:00,28.0,71,0.1,7.3,788.0
2025-08-10 12:00:00,28.3,71,0.3,6.2,737.0
2025-08-10 13:00:00,27.6,73,6.6,4.3,454.0
2025-08-10 14:00:00,28.5,67,0.2,5.0,681.0
2025-08-10 15:00:00,26.2,77,1.5,9.4,313.0
2025-08-10 16:00:00,24.8,82,4.9,7.4,192.0
2025-08-10 17:00:00,24.7,84,0.1,4.3,117.0
2025-08-10 18:00:00,24.5,86,0.1,3.4,56.0
2025-08-10 19:00:00,24.4,88,0.1,4.6,0.0
2025-08-10 20:00:00,24.0,91,0.4,5.9,0.0
2025-08-10 21:00:00,23.8,93,0.4,4.0,0.0
2025-08-10 22:00:00,23.7,93,0.1,5.6,0.0
2025-08-10 23:00:00,23.3,95,0.0,7.8,0.0
2025-08-11 00:00:00,23.1,93,0.0,10.3,0.0
2025-08-11 01:00:00,22.5,95,0.0,9.4,0.0
2025-08-11 02:00:00,22.5,95,0.0,8.5,0.0
2025-08-11 03:00:00,22.4,95,0.0,8.1,0.0
2025-08-11 04:00:00,22.3,95,0.0,9.5,0.0
2025-08-11 05:00:00,22.3,95,0.0,9.9,0.0
2025-08-11 06:00:00,22.8,93,0.1,12.5,3.0
2025-08-11 07:00:00,23.3,91,0.1,10.4,72.0
2025-08-11 08:00:00,24.7,82,0.0,14.1,285.0
2025-08-11 09:00:00,25.8,78,0.1,11.8,376.0
2025-08-11 10:00:00,27.2,76,0.1,11.3,723.0
2025-08-11 11:00:00,28.1,72,0.2,10.7,770.0
2025-08-11 12:00:00,28.6,69,0.3,10.4,788.0
2025-08-11 13:00:00,28.5,66,0.2,10.6,627.0
2025-08-11 14:00:00,27.9,71,0.0,9.8,499.0
2025-08-11 15:00:00,27.5,72,2.4,8.6,486.0
2025-08-11 16:00:00,26.0,79,3.8,2.9,314.0
2025-08-11 17:00:00,25.0,82,0.4,8.6,217.0
2025-08-11 18:00:00,25.1,85,0.8,9.4,57.0
2025-08-11 19:00:00,24.6,87,0.0,9.9,1.0
2025-08-11 20:00:00,24.5,88,0.2,8.6,0.0
2025-08-11 21:00:00,23.9,89,1.0,9.3,0.0
2025-08-11 22:00:00,23.6,90,0.0,9.9,0.0
2025-08-11 23:00:00,23.2,90,0.0,12.1,0.0
2025-08-12 00:00:00,22.5,94,0.0,14.9,0.0
2025-08-12 01:00:00,22.4,93,0.0,12.1,0.0
2025-08-12 02:00:00,22.5,92,0.0,11.9,0.0
2025-08-12 03:00:00,22.4,92,0.0,12.0,0.0
2025-08-12 04:00:00,22.3,93,0.0,10.6,0.0
2025-08-12 05:00:00,22.2,93,0.0,11.5,0.0
2025-08-12 06:00:00,22.6,95,0.4,13.5,9.0
2025-08-12 07:00:00,22.9,93,0.9,12.9,57.0
2025-08-12 08:00:00,23.4,92,0.4,11.1,99.0
2025-08-12 09:00:00,24.5,86,0.1,13.3,330.0
2025-08-12 10:00:00,26.5,75,0.1,15.2,708.0
2025-08-12 11:00:00,27.5,70,0.0,14.8,799.0
2025-08-12 12:00:00,28.2,68,0.0,14.0,852.0
2025-08-12 13:00:00,28.5,68,0.1,14.7,772.0
2025-08-12 14:00:00,28.5,70,1.2,9.8,778.0
2025-08-12 15:00:00,27.5,72,0.4,7.6,461.0
2025-08-12 16:00:00,26.6,75,0.8,7.5,268.0
2025-08-12 17:00:00,26.6,76,0.0,8.4,150.0
2025-08-12 18:00:00,26.4,78,0.0,9.0,62.0
2025-08-12 19:00:00,25.6,81,0.0,8.9,1.0
2025-08-12 20:00:00,25.0,83,0.0,9.6,0.0
2025-08-12 21:00:00,24.8,84,0.0,9.7,0.0
2025-08-12 22:00:00,24.5,85,0.0,10.2,0.0
2025-08-12 23:00:00,24.2,85,0.0,16.4,0.0
2025-08-13 00:00:00,23.0,89,0.0,14.3,0.0
2025-08-13 01:00:00,22.5,90,0.2,13.2,0.0
2025-08-13 02:00:00,22.4,91,0.3,13.7,0.0
2025-08-13 03:00:00,22.3,92,0.2,14.2,0.0
2025-08-13 04:00:00,22.3,93,0.0,11.5,0.0
2025-08-13 05:00:00,22.2,93,0.1,12.3,0.0
2025-08-13 06:00:00,22.7,94,0.1,11.4,3.0
2025-08-13 07:00:00,23.2,92,0.0,11.8,49.0
2025-08-13 08:00:00,23.8,89,0.1,12.2,168.0
2025-08-13 09:00:00,25.6,84,0.1,14.1,466.0
2025-08-13 10:00:00,25.5,80,0.1,13.7,273.0
2025-08-13 11:00:00,25.4,79,1.0,15.0,527.0
2025-08-13 12:00:00,25.2,80,0.5,16.5,373.0
2025-08-13 13:00:00,26.1,80,0.7,13.6,694.0
2025-08-13 14:00:00,25.7,78,0.3,17.3,523.0
2025-08-13 15:00:00,26.3,79,0.2,15.6,533.0
2025-08-13 16:00:00,25.9,79,0.1,11.8,288.0
2025-08-13 17:00:00,25.8,79,0.7,9.7,108.0
2025-08-13 18:00:00,23.0,92,2.3,10.6,50.0
2025-08-13 19:00:00,22.7,94,0.7,8.4,0.0
2025-08-13 20:00:00,22.9,94,0.2,9.6,0.0
2025-08-13 21:00:00,22.9,94,0.6,9.3,0.0
2025-08-13 22:00:00,22.6,96,1.5,9.0,0.0
2025-08-13 23:00:00,22.4,96,1.8,9.9,0.0
2025-08-14 00:00:00,22.4,97,1.5,7.3,0.0
2025-08-14 01:00:00,22.3,97,1.5,10.3,0.0
2025-08-14 02:00:00,22.1,96,1.1,9.9,0.0
2025-08-14 03:00:00,22.0,96,0.5,11.9,0.0
2025-08-14 04:00:00,22.0,96,0.9,12.3,0.0
2025-08-14 05:00:00,21.9,96,2.2,11.7,0.0
2025-08-14 06:00:00,22.2,95,0.0,11.6,7.0
2025-08-14 07:00:00,22.7,92,0.0,14.2,45.0
2025-08-14 08:00:00,23.3,89,0.0,13.7,96.0
2025-08-14 09:00:00,23.6,88,0.0,11.8,101.0
2025-08-14 10:00:00,24.0,85,0.1,13.8,166.0
2025-08-14 11:00:00,24.6,82,0.0,13.5,237.0
2025-08-14 12:00:00,25.9,76,0.1,13.7,513.0
2025-08-14 13:00:00,26.7,72,0.1,13.6,707.0
2025-08-14 14:00:00,27.3,68,0.0,13.0,657.0
2025-08-14 15:00:00,27.4,67,0.0,13.1,518.0
2025-08-14 16:00:00,27.2,68,0.0,13.3,364.0
2025-08-14 17:00:00,26.3,76,0.2,11.2,198.0
2025-08-14 18:00:00,25.3,80,0.0,9.8,54.0
2025-08-14 19:00:00,24.7,83,0.0,8.3,1.0
2025-08-14 20:00:00,24.4,85,0.0,9.4,0.0
2025-08-14 21:00:00,24.0,86,0.2,11.1,0.0
2025-08-14 22:00:00,23.3,89,0.2,12.1,0.0
2025-08-14 23:00:00,22.9,90,0.2,12.6,0.0
2025-08-15 00:00:00,22.7,92,0.7,13.3,0.0
2025-08-15 01:00:00,22.5,93,0.2,15.4,0.0
2025-08-15 02:00:00,22.3,94,0.1,14.8,0.0
2025-08-15 03:00:00,22.5,93,0.1,15.3,0.0
2025-08-15 04:00:00,22.6,92,0.0,15.3,0.0
2025-08-15 05:00:00,22.7,92,0.0,15.0,0.0
2025-08-15 06:00:00,22.5,93,0.0,13.6,9.0
2025-08-15 07:00:00,23.2,91,0.0,12.3,92.0
2025-08-15 08:00:00,24.0,85,0.0,18.1,143.0
2025-08-15 09:00:00,25.2,79,0.2,17.4,360.0
2025-08-15 10:00:00,26.0,75,0.2,17.5,455.0
2025-08-15 11:00:00,26.2,75,0.3,15.9,363.0
2025-08-15 12:00:00,26.8,76,0.1,13.5,434.0
2025-08-15 13:00:00,27.6,72,0.1,12.8,539.0
2025-08-15 14:00:00,24.9,84,1.5,13.1,381.0
2025-08-15 15:00:00,26.6,79,0.1,11.8,460.0
2025-08-15 16:00:00,26.3,75,0.3,12.6,288.0
2025-08-15 17:00:00,26.2,78,0.0,11.6,179.0
2025-08-15 18:00:00,26.1,79,0.0,9.1,54.0
2025-08-15 19:00:00,24.4,85,0.6,6.8,1.0
2025-08-15 20:00:00,24.6,86,0.1,8.5,0.0
2025-08-15 21:00:00,23.9,89,0.2,13.6,0.0
2025-08-15 22:00:00,22.9,91,0.0,14.5,0.0
2025-08-15 23:00:00,22.6,94,0.0,13.1,0.0
2025-08-16 00:00:00,22.6,94,0.0,13.3,0.0
2025-08-16 01:00:00,22.6,93,0.0,14.2,0.0
2025-08-16 02:00:00,22.5,93,0.0,15.7,0.0
2025-08-16 03:00:00,22.6,92,0.0,15.1,0.0
2025-08-16 04:00:00,22.8,91,0.0,15.7,0.0
2025-08-16 05:00:00,22.9,90,0.1,15.6,0.0
2025-08-16 06:00:00,23.1,91,0.1,15.5,5.0
2025-08-16 07:00:00,23.3,91,0.1,15.0,66.0
2025-08-16 08:00:00,23.8,89,0.1,14.3,131.0
2025-08-16 09:00:00,24.2,87,0.2,17.6,214.0
2025-08-16 10:00:00,24.6,84,0.3,20.1,265.0
2025-08-16 11:00:00,25.2,80,0.2,20.4,403.0
2025-08-16 12:00:00,26.3,75,0.1,21.2,538.0
2025-08-16 13:00:00,26.2,77,0.3,18.2,424.0
2025-08-16 14:00:00,26.6,75,0.2,18.4,587.0
2025-08-16 15:00:00,26.9,73,0.2,18.9,627.0
2025-08-16 16:00:00,26.5,75,0.1,16.9,386.0
2025-08-16 17:00:00,25.5,81,0.0,12.6,159.0
2025-08-16 18:00:00,24.7,84,0.0,11.6,78.0
2025-08-16 19:00:00,24.1,87,0.0,11.5,1.0
2025-08-16 20:00:00,23.9,88,0.0,11.0,0.0
2025-08-16 21:00:00,23.7,89,0.0,11.7,0.0
2025-08-16 22:00:00,23.5,89,0.0,11.2,0.0
2025-08-16 23:00:00,23.4,90,0.0,12.5,0.0
2025-08-17 00:00:00,23.3,91,0.0,15.0,0.0
2025-08-17 01:00:00,22.9,90,0.0,14.3,0.0
2025-08-17 02:00:00,22.6,91,0.0,14.6,0.0
2025-08-17 03:00:00,22.6,90,0.0,13.9,0.0
2025-08-17 04:00:00,22.6,91,0.0,13.0,0.0
2025-08-17 05:00:00,22.5,91,0.0,13.4,0.0
2025-08-17 06:00:00,22.8,90,0.0,12.6,9.0
2025-08-17 07:00:00,23.4,89,0.1,10.3,82.0
2025-08-17 08:00:00,23.6,88,0.1,10.8,82.0
2025-08-17 09:00:00,23.9,86,0.1,13.9,126.0
2025-08-17 10:00:00,24.3,84,0.4,15.0,177.0
2025-08-17 11:00:00,25.1,81,0.4,15.7,301.0
2025-08-17 12:00:00,24.7,83,0.6,14.5,250.0
2025-08-17 13:00:00,25.6,80,0.1,15.3,367.0
2025-08-17 14:00:00,26.6,79,0.1,15.1,564.0
2025-08-17 15:00:00,26.6,76,0.7,17.4,519.0
2025-08-17 16:00:00,24.3,89,0.5,8.7,186.0
2025-08-17 17:00:00,24.4,90,0.1,10.8,80.0
2025-08-17 18:00:00,24.1,88,1.6,11.0,47.0
2025-08-17 19:00:00,23.8,90,0.1,10.1,0.0
2025-08-17 20:00:00,23.7,90,0.0,10.3,0.0
2025-08-17 21:00:00,23.5,91,0.1,10.6,0.0
2025-08-17 22:00:00,23.0,92,1.0,15.1,0.0
2025-08-17 23:00:00,22.7,95,1.5,14.8,0.0
2025-08-18 00:00:00,22.6,95,1.4,19.3,0.0
2025-08-18 01:00:00,22.6,94,1.1,18.0,0.0
2025-08-18 02:00:00,22.6,94,0.5,17.2,0.0
2025-08-18 03:00:00,22.5,94,0.5,17.6,0.0
2025-08-18 04:00:00,22.4,94,1.3,20.2,0.0
2025-08-18 05:00:00,22.4,95,1.8,18.0,0.0
2025-08-18 06:00:00,22.6,91,0.0,17.4,3.0
2025-08-18 07:00:00,22.9,90,0.0,16.3,46.0
2025-08-18 08:00:00,23.6,87,1.1,20.5,142.0
2025-08-18 09:00:00,24.1,85,0.1,17.6,248.0
2025-08-18 10:00:00,24.3,84,0.5,17.2,229.0
2025-08-18 11:00:00,24.5,82,0.3,18.2,230.0
2025-08-18 12:00:00,24.7,81,0.3,16.4,315.0
2025-08-18 13:00:00,24.9,81,0.3,18.6,303.0
2025-08-18 14:00:00,25.7,79,0.2,20.9,405.0
2025-08-18 15:00:00,25.1,80,0.2,20.2,393.0
2025-08-18 16:00:00,25.4,80,0.1,18.0,298.0
2025-08-18 17:00:00,23.8,88,1.2,22.1,151.0
2025-08-18 18:00:00,23.8,87,0.2,19.3,20.0
2025-08-18 19:00:00,23.6,87,0.3,20.4,0.0
2025-08-18 20:00:00,23.5,88,0.5,20.7,0.0
2025-08-18 21:00:00,23.3,89,0.5,20.9,0.0
2025-08-18 22:00:00,23.0,91,1.2,22.9,0.0
2025-08-18 23:00:00,22.6,94,2.0,23.4,0.0
2025-08-19 00:00:00,22.4,94,1.4,22.3,0.0
2025-08-19 01:00:00,22.5,93,0.6,22.3,0.0
2025-08-19 02:00:00,22.3,92,0.2,21.6,0.0
2025-08-19 03:00:00,22.3,91,0.2,21.1,0.0
2025-08-19 04:00:00,22.3,91,0.2,20.5,0.0
2025-08-19 05:00:00,22.1,92,1.1,19.4,0.0
2025-08-19 06:00:00,22.2,93,0.3,18.9,3.0
2025-08-19 07:00:00,22.4,91,0.3,18.8,28.0
2025-08-19 08:00:00,23.4,87,0.2,21.2,239.0
2025-08-19 09:00:00,24.6,81,0.1,19.8,366.0
2025-08-19 10:00:00,25.6,74,0.2,23.0,424.0
2025-08-19 11:00:00,26.7,73,0.5,21.5,658.0
2025-08-19 12:00:00,25.9,79,1.1,17.1,710.0
2025-08-19 13:00:00,26.9,69,0.1,25.5,597.0
2025-08-19 14:00:00,24.7,83,0.5,20.3,263.0
2025-08-19 15:00:00,25.2,80,0.2,24.2,421.0
2025-08-19 16:00:00,24.6,82,0.1,20.7,308.0
2025-08-19 17:00:00,24.0,85,0.1,18.0,147.0
2025-08-19 18:00:00,23.9,85,0.0,19.7,33.0
2025-08-19 19:00:00,23.8,84,0.0,19.9,0.0
2025-08-19 20:00:00,23.9,84,0.0,19.9,0.0
2025-08-19 21:00:00,23.7,84,0.0,20.4,0.0
2025-08-19 22:00:00,23.5,84,0.0,21.1,0.0
2025-08-19 23:00:00,23.2,84,0.0,19.9,0.0
2025-08-20 00:00:00,23.0,85,0.0,18.7,0.0
2025-08-20 01:00:00,22.8,87,0.1,18.1,0.0
2025-08-20 02:00:00,22.7,88,0.1,18.1,0.0
2025-08-20 03:00:00,22.8,88,0.0,17.0,0.0
2025-08-20 04:00:00,22.8,88,0.2,17.3,0.0
2025-08-20 05:00:00,22.8,88,0.0,17.6,0.0
2025-08-20 06:00:00,22.9,88,0.0,15.1,9.0
2025-08-20 07:00:00,23.6,87,0.0,14.2,126.0
2025-08-20 08:00:00,24.1,85,0.3,17.8,201.0
2025-08-20 09:00:00,24.4,85,0.7,17.3,252.0
2025-08-20 10:00:00,25.6,78,0.1,20.8,444.0
2025-08-20 11:00:00,25.7,79,0.3,21.0,535.0
2025-08-20 12:00:00,26.1,77,0.2,21.3,565.0
2025-08-20 13:00:00,26.4,75,0.1,21.8,541.0
2025-08-20 14:00:00,27.5,74,0.1,18.8,715.0
2025-08-20 15:00:00,27.1,75,0.0,16.6,568.0
2025-08-20 16:00:00,26.7,75,0.0,15.3,282.0
2025-08-20 17:00:00,26.3,79,0.2,11.8,144.0
2025-08-20 18:00:00,25.5,81,0.0,13.1,60.0
2025-08-20 19:00:00,25.4,80,0.0,14.6,0.0
2025-08-20 20:00:00,24.9,82,0.1,14.7,0.0
2025-08-20 21:00:00,24.3,85,0.2,14.2,0.0
2025-08-20 22:00:00,24.2,85,0.1,13.7,0.0
2025-08-20 23:00:00,24.0,85,0.0,14.3,0.0
2025-08-21 00:00:00,23.8,84,0.0,15.8,0.0
2025-08-21 01:00:00,23.6,84,0.0,16.1,0.0
2025-08-21 02:00:00,23.2,85,0.0,15.4,0.0
2025-08-21 03:00:00,23.0,86,0.0,15.8,0.0
2025-08-21 04:00:00,22.7,87,0.0,15.2,0.0
2025-08-21 05:00:00,22.4,88,0.0,15.1,0.0
2025-08-21 06:00:00,23.0,86,0.0,15.0,9.0
2025-08-21 07:00:00,23.7,85,0.0,12.6,139.0
2025-08-21 08:00:00,24.9,78,0.0,20.6,333.0
2025-08-21 09:00:00,26.2,72,0.0,20.8,507.0
2025-08-21 10:00:00,27.3,68,0.0,18.8,633.0
2025-08-21 11:00:00,27.8,68,0.0,16.4,611.0
2025-08-21 12:00:00,28.6,64,0.0,15.8,684.0
2025-08-21 13:00:00,29.0,62,0.0,17.0,616.0
2025-08-21 14:00:00,29.4,61,0.0,17.0,765.0
2025-08-21 15:00:00,29.3,62,0.0,16.0,618.0
2025-08-21 16:00:00,29.0,64,0.1,14.9,442.0
2025-08-21 17:00:00,28.8,65,0.0,10.9,273.0
2025-08-21 18:00:00,27.2,72,0.0,10.0,69.0
2025-08-21 19:00:00,26.3,76,0.0,9.3,0.0
2025-08-21 20:00:00,25.8,78,0.0,8.8,0.0
2025-08-21 21:00:00,25.3,80,0.0,8.8,0.0
2025-08-21 22:00:00,25.0,80,0.0,9.2,0.0
2025-08-21 23:00:00,24.9,79,0.0,10.3,0.0
2025-08-22 00:00:00,24.7,79,0.0,11.7,0.0
2025-08-22 01:00:00,24.3,81,0.0,13.0,0.0
2025-08-22 02:00:00,24.0,82,0.0,13.6,0.0
2025-08-22 03:00:00,23.5,83,0.0,13.8,0.0
2025-08-22 04:00:00,23.1,84,0.0,14.0,0.0
2025-08-22 05:00:00,22.7,86,0.0,14.6,0.0
2025-08-22 06:00:00,23.1,86,0.0,14.6,8.0
2025-08-22 07:00:00,23.5,85,0.0,14.1,117.0
2025-08-22 08:00:00,24.4,80,0.0,18.5,244.0
2025-08-22 09:00:00,25.5,73,0.0,19.1,329.0
2025-08-22 10:00:00,27.1,66,0.0,18.9,555.0
2025-08-22 11:00:00,28.2,62,0.0,19.1,722.0
2025-08-22 12:00:00,28.4,62,0.0,16.8,660.0
2025-08-22 13:00:00,28.6,63,0.1,15.5,747.0
2025-08-22 14:00:00,28.9,61,0.0,14.1,673.0
2025-08-22 15:00:00,28.6,64,0.0,14.2,560.0
2025-08-22 16:00:00,28.3,66,0.0,12.2,354.0
2025-08-22 17:00:00,27.8,70,0.0,9.1,164.0
2025-08-22 18:00:00,26.1,76,0.0,11.4,55.0
2025-08-22 19:00:00,25.5,79,0.0,10.2,0.0
2025-08-22 20:00:00,25.2,79,0.0,11.0,0.0
2025-08-22 21:00:00,24.9,79,0.0,10.4,0.0
2025-08-22 22:00:00,24.5,81,0.0,9.3,0.0
2025-08-22 23:00:00,24.5,81,0.0,11.6,0.0
2025-08-23 00:00:00,24.6,77,0.0,13.7,0.0
2025-08-23 01:00:00,24.1,79,0.0,13.8,0.0
2025-08-23 02:00:00,23.6,81,0.0,13.5,0.0
2025-08-23 03:00:00,23.1,83,0.0,13.7,0.0
2025-08-23 04:00:00,22.7,85,0.0,13.5,0.0
2025-08-23 05:00:00,22.4,86,0.0,13.9,0.0
2025-08-23 06:00:00,22.4,86,0.0,15.4,9.0
2025-08-23 07:00:00,23.0,84,0.0,17.0,137.0
2025-08-23 08:00:00,24.3,77,0.0,20.9,330.0
2025-08-23 09:00:00,25.4,71,0.0,20.7,386.0
2025-08-23 10:00:00,26.7,65,0.0,20.9,593.0
2025-08-23 11:00:00,28.0,60,0.0,20.6,775.0
2025-08-23 12:00:00,28.2,63,0.0,16.4,811.0
2025-08-23 13:00:00,28.7,62,0.0,15.7,723.0
2025-08-23 14:00:00,28.8,62,0.0,15.1,687.0
2025-08-23 15:00:00,27.4,67,0.1,15.3,651.0
2025-08-23 16:00:00,28.0,67,0.0,12.3,346.0
2025-08-23 17:00:00,27.0,71,0.0,13.9,96.0
2025-08-23 18:00:00,26.2,74,0.0,13.2,33.0
2025-08-23 19:00:00,25.0,75,0.0,16.6,0.0
2025-08-23 20:00:00,24.5,77,0.0,13.2,0.0
2025-08-23 21:00:00,24.4,78,0.0,13.1,0.0
2025-08-23 22:00:00,24.5,78,0.0,14.3,0.0
2025-08-23 23:00:00,24.5,78,0.0,13.9,0.0
2025-08-24 00:00:00,24.3,80,0.0,13.9,0.0
2025-08-24 01:00:00,24.0,80,0.0,14.2,0.0
2025-08-24 02:00:00,23.6,81,0.0,14.7,0.0
2025-08-24 03:00:00,23.2,81,0.0,14.5,0.0
2025-08-24 04:00:00,22.6,83,0.0,13.9,0.0
2025-08-24 05:00:00,22.2,85,0.0,12.7,0.0
2025-08-24 06:00:00,22.6,82,0.0,14.6,8.0
2025-08-24 07:00:00,23.1,81,0.0,13.0,110.0
2025-08-24 08:00:00,24.1,79,0.0,14.3,329.0
2025-08-24 09:00:00,25.3,74,0.0,15.4,473.0
2025-08-24 10:00:00,26.8,66,0.0,21.1,708.0
2025-08-24 11:00:00,28.1,59,0.0,20.8,823.0
2025-08-24 12:00:00,28.1,61,0.0,20.9,787.0
2025-08-24 13:00:00,28.9,58,0.1,17.7,847.0
2025-08-24 14:00:00,29.2,56,0.0,17.6,775.0
2025-08-24 15:00:00,29.0,57,0.0,17.7,648.0
2025-08-24 16:00:00,28.7,60,0.0,15.6,466.0
2025-08-24 17:00:00,28.1,63,0.0,13.6,264.0
2025-08-24 18:00:00,26.4,70,0.0,12.2,60.0
2025-08-24 19:00:00,25.9,71,0.0,12.4,0.0
2025-08-24 20:00:00,25.6,72,0.0,11.9,0.0
2025-08-24 21:00:00,25.3,73,0.0,10.5,0.0
2025-08-24 22:00:00,25.0,75,0.0,10.3,0.0
2025-08-24 23:00:00,24.7,75,0.0,12.4,0.0
2025-08-25 00:00:00,24.5,73,0.0,14.9,0.0
2025-08-25 01:00:00,23.9,75,0.0,14.8,0.0
2025-08-25 02:00:00,23.3,77,0.0,14.8,0.0
2025-08-25 03:00:00,22.7,79,0.0,14.6,0.0
2025-08-25 04:00:00,22.3,82,0.0,14.6,0.0
2025-08-25 05:00:00,21.9,85,0.0,13.9,0.0
2025-08-25 06:00:00,22.5,83,0.0,14.9,5.0
2025-08-25 07:00:00,22.9,83,0.0,12.1,120.0
2025-08-25 08:00:00,24.3,76,0.0,20.3,333.0
2025-08-25 09:00:00,26.0,67,0.0,19.8,509.0
2025-08-25 10:00:00,27.6,60,0.0,21.0,757.0
2025-08-25 11:00:00,27.7,64,0.0,19.7,736.0
2025-08-25 12:00:00,28.4,59,0.0,18.0,715.0
2025-08-25 13:00:00,29.4,55,0.1,17.3,887.0
2025-08-25 14:00:00,29.2,55,0.0,16.6,658.0
2025-08-25 15:00:00,29.2,57,0.0,15.9,664.0
2025-08-25 16:00:00,28.7,60,0.0,14.1,416.0
2025-08-25 17:00:00,28.2,64,0.0,11.8,255.0
2025-08-25 18:00:00,27.0,69,0.0,9.1,66.0
2025-08-25 19:00:00,26.1,73,0.0,9.9,0.0
2025-08-25 20:00:00,25.3,76,0.0,8.1,0.0
2025-08-25 21:00:00,25.0,79,0.0,9.4,0.0
2025-08-25 22:00:00,24.8,79,0.0,10.3,0.0
2025-08-25 23:00:00,24.5,78,0.0,10.6,0.0
2025-08-26 00:00:00,24.0,80,0.0,11.4,0.0
2025-08-26 01:00:00,23.8,80,0.0,12.3,0.0
2025-08-26 02:00:00,23.8,80,0.0,12.3,0.0
2025-08-26 03:00:00,23.6,82,0.0,11.3,0.0
2025-08-26 04:00:00,23.2,84,0.0,12.1,0.0
2025-08-26 05:00:00,22.8,86,0.0,12.8,0.0
2025-08-26 06:00:00,23.3,83,0.0,13.2,8.0
2025-08-26 07:00:00,23.7,82,0.0,13.2,73.0
2025-08-26 08:00:00,24.7,77,0.0,18.3,356.0
2025-08-26 09:00:00,25.3,77,0.1,14.9,441.0
2025-08-26 10:00:00,25.0,80,2.1,10.8,336.0
2025-08-26 11:00:00,24.6,84,3.1,10.8,280.0
2025-08-26 12:00:00,24.9,88,1.1,12.6,365.0
2025-08-26 13:00:00,26.0,80,0.4,10.3,493.0
2025-08-26 14:00:00,26.6,78,0.3,8.1,397.0
2025-08-26 15:00:00,26.7,75,2.7,14.0,406.0
2025-08-26 16:00:00,24.6,88,5.1,7.2,180.0
2025-08-26 17:00:00,23.6,93,1.2,9.7,21.0
2025-08-26 18:00:00,24.5,88,1.8,9.8,39.0
2025-08-26 19:00:00,23.9,91,0.9,8.8,0.0
2025-08-26 20:00:00,23.5,92,0.0,9.9,0.0
2025-08-26 21:00:00,23.4,92,0.2,8.5,0.0
2025-08-26 22:00:00,22.9,94,0.3,11.8,0.0
2025-08-26 23:00:00,22.7,94,0.5,12.1,0.0
2025-08-27 00:00:00,22.4,96,1.9,14.0,0.0
2025-08-27 01:00:00,22.3,96,1.4,15.2,0.0
2025-08-27 02:00:00,22.3,96,0.7,13.2,0.0
2025-08-27 03:00:00,22.3,95,0.6,17.0,0.0
2025-08-27 04:00:00,22.2,94,0.3,15.2,0.0
2025-08-27 05:00:00,22.3,94,0.3,13.8,0.0
2025-08-27 06:00:00,22.5,95,1.7,16.5,1.0
2025-08-27 07:00:00,22.5,95,2.5,14.1,7.0
2025-08-27 08:00:00,22.7,95,2.2,15.3,32.0
2025-08-27 09:00:00,22.9,94,3.8,15.5,92.0
2025-08-27 10:00:00,23.1,94,2.0,14.3,132.0
2025-08-27 11:00:00,22.9,95,2.3,13.3,86.0
2025-08-27 12:00:00,24.0,89,1.8,15.9,228.0
2025-08-27 13:00:00,24.1,89,0.6,13.5,181.0
2025-08-27 14:00:00,25.5,82,0.3,13.1,400.0
2025-08-27 15:00:00,26.7,78,0.2,12.0,554.0
2025-08-27 16:00:00,26.6,77,0.9,9.8,303.0
2025-08-27 17:00:00,23.8,88,0.6,7.3,77.0
2025-08-27 18:00:00,24.0,86,0.0,10.5,45.0
2025-08-27 19:00:00,23.6,89,0.0,11.7,0.0
2025-08-27 20:00:00,23.1,90,0.1,10.6,0.0
2025-08-27 21:00:00,22.9,91,0.4,11.3,0.0
2025-08-27 22:00:00,22.6,94,0.4,12.2,0.0
2025-08-27 23:00:00,22.4,95,0.8,13.2,0.0
2025-08-28 00:00:00,22.1,96,1.7,14.0,0.0
2025-08-28 01:00:00,22.0,96,1.0,13.1,0.0
2025-08-28 02:00:00,21.9,96,1.9,14.1,0.0
2025-08-28 03:00:00,21.8,96,2.1,11.9,0.0
2025-08-28 04:00:00,21.9,96,2.1,12.6,0.0
2025-08-28 05:00:00,21.9,96,1.1,12.8,0.0
2025-08-28 06:00:00,22.6,94,0.5,15.2,3.0
2025-08-28 07:00:00,22.9,93,0.3,13.1,41.0
2025-08-28 08:00:00,23.3,92,0.2,12.4,97.0
2025-08-28 09:00:00,24.1,89,0.7,15.9,280.0
2025-08-28 10:00:00,23.9,89,0.5,15.1,208.0
2025-08-28 11:00:00,24.5,85,0.6,17.6,365.0
2025-08-28 12:00:00,24.8,84,0.9,16.2,548.0
2025-08-28 13:00:00,26.0,80,0.4,17.0,659.0
2025-08-28 14:00:00,26.4,75,0.3,19.3,800.0
2025-08-28 15:00:00,26.5,78,0.3,15.3,637.0
2025-08-28 16:00:00,26.3,78,0.1,14.5,474.0
2025-08-28 17:00:00,25.5,81,0.2,12.2,139.0
2025-08-28 18:00:00,24.4,84,0.0,12.2,55.0
2025-08-28 19:00:00,23.9,88,0.0,11.8,0.0
2025-08-28 20:00:00,23.3,90,0.0,11.4,0.0
2025-08-28 21:00:00,23.3,92,0.0,12.1,0.0
2025-08-28 22:00:00,22.9,93,0.4,11.9,0.0
2025-08-28 23:00:00,22.5,94,2.3,11.8,0.0
2025-08-29 00:00:00,22.2,96,0.7,11.6,0.0
2025-08-29 01:00:00,22.2,96,0.3,14.0,0.0
2025-08-29 02:00:00,22.0,95,0.0,14.7,0.0
2025-08-29 03:00:00,21.8,94,0.0,14.1,0.0
2025-08-29 04:00:00,21.8,95,0.0,13.9,0.0
2025-08-29 05:00:00,22.1,93,0.0,13.9,0.0
2025-08-29 06:00:00,23.0,90,0.1,14.0,4.0
2025-08-29 07:00:00,23.0,91,0.0,12.9,52.0
2025-08-29 08:00:00,23.7,87,0.0,14.9,178.0
2025-08-29 09:00:00,25.3,79,0.0,18.2,522.0
2025-08-29 10:00:00,26.2,73,0.0,17.5,636.0
2025-08-29 11:00:00,27.2,69,0.0,16.8,744.0
2025-08-29 12:00:00,28.1,65,0.0,14.4,798.0
2025-08-29 13:00:00,28.6,62,0.2,15.1,838.0
2025-08-29 14:00:00,28.6,64,0.3,13.0,643.0
2025-08-29 15:00:00,28.1,66,0.1,13.2,566.0
2025-08-29 16:00:00,28.3,66,0.0,11.6,393.0
2025-08-29 17:00:00,27.5,71,0.0,11.5,235.0
2025-08-29 18:00:00,25.9,78,0.0,10.2,54.0
2025-08-29 19:00:00,25.4,81,0.0,8.9,0.0
2025-08-29 20:00:00,25.0,82,0.0,10.0,0.0
2025-08-29 21:00:00,24.5,84,0.0,9.0,0.0
2025-08-29 22:00:00,24.0,85,0.0,11.6,0.0
2025-08-29 23:00:00,23.8,87,0.0,10.9,0.0
2025-08-30 00:00:00,23.8,87,0.0,11.5,0.0
2025-08-30 01:00:00,23.7,86,0.0,12.4,0.0
2025-08-30 02:00:00,23.3,87,0.0,11.6,0.0
2025-08-30 03:00:00,22.9,89,0.0,10.9,0.0
2025-08-30 04:00:00,22.6,89,0.0,10.9,0.0
2025-08-30 05:00:00,22.5,90,0.0,11.4,0.0
2025-08-30 06:00:00,23.0,88,0.0,12.6,8.0
2025-08-30 07:00:00,23.7,86,0.0,11.7,135.0
2025-08-30 08:00:00,25.0,78,0.0,17.8,351.0
2025-08-30 09:00:00,26.1,74,0.0,16.4,410.0
2025-08-30 10:00:00,27.1,71,0.0,12.8,481.0
2025-08-30 11:00:00,27.9,68,0.0,12.7,585.0
2025-08-30 12:00:00,28.9,64,0.1,12.6,794.0
2025-08-30 13:00:00,29.5,60,0.1,12.6,858.0
2025-08-30 14:00:00,29.6,62,0.1,11.0,736.0
2025-08-30 15:00:00,29.4,63,0.1,10.8,592.0
2025-08-30 16:00:00,29.2,64,0.0,10.8,472.0
2025-08-30 17:00:00,28.7,68,0.0,8.6,259.0
2025-08-30 18:00:00,27.5,72,0.0,4.0,60.0
2025-08-30 19:00:00,26.7,76,0.0,5.6,0.0
2025-08-30 20:00:00,25.9,80,0.0,8.2,0.0
2025-08-30 21:00:00,25.2,81,0.0,10.5,0.0
2025-08-30 22:00:00,24.5,85,0.0,10.3,0.0
2025-08-30 23:00:00,24.0,86,0.0,11.4,0.0
2025-08-31 00:00:00,23.8,86,0.0,11.8,0.0
2025-08-31 01:00:00,23.7,87,0.0,12.1,0.0
2025-08-31 02:00:00,23.4,89,0.0,12.5,0.0
2025-08-31 03:00:00,23.2,90,0.0,12.3,0.0
2025-08-31 04:00:00,23.0,91,0.0,11.6,0.0
2025-08-31 05:00:00,22.9,92,0.0,11.9,0.0
2025-08-31 06:00:00,23.4,89,0.0,12.8,7.0
2025-08-31 07:00:00,24.0,87,0.0,12.1,127.0
2025-08-31 08:00:00,25.2,81,0.0,14.8,311.0
2025-08-31 09:00:00,25.6,79,0.3,14.9,329.0
2025-08-31 10:00:00,25.3,81,0.1,15.3,262.0
2025-08-31 11:00:00,26.3,76,0.1,16.2,421.0
2025-08-31 12:00:00,27.0,78,0.2,13.5,689.0
2025-08-31 13:00:00,28.0,74,0.4,14.4,830.0
2025-08-31 14:00:00,27.1,76,0.8,11.8,526.0
2025-08-31 15:00:00,25.6,84,0.2,7.8,162.0
2025-08-31 16:00:00,27.0,77,0.1,11.6,356.0
2025-08-31 17:00:00,27.0,79,0.0,9.8,229.0
2025-08-31 18:00:00,26.4,82,0.0,8.1,42.0
2025-08-31 19:00:00,25.7,85,0.0,8.4,0.0
2025-08-31 20:00:00,25.4,86,0.0,8.6,0.0
2025-08-31 21:00:00,24.7,89,0.5,12.7,0.0
2025-08-31 22:00:00,23.7,91,0.1,11.2,0.0
2025-08-31 23:00:00,23.4,90,0.1,12.1,0.0
2025-09-01 00:00:00,23.3,90,0.1,12.7,0.0
2025-09-01 01:00:00,23.1,91,0.1,14.3,0.0
2025-09-01 02:00:00,22.9,92,0.1,13.8,0.0
2025-09-01 03:00:00,23.0,92,0.3,13.8,0.0
2025-09-01 04:00:00,22.8,93,0.4,15.3,0.0
2025-09-01 05:00:00,22.7,93,0.2,15.5,0.0
2025-09-01 06:00:00,23.2,91,0.0,13.6,6.0
2025-09-01 07:00:00,23.6,90,0.0,12.6,80.0
2025-09-01 08:00:00,23.9,88,0.0,11.2,88.0
2025-09-01 09:00:00,25.1,80,0.1,18.3,325.0
2025-09-01 10:00:00,26.0,76,0.1,15.6,418.0
2025-09-01 11:00:00,27.1,70,0.0,16.1,513.0
2025-09-01 12:00:00,27.9,66,0.1,17.2,638.0
2025-09-01 13:00:00,27.8,68,0.1,14.7,524.0
2025-09-01 14:00:00,27.3,73,0.6,10.6,505.0
2025-09-01 15:00:00,26.7,74,1.5,11.9,494.0
2025-09-01 16:00:00,27.0,74,0.1,9.9,231.0
2025-09-01 17:00:00,23.9,89,4.5,9.7,106.0
2025-09-01 18:00:00,25.5,79,0.0,9.3,34.0
2025-09-01 19:00:00,24.7,84,0.1,8.2,0.0
2025-09-01 20:00:00,24.5,86,0.2,9.2,0.0
2025-09-01 21:00:00,24.6,85,0.0,10.0,0.0
2025-09-01 22:00:00,24.5,84,0.0,13.6,0.0
2025-09-01 23:00:00,23.7,87,0.1,12.5,0.0
2025-09-02 00:00:00,23.7,85,0.0,14.5,0.0
2025-09-02 01:00:00,23.3,86,0.0,13.1,0.0
2025-09-02 02:00:00,23.1,87,0.0,14.2,0.0
2025-09-02 03:00:00,23.0,88,0.0,15.5,0.0
2025-09-02 04:00:00,22.9,88,0.0,16.0,0.0
2025-09-02 05:00:00,22.7,88,0.0,15.5,0.0
2025-09-02 06:00:00,22.9,90,0.1,17.2,6.0
2025-09-02 07:00:00,23.3,89,0.1,14.9,91.0
2025-09-02 08:00:00,23.9,86,0.1,17.9,197.0
2025-09-02 09:00:00,24.8,80,0.1,21.0,303.0
2025-09-02 10:00:00,26.1,77,0.1,17.6,665.0
2025-09-02 11:00:00,25.8,76,0.2,16.5,372.0
2025-09-02 12:00:00,27.0,73,0.1,15.5,548.0
2025-09-02 13:00:00,27.0,70,0.2,15.6,404.0
2025-09-02 14:00:00,26.6,72,1.4,15.8,379.0
2025-09-02 15:00:00,25.6,80,0.1,9.4,253.0
2025-09-02 16:00:00,25.1,82,0.4,9.8,278.0
2025-09-02 17:00:00,24.5,85,0.0,10.1,120.0
2025-09-02 18:00:00,24.7,85,0.0,8.5,45.0
2025-09-02 19:00:00,24.5,87,0.9,8.2,0.0
2025-09-02 20:00:00,24.0,90,0.0,11.3,0.0
2025-09-02 21:00:00,23.7,91,0.1,9.6,0.0
2025-09-02 22:00:00,23.3,92,0.4,10.5,0.0
2025-09-02 23:00:00,23.0,93,0.2,13.5,0.0
2025-09-03 00:00:00,22.6,93,0.1,13.9,0.0
2025-09-03 01:00:00,22.4,93,0.0,13.7,0.0
2025-09-03 02:00:00,22.3,93,0.0,14.3,0.0
2025-09-03 03:00:00,22.2,92,0.0,14.2,0.0
2025-09-03 04:00:00,22.2,91,0.0,13.9,0.0
2025-09-03 05:00:00,22.3,91,0.0,14.3,0.0
2025-09-03 06:00:00,22.9,90,0.0,13.4,6.0
2025-09-03 07:00:00,23.5,89,0.0,11.3,104.0
2025-09-03 08:00:00,24.2,85,0.0,14.9,219.0
2025-09-03 09:00:00,25.0,79,0.0,15.4,309.0
2025-09-03 10:00:00,26.4,71,0.0,15.2,528.0
2025-09-03 11:00:00,26.8,67,0.0,14.5,503.0
2025-09-03 12:00:00,27.3,64,0.0,13.8,451.0
2025-09-03 13:00:00,28.0,60,0.0,15.3,508.0
2025-09-03 14:00:00,28.8,57,0.0,16.7,794.0
2025-09-03 15:00:00,28.4,59,0.0,15.6,501.0
2025-09-03 16:00:00,27.7,63,0.0,14.2,333.0
2025-09-03 17:00:00,26.8,70,0.0,12.2,171.0
2025-09-03 18:00:00,26.6,69,0.0,8.3,44.0
2025-09-03 19:00:00,25.6,75,0.0,6.0,0.0
2025-09-03 20:00:00,25.0,78,0.0,4.6,0.0
2025-09-03 21:00:00,24.4,82,0.0,6.0,0.0
2025-09-03 22:00:00,23.8,86,0.1,8.3,0.0
2025-09-03 23:00:00,23.5,87,0.0,6.5,0.0
2025-09-04 00:00:00,23.1,89,0.0,6.9,0.0
2025-09-04 01:00:00,22.8,91,0.1,9.5,0.0
2025-09-04 02:00:00,22.8,90,0.0,8.1,0.0
2025-09-04 03:00:00,22.4,92,0.0,10.6,0.0
2025-09-04 04:00:00,22.5,90,0.1,12.5,0.0
2025-09-04 05:00:00,22.1,91,0.1,10.3,0.0
2025-09-04 06:00:00,22.6,92,0.0,13.7,5.0
2025-09-04 07:00:00,23.1,90,0.0,12.9,58.0
2025-09-04 08:00:00,23.8,85,0.0,15.3,186.0
2025-09-04 09:00:00,25.2,76,0.0,16.2,408.0
2025-09-04 10:00:00,26.8,69,0.0,14.5,711.0
2025-09-04 11:00:00,27.8,63,0.0,17.2,840.0
2025-09-04 12:00:00,28.8,58,0.0,17.5,908.0
2025-09-04 13:00:00,29.3,55,0.0,18.0,866.0
2025-09-04 14:00:00,29.4,55,0.0,18.7,768.0
2025-09-04 15:00:00,28.9,59,0.0,15.1,597.0
2025-09-04 16:00:00,28.9,59,0.0,14.8,477.0
2025-09-04 17:00:00,28.1,64,0.0,10.8,212.0
2025-09-04 18:00:00,26.6,69,0.0,9.0,51.0
2025-09-04 19:00:00,25.8,73,0.0,7.6,0.0
2025-09-04 20:00:00,25.2,77,0.0,6.6,0.0
2025-09-04 21:00:00,24.6,80,0.0,7.2,0.0
2025-09-04 22:00:00,24.4,80,0.0,9.2,0.0
2025-09-04 23:00:00,24.0,81,0.0,9.8,0.0
2025-09-05 00:00:00,23.6,82,0.0,11.2,0.0
2025-09-05 01:00:00,23.3,83,0.0,10.7,0.0
2025-09-05 02:00:00,23.0,85,0.0,10.9,0.0
2025-09-05 03:00:00,22.8,85,0.0,11.1,0.0
2025-09-05 04:00:00,22.5,87,0.0,11.0,0.0
2025-09-05 05:00:00,22.2,89,0.0,9.9,0.0
2025-09-05 06:00:00,22.8,89,0.0,11.2,8.0
2025-09-05 07:00:00,23.4,87,0.0,10.7,141.0
2025-09-05 08:00:00,24.8,79,0.0,15.8,360.0
2025-09-05 09:00:00,25.9,73,0.0,14.5,540.0
2025-09-05 10:00:00,27.1,67,0.1,14.5,687.0
2025-09-05 11:00:00,28.3,61,0.1,14.8,865.0
2025-09-05 12:00:00,28.9,59,0.1,14.7,869.0
2025-09-05 13:00:00,29.1,58,0.1,14.7,790.0
2025-09-05 14:00:00,28.9,61,0.1,14.1,699.0
2025-09-05 15:00:00,28.8,62,0.1,13.1,542.0
2025-09-05 16:00:00,28.7,63,0.0,12.3,450.0
2025-09-05 17:00:00,28.3,66,0.0,9.1,235.0
2025-09-05 18:00:00,26.8,72,0.0,9.3,49.0
2025-09-05 19:00:00,26.0,75,0.0,8.1,0.0
2025-09-05 20:00:00,25.3,79,0.0,6.9,0.0
2025-09-05 21:00:00,24.7,82,0.0,7.1,0.0
2025-09-05 22:00:00,24.2,84,0.0,7.5,0.0
2025-09-05 23:00:00,23.9,84,0.0,8.5,0.0
2025-09-06 00:00:00,23.7,84,0.0,10.0,0.0
2025-09-06 01:00:00,23.6,84,0.0,11.6,0.0
2025-09-06 02:00:00,23.3,84,0.0,13.3,0.0
2025-09-06 03:00:00,23.2,84,0.0,11.5,0.0
2025-09-06 04:00:00,23.0,87,0.0,10.5,0.0
2025-09-06 05:00:00,22.8,89,0.0,9.6,0.0
2025-09-06 06:00:00,23.4,84,0.0,11.5,4.0
2025-09-06 07:00:00,23.6,84,0.0,9.3,57.0
2025-09-06 08:00:00,24.7,81,0.0,10.2,246.0
2025-09-06 09:00:00,26.1,76,0.0,10.6,547.0
2025-09-06 10:00:00,27.5,69,0.0,13.9,773.0
2025-09-06 11:00:00,28.3,66,0.0,11.2,767.0
2025-09-06 12:00:00,28.7,65,0.0,10.8,841.0
2025-09-06 13:00:00,28.4,67,0.0,10.0,661.0
2025-09-06 14:00:00,28.9,66,0.0,9.9,687.0
2025-09-06 15:00:00,28.7,66,0.1,10.5,563.0
2025-09-06 16:00:00,28.3,67,0.1,10.8,402.0
2025-09-06 17:00:00,27.8,69,0.0,10.1,236.0
2025-09-06 18:00:00,26.7,75,0.0,6.7,42.0
2025-09-06 19:00:00,26.1,80,0.0,6.3,0.0
2025-09-06 20:00:00,25.5,83,0.0,6.1,0.0
2025-09-06 21:00:00,24.9,85,0.0,6.1,0.0
2025-09-06 22:00:00,24.5,87,0.0,5.6,0.0
2025-09-06 23:00:00,24.2,88,0.0,6.0,0.0
2025-09-07 00:00:00,23.9,88,0.0,6.1,0.0
2025-09-07 01:00:00,23.5,89,0.0,7.0,0.0
2025-09-07 02:00:00,23.3,89,0.0,8.3,0.0
2025-09-07 03:00:00,23.3,87,0.0,10.5,0.0
2025-09-07 04:00:00,23.1,85,0.0,10.6,0.0
2025-09-07 05:00:00,22.6,86,0.0,9.7,0.0
2025-09-07 06:00:00,22.9,83,0.0,11.2,8.0
2025-09-07 07:00:00,23.3,80,0.0,9.9,137.0
2025-09-07 08:00:00,24.4,76,0.0,10.3,367.0
2025-09-07 09:00:00,25.8,70,0.0,10.7,595.0
2025-09-07 10:00:00,27.1,64,0.0,10.4,786.0
2025-09-07 11:00:00,28.1,60,0.0,9.6,915.0
2025-09-07 12:00:00,28.9,58,0.0,11.3,975.0
2025-09-07 13:00:00,29.3,56,0.0,13.6,909.0
2025-09-07 14:00:00,29.3,55,0.0,13.6,770.0
2025-09-07 15:00:00,29.0,54,0.0,12.9,552.0
2025-09-07 16:00:00,28.7,56,0.0,11.9,440.0
2025-09-07 17:00:00,28.0,59,0.0,10.3,225.0
2025-09-07 18:00:00,26.9,66,0.0,4.6,45.0
2025-09-07 19:00:00,26.0,71,0.0,5.7,0.0
2025-09-07 20:00:00,25.4,74,0.0,5.6,0.0
2025-09-07 21:00:00,24.8,75,0.0,6.6,0.0
2025-09-07 22:00:00,24.2,79,0.0,6.5,0.0
2025-09-07 23:00:00,23.8,81,0.0,6.4,0.0
2025-09-08 00:00:00,23.3,84,0.0,6.5,0.0
2025-09-08 01:00:00,22.9,86,0.0,6.7,0.0
2025-09-08 02:00:00,22.9,87,0.0,7.4,0.0
2025-09-08 03:00:00,22.9,87,0.0,8.1,0.0
2025-09-08 04:00:00,22.9,87,0.0,8.0,0.0
2025-09-08 05:00:00,22.7,88,0.0,8.6,0.0
2025-09-08 06:00:00,23.6,86,0.0,8.4,6.0
2025-09-08 07:00:00,24.2,85,0.0,7.1,98.0
2025-09-08 08:00:00,25.4,79,0.0,9.1,309.0
2025-09-08 09:00:00,26.7,73,0.0,8.4,508.0
2025-09-08 10:00:00,27.9,67,0.0,8.0,697.0
2025-09-08 11:00:00,29.0,62,0.1,7.3,843.0
2025-09-08 12:00:00,29.6,58,0.1,6.8,895.0
2025-09-08 13:00:00,30.0,56,0.1,6.6,863.0
2025-09-08 14:00:00,30.0,55,0.1,7.9,747.0
2025-09-08 15:00:00,29.7,56,0.1,9.5,570.0
2025-09-08 16:00:00,29.4,56,0.0,9.2,418.0
2025-09-08 17:00:00,28.9,58,0.0,9.7,213.0
2025-09-08 18:00:00,28.1,64,0.0,7.6,45.0
2025-09-08 19:00:00,26.9,70,0.0,7.1,0.0
2025-09-08 20:00:00,26.1,73,0.0,6.1,0.0
2025-09-08 21:00:00,25.7,73,0.0,6.7,0.0
2025-09-08 22:00:00,24.9,75,0.0,6.2,0.0
2025-09-08 23:00:00,24.3,77,0.0,5.2,0.0
2025-09-09 00:00:00,23.7,80,0.0,5.0,0.0
2025-09-09 01:00:00,23.5,81,0.0,4.9,0.0
2025-09-09 02:00:00,23.2,83,0.0,4.5,0.0
2025-09-09 03:00:00,22.8,85,0.0,5.9,0.0
2025-09-09 04:00:00,22.4,86,0.0,7.2,0.0
2025-09-09 05:00:00,22.2,85,0.0,6.3,0.0
2025-09-09 06:00:00,23.2,84,0.0,5.2,8.0
2025-09-09 07:00:00,24.1,82,0.0,2.5,140.0
2025-09-09 08:00:00,26.1,76,0.0,3.0,368.0
2025-09-09 09:00:00,27.9,67,0.0,3.7,594.0
2025-09-09 10:00:00,29.4,57,0.0,4.0,756.0
2025-09-09 11:00:00,30.4,52,0.0,3.0,878.0
2025-09-09 12:00:00,31.2,47,0.1,3.6,911.0
2025-09-09 13:00:00,31.8,44,0.2,5.5,880.0
2025-09-09 14:00:00,31.8,44,0.2,6.3,762.0
2025-09-09 15:00:00,31.5,45,0.3,7.7,625.0
2025-09-09 16:00:00,30.5,52,0.1,8.5,401.0
2025-09-09 17:00:00,30.1,54,0.0,8.7,225.0
2025-09-09 18:00:00,29.9,51,0.0,8.0,27.0
2025-09-09 19:00:00,29.1,56,0.0,7.0,0.0
2025-09-09 20:00:00,28.1,64,0.0,8.5,0.0
2025-09-09 21:00:00,27.1,70,0.0,3.8,0.0
2025-09-09 22:00:00,26.5,74,0.0,4.8,0.0
2025-09-09 23:00:00,26.1,77,0.0,4.9,0.0
2025-09-10 00:00:00,25.7,79,0.0,3.4,0.0
2025-09-10 01:00:00,25.4,80,0.0,1.2,0.0
2025-09-10 02:00:00,25.1,82,0.0,4.1,0.0
2025-09-10 03:00:00,24.7,85,0.0,3.8,0.0
2025-09-10 04:00:00,23.9,86,0.1,9.7,0.0
2025-09-10 05:00:00,22.9,90,0.0,9.4,0.0
2025-09-10 06:00:00,22.7,90,5.4,6.9,6.0
2025-09-10 07:00:00,22.6,94,2.3,4.0,40.0
2025-09-10 08:00:00,24.9,85,0.4,4.5,263.0
2025-09-10 09:00:00,26.6,78,0.0,5.4,441.0
2025-09-10 10:00:00,28.5,70,0.1,6.2,716.0
2025-09-10 11:00:00,29.3,66,0.0,7.3,821.0
2025-09-10 12:00:00,29.9,64,0.1,6.3,826.0
2025-09-10 13:00:00,30.7,59,0.1,6.7,839.0
2025-09-10 14:00:00,27.1,73,2.6,10.4,424.0
2025-09-10 15:00:00,27.2,75,1.0,5.8,318.0
2025-09-10 16:00:00,27.6,75,0.1,5.1,388.0
2025-09-10 17:00:00,27.5,74,0.0,8.4,170.0
2025-09-10 18:00:00,26.7,75,0.0,7.5,27.0
2025-09-10 19:00:00,26.4,79,0.0,8.4,0.0
2025-09-10 20:00:00,26.1,81,0.0,7.5,0.0
2025-09-10 21:00:00,25.6,84,0.0,6.7,0.0
2025-09-10 22:00:00,25.0,86,0.0,7.4,0.0
2025-09-10 23:00:00,24.6,88,0.0,9.0,0.0
2025-09-11 00:00:00,24.3,87,0.0,8.7,0.0
2025-09-11 01:00:00,24.0,89,0.0,8.3,0.0
2025-09-11 02:00:00,23.7,89,0.0,8.4,0.0
2025-09-11 03:00:00,23.5,90,0.0,10.0,0.0
2025-09-11 04:00:00,23.4,90,0.0,10.2,0.0
2025-09-11 05:00:00,23.6,89,0.0,11.7,0.0
2025-09-11 06:00:00,23.7,90,0.2,8.4,7.0
2025-09-11 07:00:00,23.9,87,0.0,10.6,97.0
2025-09-11 08:00:00,25.0,81,0.0,12.1,227.0
2025-09-11 09:00:00,24.1,84,0.9,11.6,223.0
2025-09-11 10:00:00,26.1,75,0.4,14.3,478.0
2025-09-11 11:00:00,24.3,88,6.9,9.4,127.0
2025-09-11 12:00:00,26.7,77,0.3,9.1,521.0
2025-09-11 13:00:00,25.7,76,1.2,14.7,607.0
2025-09-11 14:00:00,25.5,80,0.5,9.8,335.0
2025-09-11 15:00:00,26.2,79,0.2,11.1,354.0
2025-09-11 16:00:00,24.3,88,3.5,10.0,214.0
2025-09-11 17:00:00,24.0,91,0.4,10.2,60.0
2025-09-11 18:00:00,23.5,94,3.4,10.5,3.0
2025-09-11 19:00:00,23.5,94,1.7,13.0,0.0
2025-09-11 20:00:00,23.5,92,0.7,12.6,0.0
2025-09-11 21:00:00,23.3,93,0.2,12.0,0.0
2025-09-11 22:00:00,23.0,94,0.0,10.6,0.0
2025-09-11 23:00:00,22.7,94,0.0,9.5,0.0
2025-09-12 00:00:00,22.4,95,0.0,9.3,0.0
2025-09-12 01:00:00,22.3,95,0.0,9.4,0.0
2025-09-12 02:00:00,22.3,95,0.0,9.7,0.0
2025-09-12 03:00:00,22.3,95,0.0,11.3,0.0
2025-09-12 04:00:00,21.9,96,1.4,5.0,0.0
2025-09-12 05:00:00,22.0,96,1.0,9.3,0.0
2025-09-12 06:00:00,22.6,94,0.0,10.1,6.0
2025-09-12 07:00:00,23.4,90,0.0,10.9,107.0
2025-09-12 08:00:00,24.2,85,0.1,12.4,216.0
2025-09-12 09:00:00,24.8,84,0.1,12.8,308.0
2025-09-12 10:00:00,25.7,80,0.0,10.7,330.0
2025-09-12 11:00:00,24.7,79,0.1,11.9,294.0
2025-09-12 12:00:00,24.7,83,2.9,7.5,276.0
2025-09-12 13:00:00,25.0,84,0.3,8.2,355.0
2025-09-12 14:00:00,25.6,80,0.1,7.7,392.0
2025-09-12 15:00:00,25.7,81,0.2,8.3,210.0
2025-09-12 16:00:00,25.5,82,0.2,8.4,163.0
2025-09-12 17:00:00,25.2,84,0.0,7.6,112.0
2025-09-12 18:00:00,24.4,90,0.0,4.8,23.0
2025-09-12 19:00:00,24.5,91,0.1,7.5,0.0
2025-09-12 20:00:00,24.0,90,0.1,8.6,0.0
2025-09-12 21:00:00,23.2,93,0.0,9.2,0.0
2025-09-12 22:00:00,23.1,94,0.0,6.1,0.0
2025-09-12 23:00:00,22.9,94,0.0,6.4,0.0
2025-09-13 00:00:00,22.8,95,0.0,8.0,0.0
2025-09-13 01:00:00,22.7,96,0.0,7.4,0.0
2025-09-13 02:00:00,22.8,96,0.0,8.7,0.0
2025-09-13 03:00:00,22.8,95,0.0,7.6,0.0
2025-09-13 04:00:00,22.8,96,0.0,7.6,0.0
2025-09-13 05:00:00,22.8,96,0.0,8.4,0.0
2025-09-13 06:00:00,22.5,94,0.1,7.7,5.0
2025-09-13 07:00:00,23.3,91,0.0,6.6,120.0
2025-09-13 08:00:00,24.6,85,0.0,9.0,320.0
2025-09-13 09:00:00,25.4,81,0.1,7.5,284.0
2025-09-13 10:00:00,26.7,78,0.2,4.2,551.0
2025-09-13 11:00:00,27.2,74,0.1,1.7,496.0
2025-09-13 12:00:00,26.7,77,0.6,1.5,307.0
2025-09-13 13:00:00,23.8,90,3.2,9.6,263.0
2025-09-13 14:00:00,24.6,84,0.7,1.6,211.0
2025-09-13 15:00:00,24.7,87,0.6,0.5,184.0
2025-09-13 16:00:00,25.5,85,0.1,2.0,248.0
2025-09-13 17:00:00,25.3,84,0.1,3.1,142.0
2025-09-13 18:00:00,24.4,89,1.1,4.7,12.0
2025-09-13 19:00:00,23.9,94,0.7,6.4,0.0
2025-09-13 20:00:00,23.6,95,1.6,6.8,0.0
2025-09-13 21:00:00,23.4,96,1.3,7.9,0.0
2025-09-13 22:00:00,23.3,96,0.9,7.8,0.0
2025-09-13 23:00:00,23.1,95,0.1,7.8,0.0
2025-09-14 00:00:00,22.4,97,0.0,9.4,0.0
2025-09-14 01:00:00,21.9,98,0.0,4.7,0.0
2025-09-14 02:00:00,21.7,98,2.3,5.6,0.0
2025-09-14 03:00:00,21.9,98,1.4,5.5,0.0
2025-09-14 04:00:00,21.9,98,0.1,8.1,0.0
2025-09-14 05:00:00,21.9,98,0.0,7.8,0.0
2025-09-14 06:00:00,23.0,94,0.2,8.5,4.0
2025-09-14 07:00:00,22.9,93,0.1,8.9,81.0
2025-09-14 08:00:00,24.3,85,0.0,10.1,334.0
2025-09-14 09:00:00,25.9,78,0.0,8.9,438.0
2025-09-14 10:00:00,26.9,73,0.1,7.8,498.0
2025-09-14 11:00:00,28.2,69,0.1,6.9,797.0
2025-09-14 12:00:00,28.6,72,0.3,6.6,879.0
2025-09-14 13:00:00,28.8,72,0.0,4.6,746.0
2025-09-14 14:00:00,29.3,70,0.0,2.3,783.0
2025-09-14 15:00:00,29.3,69,0.0,2.6,625.0
2025-09-14 16:00:00,28.4,70,0.5,4.9,386.0
2025-09-14 17:00:00,26.1,80,0.9,2.2,148.0
2025-09-14 18:00:00,26.6,81,0.0,4.3,33.0
2025-09-14 19:00:00,26.3,84,0.0,5.0,0.0
2025-09-14 20:00:00,25.1,88,0.7,3.9,0.0
2025-09-14 21:00:00,24.0,92,0.5,6.0,0.0
2025-09-14 22:00:00,23.3,95,0.0,3.0,0.0
2025-09-14 23:00:00,23.0,96,0.0,1.9,0.0
2025-09-15 00:00:00,22.9,97,0.0,3.2,0.0
2025-09-15 01:00:00,23.1,97,0.0,7.1,0.0
2025-09-15 02:00:00,22.9,94,0.0,10.5,0.0
2025-09-15 03:00:00,22.6,94,0.0,9.6,0.0
2025-09-15 04:00:00,22.7,94,0.0,7.9,0.0
2025-09-15 05:00:00,22.9,93,0.0,8.7,0.0
2025-09-15 06:00:00,23.5,93,0.0,10.4,5.0
2025-09-15 07:00:00,24.0,90,0.0,11.9,112.0
2025-09-15 08:00:00,25.0,84,0.0,13.4,249.0
2025-09-15 09:00:00,26.1,79,0.1,11.4,461.0
2025-09-15 10:00:00,27.3,74,0.0,11.0,630.0
2025-09-15 11:00:00,28.0,71,0.0,10.6,682.0
2025-09-15 12:00:00,28.5,70,0.0,9.3,689.0
2025-09-15 13:00:00,28.7,68,0.1,10.6,626.0
2025-09-15 14:00:00,28.7,67,0.0,12.6,589.0
2025-09-15 15:00:00,28.9,66,0.0,12.0,544.0
2025-09-15 16:00:00,25.9,81,1.8,11.3,342.0
2025-09-15 17:00:00,25.5,86,0.6,4.3,117.0
2025-09-15 18:00:00,26.2,81,0.0,6.8,19.0
2025-09-15 19:00:00,25.7,84,0.0,6.3,0.0
2025-09-15 20:00:00,25.3,86,0.0,4.6,0.0
2025-09-15 21:00:00,24.4,89,1.9,5.9,0.0
2025-09-15 22:00:00,23.8,92,0.0,3.8,0.0
2025-09-15 23:00:00,23.6,93,0.0,4.5,0.0
2025-09-16 00:00:00,23.4,94,0.0,6.5,0.0
2025-09-16 01:00:00,23.0,96,0.0,1.5,0.0
2025-09-16 02:00:00,23.1,96,0.0,6.0,0.0
2025-09-16 03:00:00,22.9,97,0.0,6.7,0.0
2025-09-16 04:00:00,22.9,96,0.0,5.9,0.0
2025-09-16 05:00:00,22.9,95,0.0,6.3,0.0
2025-09-16 06:00:00,23.2,95,0.0,6.4,6.0
2025-09-16 07:00:00,24.0,91,0.0,8.9,129.0
2025-09-16 08:00:00,24.8,86,0.1,10.1,279.0
2025-09-16 09:00:00,26.0,79,0.1,8.5,379.0
2025-09-16 10:00:00,27.5,72,0.1,8.9,631.0
2025-09-16 11:00:00,28.0,70,0.2,8.8,728.0
2025-09-16 12:00:00,28.5,71,0.1,7.0,660.0
2025-09-16 13:00:00,28.9,68,0.1,6.8,680.0
2025-09-16 14:00:00,29.4,66,0.1,5.6,502.0
2025-09-16 15:00:00,25.8,80,5.3,8.7,548.0
2025-09-16 16:00:00,25.2,84,1.5,0.8,211.0
2025-09-16 17:00:00,25.5,83,0.0,2.5,106.0
2025-09-16 18:00:00,26.2,81,0.0,5.0,20.0
2025-09-16 19:00:00,25.7,85,0.0,5.4,0.0
2025-09-16 20:00:00,25.1,88,0.0,6.2,0.0
2025-09-16 21:00:00,24.6,90,0.0,4.9,0.0
2025-09-16 22:00:00,24.2,92,0.0,5.5,0.0
2025-09-16 23:00:00,23.9,94,0.0,5.0,0.0
2025-09-17 00:00:00,23.5,96,0.0,4.3,0.0
2025-09-17 01:00:00,23.1,97,0.0,5.2,0.0
2025-09-17 02:00:00,22.8,97,0.0,5.9,0.0
2025-09-17 03:00:00,22.6,97,0.0,6.7,0.0
2025-09-17 04:00:00,22.5,97,0.0,7.2,0.0
2025-09-17 05:00:00,22.8,95,0.0,6.4,0.0
2025-09-17 06:00:00,23.3,93,0.0,4.7,6.0
2025-09-17 07:00:00,23.9,92,0.0,3.1,115.0
2025-09-17 08:00:00,25.0,86,0.0,3.6,272.0
2025-09-17 09:00:00,26.2,82,0.1,3.4,441.0
2025-09-17 10:00:00,27.4,76,0.1,2.6,633.0
2025-09-17 11:00:00,28.0,74,0.1,1.4,668.0
2025-09-17 12:00:00,28.6,70,0.1,0.6,647.0
2025-09-17 13:00:00,28.6,68,0.0,1.6,502.0
2025-09-17 14:00:00,28.8,68,0.0,0.7,375.0
2025-09-17 15:00:00,27.2,75,0.6,6.1,486.0
2025-09-17 16:00:00,26.4,79,0.1,6.5,280.0
2025-09-17 17:00:00,26.0,82,0.1,2.0,160.0
2025-09-17 18:00:00,26.1,84,0.0,4.7,30.0
2025-09-17 19:00:00,25.9,86,0.0,4.0,0.0
2025-09-17 20:00:00,25.7,87,0.0,3.2,0.0
2025-09-17 21:00:00,25.4,88,0.0,4.5,0.0
2025-09-17 22:00:00,24.8,89,0.0,4.2,0.0
2025-09-17 23:00:00,24.5,90,0.0,4.5,0.0
2025-09-18 00:00:00,24.1,91,0.0,4.3,0.0
2025-09-18 01:00:00,22.8,93,0.7,5.5,0.0
2025-09-18 02:00:00,22.6,93,0.8,10.0,0.0
2025-09-18 03:00:00,22.1,95,0.0,8.6,0.0
2025-09-18 04:00:00,22.0,96,0.0,5.5,0.0
2025-09-18 05:00:00,21.9,96,0.0,5.6,0.0
2025-09-18 06:00:00,23.3,96,0.0,3.0,6.0
2025-09-18 07:00:00,24.2,93,0.0,4.2,126.0
2025-09-18 08:00:00,25.4,86,0.0,5.0,352.0
2025-09-18 09:00:00,26.7,79,0.0,4.2,571.0
2025-09-18 10:00:00,28.0,71,0.1,4.4,739.0
2025-09-18 11:00:00,28.8,67,0.1,5.1,851.0
2025-09-18 12:00:00,29.4,66,0.0,4.1,821.0
2025-09-18 13:00:00,30.0,65,0.0,3.9,886.0
2025-09-18 14:00:00,29.8,66,0.0,2.9,767.0
2025-09-18 15:00:00,29.4,67,0.0,2.4,462.0
2025-09-18 16:00:00,28.5,72,0.3,3.1,304.0
2025-09-18 17:00:00,26.8,80,3.5,4.1,179.0
2025-09-18 18:00:00,26.8,81,0.0,4.4,29.0
2025-09-18 19:00:00,26.4,84,0.3,3.9,0.0
2025-09-18 20:00:00,26.1,86,0.0,3.0,0.0
2025-09-18 21:00:00,25.2,91,0.0,6.4,0.0
2025-09-18 22:00:00,24.5,93,0.0,6.2,0.0
2025-09-18 23:00:00,23.8,96,0.5,7.1,0.0
2025-09-19 00:00:00,22.5,95,6.2,9.1,0.0
2025-09-19 01:00:00,22.6,96,0.0,7.0,0.0
2025-09-19 02:00:00,22.5,96,0.0,7.7,0.0
2025-09-19 03:00:00,22.7,96,0.0,6.9,0.0
2025-09-19 04:00:00,22.2,96,0.0,8.1,0.0
2025-09-19 05:00:00,22.0,97,0.0,5.8,0.0
2025-09-19 06:00:00,23.1,96,0.0,8.4,7.0
2025-09-19 07:00:00,24.0,91,0.0,11.2,126.0
2025-09-19 08:00:00,25.2,83,0.0,9.8,241.0
2025-09-19 09:00:00,26.7,75,0.0,8.5,494.0
2025-09-19 10:00:00,27.8,71,0.1,6.5,681.0
2025-09-19 11:00:00,28.8,65,0.1,5.4,819.0
2025-09-19 12:00:00,29.6,63,0.0,4.6,875.0
2025-09-19 13:00:00,30.1,60,0.0,4.1,848.0
2025-09-19 14:00:00,30.3,59,0.1,3.2,759.0
2025-09-19 15:00:00,29.5,63,0.0,6.5,593.0
2025-09-19 16:00:00,28.6,68,0.1,6.5,371.0
2025-09-19 17:00:00,28.3,69,0.0,2.3,199.0
2025-09-19 18:00:00,27.7,75,0.0,4.9,28.0
2025-09-19 19:00:00,26.9,80,0.4,6.3,0.0
2025-09-19 20:00:00,24.6,90,2.8,5.2,0.0
2025-09-19 21:00:00,23.3,94,4.7,6.7,0.0
2025-09-19 22:00:00,22.3,98,1.6,7.2,0.0
2025-09-19 23:00:00,22.4,97,0.1,7.6,0.0
2025-09-20 00:00:00,22.6,94,0.0,6.4,0.0
2025-09-20 01:00:00,22.2,96,0.0,10.3,0.0
2025-09-20 02:00:00,22.1,96,0.0,8.7,0.0
2025-09-20 03:00:00,21.9,96,0.0,10.3,0.0
2025-09-20 04:00:00,22.2,95,0.0,9.7,0.0
2025-09-20 05:00:00,22.4,94,0.0,8.5,0.0
2025-09-20 06:00:00,23.5,94,0.0,9.1,6.0
2025-09-20 07:00:00,24.3,90,0.0,11.6,108.0
2025-09-20 08:00:00,25.2,85,0.0,11.5,224.0
2025-09-20 09:00:00,26.8,77,0.0,10.5,491.0
2025-09-20 10:00:00,27.8,72,0.0,10.1,597.0
2025-09-20 11:00:00,28.6,69,0.0,7.7,715.0
2025-09-20 12:00:00,29.6,64,0.1,6.1,912.0
2025-09-20 13:00:00,30.0,64,0.0,6.3,849.0
2025-09-20 14:00:00,30.0,64,0.0,6.7,756.0
2025-09-20 15:00:00,29.1,68,0.4,8.2,617.0
2025-09-20 16:00:00,29.0,68,0.3,4.5,362.0
2025-09-20 17:00:00,28.5,68,0.7,5.8,180.0
2025-09-20 18:00:00,26.7,80,0.0,7.1,28.0
2025-09-20 19:00:00,25.9,84,0.0,7.2,0.0
2025-09-20 20:00:00,25.3,85,0.0,6.2,0.0
2025-09-20 21:00:00,25.0,87,0.0,3.3,0.0
2025-09-20 22:00:00,24.4,89,0.1,2.9,0.0
2025-09-20 23:00:00,23.6,95,0.6,1.3,0.0
2025-09-21 00:00:00,23.6,95,0.1,5.1,0.0
2025-09-21 01:00:00,23.4,92,0.7,11.0,0.0
2025-09-21 02:00:00,22.9,93,0.1,10.1,0.0
2025-09-21 03:00:00,22.5,93,0.1,9.4,0.0
2025-09-21 04:00:00,22.5,94,0.0,10.3,0.0
2025-09-21 05:00:00,22.4,95,0.0,10.0,0.0
2025-09-21 06:00:00,23.1,92,0.0,8.8,3.0
2025-09-21 07:00:00,23.6,92,0.0,6.6,92.0
2025-09-21 08:00:00,25.2,82,0.0,11.3,291.0
2025-09-21 09:00:00,26.1,79,0.0,11.6,383.0
2025-09-21 10:00:00,27.4,74,0.0,10.8,615.0
2025-09-21 11:00:00,28.2,69,0.0,9.8,580.0
2025-09-21 12:00:00,29.1,65,0.1,8.2,781.0
2025-09-21 13:00:00,29.7,66,0.2,6.5,849.0
2025-09-21 14:00:00,29.7,66,0.0,6.5,692.0
2025-09-21 15:00:00,29.3,69,0.0,7.0,621.0
2025-09-21 16:00:00,28.1,71,0.9,6.8,413.0
2025-09-21 17:00:00,27.5,75,0.6,3.8,143.0
2025-09-21 18:00:00,25.9,85,0.7,5.3,19.0
2025-09-21 19:00:00,25.5,88,1.7,5.2,0.0
2025-09-21 20:00:00,25.2,93,1.2,2.7,0.0
2025-09-21 21:00:00,23.8,95,0.7,8.1,0.0
2025-09-21 22:00:00,23.3,97,1.0,7.5,0.0
2025-09-21 23:00:00,23.1,95,1.2,7.8,0.0
2025-09-22 00:00:00,23.0,95,1.1,7.9,0.0
2025-09-22 01:00:00,22.9,95,0.2,10.3,0.0
2025-09-22 02:00:00,22.6,96,0.0,10.5,0.0
2025-09-22 03:00:00,22.5,96,0.0,11.7,0.0
2025-09-22 04:00:00,22.4,96,0.1,11.0,0.0
2025-09-22 05:00:00,22.5,95,0.0,10.1,0.0
2025-09-22 06:00:00,22.8,95,0.0,11.1,6.0
2025-09-22 07:00:00,23.8,91,0.0,11.6,88.0
2025-09-22 08:00:00,24.5,88,0.1,11.2,130.0
2025-09-22 09:00:00,25.7,82,0.1,11.1,355.0
2025-09-22 10:00:00,26.9,75,0.0,9.6,539.0
2025-09-22 11:00:00,27.8,71,0.2,9.7,741.0
2025-09-22 12:00:00,28.2,71,0.1,8.8,749.0
2025-09-22 13:00:00,28.2,70,0.0,8.4,601.0
2025-09-22 14:00:00,28.4,69,0.0,7.7,433.0
2025-09-22 15:00:00,26.0,79,0.5,6.1,284.0
2025-09-22 16:00:00,26.1,80,0.1,2.5,137.0
2025-09-22 17:00:00,26.3,80,0.0,2.9,112.0
2025-09-22 18:00:00,24.3,93,1.0,5.9,3.0
2025-09-22 19:00:00,24.2,94,0.9,5.1,0.0
2025-09-22 20:00:00,24.1,94,0.5,5.9,0.0
2025-09-22 21:00:00,24.0,96,0.3,7.0,0.0
2025-09-22 22:00:00,23.8,96,0.5,8.4,0.0
2025-09-22 23:00:00,23.6,96,1.1,8.7,0.0
2025-09-23 00:00:00,23.3,96,1.4,8.8,0.0
2025-09-23 01:00:00,23.1,96,1.2,8.4,0.0
2025-09-23 02:00:00,23.0,97,1.6,8.8,0.0
2025-09-23 03:00:00,22.9,97,2.0,9.1,0.0
2025-09-23 04:00:00,22.8,96,1.7,11.0,0.0
2025-09-23 05:00:00,22.7,96,0.9,10.8,0.0
2025-09-23 06:00:00,23.0,96,0.0,12.0,4.0
2025-09-23 07:00:00,23.4,93,0.0,12.6,63.0
2025-09-23 08:00:00,24.6,85,0.0,16.8,274.0
2025-09-23 09:00:00,26.0,76,0.1,14.1,373.0
2025-09-23 10:00:00,26.8,77,0.0,11.5,566.0
2025-09-23 11:00:00,27.2,76,0.0,10.4,580.0
2025-09-23 12:00:00,28.0,74,0.0,9.7,741.0
2025-09-23 13:00:00,28.5,70,0.0,9.1,790.0
2025-09-23 14:00:00,28.7,69,0.2,9.2,675.0
2025-09-23 15:00:00,25.8,78,0.5,12.2,496.0
2025-09-23 16:00:00,25.9,78,0.1,10.8,297.0
2025-09-23 17:00:00,24.5,84,0.1,10.1,122.0
2025-09-23 18:00:00,24.1,88,0.4,9.6,20.0
2025-09-23 19:00:00,23.9,90,0.0,10.8,0.0
2025-09-23 20:00:00,23.8,90,0.0,11.3,0.0
2025-09-23 21:00:00,23.7,90,0.0,11.4,0.0
2025-09-23 22:00:00,23.6,91,0.0,11.8,0.0
2025-09-23 23:00:00,23.5,91,0.0,11.6,0.0
2025-09-24 00:00:00,23.4,90,0.0,11.7,0.0
2025-09-24 01:00:00,23.2,90,0.0,11.8,0.0
2025-09-24 02:00:00,23.1,91,0.0,11.7,0.0
2025-09-24 03:00:00,22.7,91,0.0,12.1,0.0
2025-09-24 04:00:00,22.5,91,0.0,12.6,0.0
2025-09-24 05:00:00,22.5,91,0.0,13.1,0.0
2025-09-24 06:00:00,22.7,90,0.0,14.0,5.0
2025-09-24 07:00:00,23.0,89,0.0,13.4,81.0
2025-09-24 08:00:00,23.9,83,0.0,17.3,219.0
2025-09-24 09:00:00,25.5,74,0.0,19.1,508.0
2025-09-24 10:00:00,26.7,69,0.0,17.7,656.0
2025-09-24 11:00:00,27.1,66,0.0,16.0,510.0
2025-09-24 12:00:00,27.9,64,0.0,14.6,685.0
2025-09-24 13:00:00,28.3,64,0.0,13.5,763.0
2025-09-24 14:00:00,28.3,65,0.0,13.5,663.0
2025-09-24 15:00:00,28.2,65,0.0,12.9,526.0
2025-09-24 16:00:00,28.0,65,0.0,12.6,379.0
2025-09-24 17:00:00,27.4,70,0.0,10.1,146.0
2025-09-24 18:00:00,25.4,81,0.0,8.5,20.0
2025-09-24 19:00:00,24.9,84,0.0,9.1,0.0
2025-09-24 20:00:00,24.3,83,0.0,10.0,0.0
2025-09-24 21:00:00,23.9,84,0.0,9.8,0.0
2025-09-24 22:00:00,23.6,85,0.0,10.1,0.0
2025-09-24 23:00:00,23.5,86,0.0,10.3,0.0
2025-09-25 00:00:00,23.4,87,0.0,11.1,0.0
2025-09-25 01:00:00,23.3,86,0.1,12.9,0.0
2025-09-25 02:00:00,22.9,88,0.2,10.3,0.0
2025-09-25 03:00:00,23.0,87,0.1,14.9,0.0
2025-09-25 04:00:00,22.6,85,0.0,14.7,0.0
2025-09-25 05:00:00,22.6,86,0.0,14.3,0.0
2025-09-25 06:00:00,23.4,85,0.0,14.0,2.0
2025-09-25 07:00:00,23.6,84,0.0,13.4,31.0
2025-09-25 08:00:00,23.8,84,0.0,13.4,78.0
2025-09-25 09:00:00,24.0,84,0.1,12.7,132.0
2025-09-25 10:00:00,24.3,82,0.0,15.4,136.0
2025-09-25 11:00:00,25.3,75,0.0,17.7,348.0
2025-09-25 12:00:00,25.7,72,0.0,18.0,359.0
2025-09-25 13:00:00,25.1,76,0.3,18.0,329.0
2025-09-25 14:00:00,24.9,78,0.5,17.0,287.0
2025-09-25 15:00:00,24.6,81,0.5,15.2,227.0
2025-09-25 16:00:00,24.1,85,0.6,14.4,133.0
2025-09-25 17:00:00,23.8,86,0.2,14.2,65.0
2025-09-25 18:00:00,23.2,87,0.1,15.0,5.0
2025-09-25 19:00:00,23.0,86,0.4,14.2,0.0
2025-09-25 20:00:00,22.7,86,0.7,13.7,0.0
2025-09-25 21:00:00,22.4,88,0.9,12.9,0.0
2025-09-25 22:00:00,22.4,89,0.7,14.3,0.0
2025-09-25 23:00:00,22.2,88,0.6,15.9,0.0
2025-09-26 00:00:00,22.0,88,0.7,17.8,0.0
2025-09-26 01:00:00,21.9,89,1.0,16.7,0.0
2025-09-26 02:00:00,22.2,91,0.0,15.8,0.0
2025-09-26 03:00:00,22.1,90,0.1,15.3,0.0
2025-09-26 04:00:00,22.2,90,0.2,14.9,0.0
2025-09-26 05:00:00,22.0,91,0.7,14.7,0.0
2025-09-26 06:00:00,21.7,92,0.4,14.2,1.0
2025-09-26 07:00:00,21.9,93,0.6,11.8,22.0
2025-09-26 08:00:00,22.9,89,0.0,13.2,140.0
2025-09-26 09:00:00,24.2,84,0.1,8.6,200.0
2025-09-26 10:00:00,26.3,79,0.1,8.5,597.0
2025-09-26 11:00:00,26.1,78,2.4,10.3,380.0
2025-09-26 12:00:00,27.7,75,0.4,6.6,666.0
2025-09-26 13:00:00,25.0,84,5.6,6.6,220.0
2025-09-26 14:00:00,24.7,85,3.7,6.8,309.0
2025-09-26 15:00:00,25.3,84,0.2,4.2,306.0
2025-09-26 16:00:00,25.4,85,0.1,5.4,188.0
2025-09-26 17:00:00,25.4,86,0.1,7.7,96.0
2025-09-26 18:00:00,24.5,91,0.0,7.1,8.0
2025-09-26 19:00:00,23.8,90,0.1,12.0,0.0
2025-09-26 20:00:00,23.0,94,0.2,8.8,0.0
2025-09-26 21:00:00,22.8,94,0.1,11.3,0.0
2025-09-26 22:00:00,22.6,95,0.0,10.4,0.0
2025-09-26 23:00:00,22.6,96,0.1,10.0,0.0
2025-09-27 00:00:00,22.6,96,0.2,9.9,0.0
2025-09-27 01:00:00,22.6,96,0.1,9.7,0.0
2025-09-27 02:00:00,22.5,96,0.3,10.4,0.0
2025-09-27 03:00:00,22.4,96,0.5,10.5,0.0
2025-09-27 04:00:00,22.3,96,0.5,11.6,0.0
2025-09-27 05:00:00,22.0,96,0.5,12.1,0.0
2025-09-27 06:00:00,22.3,97,0.6,9.5,2.0
2025-09-27 07:00:00,22.6,97,0.8,9.9,30.0
2025-09-27 08:00:00,23.2,95,0.7,11.6,64.0
2025-09-27 09:00:00,23.9,90,0.7,13.3,156.0
2025-09-27 10:00:00,23.8,91,1.1,14.5,146.0
2025-09-27 11:00:00,24.3,88,1.2,13.9,336.0
2025-09-27 12:00:00,24.7,86,1.0,13.8,332.0
2025-09-27 13:00:00,24.5,91,0.9,11.0,361.0
2025-09-27 14:00:00,25.0,88,0.5,12.6,338.0
2025-09-27 15:00:00,24.9,88,0.4,10.8,248.0
2025-09-27 16:00:00,25.1,86,0.2,10.0,211.0
2025-09-27 17:00:00,24.7,86,0.1,11.2,109.0
2025-09-27 18:00:00,23.5,88,0.0,14.4,17.0
2025-09-27 19:00:00,23.3,90,0.0,14.1,0.0
2025-09-27 20:00:00,23.2,90,0.0,13.5,0.0
2025-09-27 21:00:00,23.2,90,0.1,13.5,0.0
2025-09-27 22:00:00,22.9,92,0.1,12.8,0.0
2025-09-27 23:00:00,22.7,92,0.0,13.8,0.0
2025-09-28 00:00:00,22.6,90,0.0,15.4,0.0
2025-09-28 01:00:00,22.2,89,0.0,15.1,0.0
2025-09-28 02:00:00,21.8,89,0.0,13.9,0.0
2025-09-28 03:00:00,21.8,88,0.0,13.2,0.0
2025-09-28 04:00:00,21.9,87,0.0,13.1,0.0
2025-09-28 05:00:00,21.7,88,0.0,13.1,0.0
2025-09-28 06:00:00,21.9,87,0.0,13.0,6.0
2025-09-28 07:00:00,22.5,86,0.0,11.0,122.0
2025-09-28 08:00:00,23.8,79,0.0,19.2,346.0
2025-09-28 09:00:00,24.8,74,0.0,19.1,462.0
2025-09-28 10:00:00,25.3,72,0.0,16.6,520.0
2025-09-28 11:00:00,25.1,73,0.0,16.1,367.0
2025-09-28 12:00:00,24.9,76,0.0,11.2,221.0
2025-09-28 13:00:00,26.7,68,0.2,14.8,679.0
2025-09-28 14:00:00,27.1,74,0.2,14.0,616.0
2025-09-28 15:00:00,26.4,76,0.8,11.2,413.0
2025-09-28 16:00:00,26.9,75,0.0,10.2,397.0
2025-09-28 17:00:00,24.3,85,1.7,14.1,171.0
2025-09-28 18:00:00,25.2,78,0.0,5.8,15.0
2025-09-28 19:00:00,24.1,84,0.3,10.2,0.0
2025-09-28 20:00:00,23.4,88,0.1,9.4,0.0
2025-09-28 21:00:00,23.3,89,0.0,7.1,0.0
2025-09-28 22:00:00,22.9,91,0.0,7.6,0.0
2025-09-28 23:00:00,22.7,91,0.0,8.4,0.0
2025-09-29 00:00:00,22.5,93,0.0,9.3,0.0
2025-09-29 01:00:00,22.5,93,0.0,9.9,0.0
2025-09-29 02:00:00,22.4,93,0.0,10.1,0.0
2025-09-29 03:00:00,22.3,90,0.0,10.1,0.0
2025-09-29 04:00:00,22.0,88,0.0,10.7,0.0
2025-09-29 05:00:00,21.6,88,0.0,10.0,0.0
2025-09-29 06:00:00,22.1,85,0.0,10.1,5.0
2025-09-29 07:00:00,22.8,84,0.0,8.9,123.0
2025-09-29 08:00:00,24.2,78,0.0,14.7,333.0
2025-09-29 09:00:00,25.7,71,0.0,12.6,518.0
2025-09-29 10:00:00,26.8,67,0.0,12.1,717.0
2025-09-29 11:00:00,27.9,61,0.0,14.1,834.0
2025-09-29 12:00:00,28.4,59,0.0,14.0,802.0
2025-09-29 13:00:00,29.0,57,0.0,14.1,808.0
2025-09-29 14:00:00,29.1,55,0.0,14.8,671.0
2025-09-29 15:00:00,29.2,55,0.0,12.4,473.0
2025-09-29 16:00:00,29.0,56,0.0,9.6,391.0
2025-09-29 17:00:00,28.2,63,0.0,6.1,177.0
2025-09-29 18:00:00,26.5,71,0.0,2.5,16.0
2025-09-29 19:00:00,25.6,75,0.0,4.3,0.0
2025-09-29 20:00:00,24.7,80,0.0,10.3,0.0
2025-09-29 21:00:00,23.5,88,0.0,9.7,0.0
2025-09-29 22:00:00,23.0,91,0.0,10.1,0.0
2025-09-29 23:00:00,22.9,91,0.0,11.1,0.0
2025-09-30 00:00:00,22.9,90,0.0,11.4,0.0
2025-09-30 01:00:00,22.9,91,0.0,12.4,0.0
2025-09-30 02:00:00,22.7,92,0.0,12.3,0.0
2025-09-30 03:00:00,22.5,92,0.0,12.1,0.0
2025-09-30 04:00:00,22.3,92,0.0,12.0,0.0
2025-09-30 05:00:00,22.1,91,0.0,11.5,0.0
2025-09-30 06:00:00,22.6,88,0.0,12.2,5.0
2025-09-30 07:00:00,23.3,86,0.0,9.7,128.0
2025-09-30 08:00:00,24.5,82,0.0,10.4,345.0
2025-09-30 09:00:00,25.8,77,0.0,10.3,536.0
2025-09-30 10:00:00,26.8,72,0.1,10.2,604.0
2025-09-30 11:00:00,27.3,69,0.0,11.3,560.0
2025-09-30 12:00:00,28.2,67,0.0,13.3,826.0
2025-09-30 13:00:00,28.3,67,0.0,13.6,817.0
2025-09-30 14:00:00,28.4,63,0.0,13.0,700.0
2025-09-30 15:00:00,28.4,62,0.0,13.0,583.0
2025-09-30 16:00:00,27.9,63,0.0,13.0,365.0
2025-09-30 17:00:00,26.9,72,0.0,8.5,132.0
2025-09-30 18:00:00,26.1,78,0.0,7.1,14.0
2025-09-30 19:00:00,25.7,79,0.0,7.1,0.0
2025-09-30 20:00:00,25.3,80,0.0,8.0,0.0
2025-09-30 21:00:00,24.9,81,0.0,8.1,0.0
2025-09-30 22:00:00,24.4,81,0.0,9.4,0.0
2025-09-30 23:00:00,24.2,80,0.0,11.7,0.0
2025-10-01 00:00:00,23.8,81,0.0,15.3,0.0
2025-10-01 01:00:00,23.4,81,0.0,13.9,0.0
2025-10-01 02:00:00,23.1,83,0.0,12.4,0.0
2025-10-01 03:00:00,22.7,86,0.0,11.7,0.0
2025-10-01 04:00:00,22.4,88,0.0,11.9,0.0
2025-10-01 05:00:00,22.6,87,0.0,11.6,0.0
2025-10-01 06:00:00,22.5,87,0.0,11.3,6.0
2025-10-01 07:00:00,23.1,87,0.0,9.0,123.0
2025-10-01 08:00:00,24.5,82,0.0,9.8,355.0
2025-10-01 09:00:00,26.0,76,0.0,11.0,573.0
2025-10-01 10:00:00,27.2,68,0.0,12.8,751.0
2025-10-01 11:00:00,28.2,62,0.0,16.4,833.0
2025-10-01 12:00:00,28.6,59,0.1,14.9,818.0
2025-10-01 13:00:00,28.8,60,0.1,14.0,803.0
2025-10-01 14:00:00,29.0,60,0.0,12.7,737.0
2025-10-01 15:00:00,29.2,57,0.0,11.7,592.0
2025-10-01 16:00:00,28.7,58,0.0,9.9,341.0
2025-10-01 17:00:00,27.4,67,0.0,7.5,123.0
2025-10-01 18:00:00,26.4,73,0.0,7.4,10.0
2025-10-01 19:00:00,25.5,78,0.0,8.1,0.0
2025-10-01 20:00:00,25.1,80,0.0,8.3,0.0
2025-10-01 21:00:00,24.7,81,0.0,8.0,0.0
2025-10-01 22:00:00,24.4,82,0.0,10.3,0.0
2025-10-01 23:00:00,24.0,85,0.0,9.2,0.0
2025-10-02 00:00:00,24.2,84,0.0,10.8,0.0
2025-10-02 01:00:00,23.7,85,0.0,11.2,0.0
2025-10-02 02:00:00,23.2,86,0.0,11.2,0.0
2025-10-02 03:00:00,23.0,85,0.0,12.5,0.0
2025-10-02 04:00:00,23.0,85,0.0,13.5,0.0
2025-10-02 05:00:00,23.3,86,0.0,13.3,0.0
2025-10-02 06:00:00,23.3,86,0.0,12.5,3.0
2025-10-02 07:00:00,23.5,85,0.0,10.5,66.0
2025-10-02 08:00:00,24.1,84,0.0,10.7,181.0
2025-10-02 09:00:00,24.8,80,0.0,10.7,259.0
2025-10-02 10:00:00,25.9,76,0.0,8.8,398.0
2025-10-02 11:00:00,27.1,67,0.0,13.0,487.0
2025-10-02 12:00:00,27.4,65,0.0,11.6,516.0
2025-10-02 13:00:00,27.8,64,0.0,11.8,572.0
2025-10-02 14:00:00,27.9,63,0.0,11.8,456.0
2025-10-02 15:00:00,27.6,64,0.0,10.7,258.0
2025-10-02 16:00:00,27.3,66,0.0,10.0,207.0
2025-10-02 17:00:00,26.8,73,0.0,8.8,127.0
2025-10-02 18:00:00,25.9,78,0.0,7.4,10.0
2025-10-02 19:00:00,25.3,81,0.0,7.4,0.0
2025-10-02 20:00:00,24.9,83,0.0,8.0,0.0
2025-10-02 21:00:00,24.6,84,0.0,9.0,0.0
2025-10-02 22:00:00,24.2,85,0.0,8.5,0.0
2025-10-02 23:00:00,23.9,87,0.0,7.6,0.0
2025-10-03 00:00:00,23.6,88,0.0,8.5,0.0
2025-10-03 01:00:00,23.4,89,0.0,9.0,0.0
2025-10-03 02:00:00,23.3,89,0.0,10.3,0.0
2025-10-03 03:00:00,23.1,88,0.0,10.3,0.0
2025-10-03 04:00:00,23.0,86,0.0,11.4,0.0
2025-10-03 05:00:00,23.0,88,0.0,11.8,0.0
2025-10-03 06:00:00,23.1,86,0.0,11.9,5.0
2025-10-03 07:00:00,23.8,85,0.0,9.2,109.0
2025-10-03 08:00:00,25.0,81,0.0,12.2,316.0
2025-10-03 09:00:00,26.6,72,0.0,15.4,545.0
2025-10-03 10:00:00,27.6,66,0.0,15.9,709.0
2025-10-03 11:00:00,28.1,64,0.0,14.6,803.0
2025-10-03 12:00:00,28.9,60,0.0,14.2,787.0
2025-10-03 13:00:00,29.5,57,0.0,13.4,822.0
2025-10-03 14:00:00,29.7,55,0.0,12.7,715.0
2025-10-03 15:00:00,29.7,54,0.0,11.6,555.0
2025-10-03 16:00:00,29.0,57,0.0,10.2,310.0
2025-10-03 17:00:00,27.4,69,0.0,8.6,144.0
2025-10-03 18:00:00,26.5,75,0.0,7.6,13.0
2025-10-03 19:00:00,25.9,78,0.0,7.4,0.0
2025-10-03 20:00:00,25.4,81,0.0,7.6,0.0
2025-10-03 21:00:00,25.0,84,0.0,8.3,0.0
2025-10-03 22:00:00,24.6,83,0.0,9.0,0.0
2025-10-03 23:00:00,24.6,83,0.0,8.9,0.0
2025-10-04 00:00:00,24.4,84,0.0,8.9,0.0
2025-10-04 01:00:00,24.1,85,0.0,9.4,0.0
2025-10-04 02:00:00,24.0,86,0.0,9.2,0.0
2025-10-04 03:00:00,23.7,86,0.0,9.3,0.0
2025-10-04 04:00:00,23.7,86,0.0,10.4,0.0
2025-10-04 05:00:00,23.6,87,0.0,11.6,0.0
2025-10-04 06:00:00,23.6,88,0.0,11.1,5.0
2025-10-04 07:00:00,24.3,86,0.0,8.7,124.0
2025-10-04 08:00:00,25.6,81,0.0,10.4,343.0
2025-10-04 09:00:00,27.0,74,0.0,11.6,517.0
2025-10-04 10:00:00,28.2,70,0.0,10.7,699.0
2025-10-04 11:00:00,28.5,69,0.2,11.0,822.0
2025-10-04 12:00:00,29.3,65,0.0,10.6,801.0
2025-10-04 13:00:00,29.7,60,0.1,11.6,752.0
2025-10-04 14:00:00,27.8,70,0.5,10.1,451.0
2025-10-04 15:00:00,28.8,66,0.0,8.7,503.0
2025-10-04 16:00:00,28.1,66,0.0,10.0,282.0
2025-10-04 17:00:00,27.4,73,0.0,7.0,119.0
2025-10-04 18:00:00,26.5,78,0.0,8.2,11.0
2025-10-04 19:00:00,26.0,80,0.0,7.5,0.0
2025-10-04 20:00:00,25.6,83,0.0,6.3,0.0
2025-10-04 21:00:00,25.2,86,0.0,6.5,0.0
2025-10-04 22:00:00,24.8,87,0.0,6.0,0.0
2025-10-04 23:00:00,24.4,88,0.0,5.4,0.0
2025-10-05 00:00:00,24.2,88,0.0,5.6,0.0
2025-10-05 01:00:00,23.9,88,0.0,5.9,0.0
2025-10-05 02:00:00,23.6,89,0.0,5.9,0.0
2025-10-05 03:00:00,23.4,89,0.0,5.8,0.0
2025-10-05 04:00:00,23.1,90,0.0,7.1,0.0
2025-10-05 05:00:00,22.3,88,0.0,9.7,0.0
2025-10-05 06:00:00,22.6,90,1.0,8.9,4.0
2025-10-05 07:00:00,23.2,90,0.2,10.4,89.0
2025-10-05 08:00:00,24.2,84,0.0,12.4,268.0
2025-10-05 09:00:00,26.1,75,0.0,10.7,471.0
2025-10-05 10:00:00,26.9,73,0.1,7.5,596.0
2025-10-05 11:00:00,27.6,71,0.0,8.9,788.0
2025-10-05 12:00:00,28.7,67,0.0,8.9,889.0
2025-10-05 13:00:00,29.2,63,0.1,8.9,833.0
2025-10-05 14:00:00,29.6,60,0.0,7.6,687.0
2025-10-05 15:00:00,28.9,62,0.0,7.6,497.0
2025-10-05 16:00:00,28.2,66,0.8,7.2,326.0
2025-10-05 17:00:00,26.3,75,0.1,3.0,131.0
2025-10-05 18:00:00,25.6,82,0.0,5.0,10.0
2025-10-05 19:00:00,25.2,84,0.0,4.2,0.0
2025-10-05 20:00:00,24.8,87,0.0,4.3,0.0
2025-10-05 21:00:00,24.5,88,0.0,2.6,0.0
2025-10-05 22:00:00,24.2,90,0.0,2.7,0.0
2025-10-05 23:00:00,24.3,89,0.0,5.4,0.0
2025-10-06 00:00:00,24.2,88,0.0,5.5,0.0
2025-10-06 01:00:00,23.7,89,0.0,5.9,0.0
2025-10-06 02:00:00,23.4,90,0.0,6.6,0.0
2025-10-06 03:00:00,23.0,92,0.0,6.4,0.0
2025-10-06 04:00:00,22.3,93,0.0,12.1,0.0
2025-10-06 05:00:00,21.7,96,0.1,10.5,0.0
2025-10-06 06:00:00,21.5,95,0.2,9.3,4.0
2025-10-06 07:00:00,22.1,90,0.0,9.6,75.0
2025-10-06 08:00:00,23.0,85,0.0,10.9,209.0
2025-10-06 09:00:00,25.1,77,0.0,12.2,513.0
2025-10-06 10:00:00,26.2,72,0.0,11.6,609.0
2025-10-06 11:00:00,27.7,65,0.0,10.0,720.0
2025-10-06 12:00:00,28.8,59,0.0,8.5,793.0
2025-10-06 13:00:00,29.0,57,0.0,9.1,628.0
2025-10-06 14:00:00,28.9,58,0.0,7.8,448.0
2025-10-06 15:00:00,29.6,55,0.0,5.7,576.0
2025-10-06 16:00:00,27.2,67,0.1,10.8,308.0
2025-10-06 17:00:00,26.2,74,0.0,7.4,81.0
2025-10-06 18:00:00,24.1,85,3.2,6.7,10.0
2025-10-06 19:00:00,23.0,93,4.8,4.8,0.0
2025-10-06 20:00:00,22.9,94,1.8,3.5,0.0
2025-10-06 21:00:00,22.8,96,0.0,4.8,0.0
2025-10-06 22:00:00,22.4,97,0.0,5.5,0.0
2025-10-06 23:00:00,21.6,93,0.0,3.4,0.0
2025-10-07 00:00:00,22.2,90,0.0,6.3,0.0
2025-10-07 01:00:00,22.1,91,0.0,6.5,0.0
2025-10-07 02:00:00,22.0,93,0.0,9.5,0.0
2025-10-07 03:00:00,21.8,94,0.0,7.1,0.0
2025-10-07 04:00:00,21.9,93,0.0,6.0,0.0
2025-10-07 05:00:00,21.9,93,0.0,5.2,0.0
2025-10-07 06:00:00,22.0,93,0.0,2.9,5.0
2025-10-07 07:00:00,22.9,89,0.0,3.2,118.0
2025-10-07 08:00:00,24.8,81,0.0,4.7,342.0
2025-10-07 09:00:00,26.8,72,0.0,5.9,557.0
2025-10-07 10:00:00,28.2,66,0.1,6.6,731.0
2025-10-07 11:00:00,28.2,67,0.1,6.8,815.0
2025-10-07 12:00:00,25.8,73,1.6,9.1,580.0
2025-10-07 13:00:00,26.6,71,0.3,5.0,498.0
2025-10-07 14:00:00,28.3,63,0.0,4.1,714.0
2025-10-07 15:00:00,28.5,64,0.0,4.0,567.0
2025-10-07 16:00:00,26.6,74,1.3,8.0,316.0
2025-10-07 17:00:00,25.6,80,0.0,5.4,122.0
2025-10-07 18:00:00,25.2,81,0.0,2.6,10.0
2025-10-07 19:00:00,25.1,81,0.0,2.7,0.0
2025-10-07 20:00:00,24.7,84,0.0,4.2,0.0
2025-10-07 21:00:00,24.4,86,0.0,3.6,0.0
2025-10-07 22:00:00,23.9,90,0.0,4.5,0.0
2025-10-07 23:00:00,23.9,94,0.0,3.9,0.0
2025-10-08 00:00:00,24.2,91,0.0,3.9,0.0
2025-10-08 01:00:00,23.9,91,0.0,3.3,0.0
2025-10-08 02:00:00,23.5,92,0.0,5.0,0.0
2025-10-08 03:00:00,23.2,93,0.0,4.8,0.0
2025-10-08 04:00:00,23.0,94,0.0,3.5,0.0
2025-10-08 05:00:00,22.7,90,0.0,3.8,0.0
2025-10-08 06:00:00,23.2,88,0.0,5.7,5.0
2025-10-08 07:00:00,24.2,87,0.0,2.8,127.0
2025-10-08 08:00:00,26.2,77,0.0,3.4,348.0
2025-10-08 09:00:00,27.7,64,0.0,5.2,569.0
2025-10-08 10:00:00,28.6,59,0.0,4.1,698.0
2025-10-08 11:00:00,29.3,55,0.0,3.3,813.0
2025-10-08 12:00:00,29.8,53,0.0,3.1,838.0
2025-10-08 13:00:00,30.3,50,0.0,2.4,823.0
2025-10-08 14:00:00,30.4,48,0.1,3.1,708.0
2025-10-08 15:00:00,30.3,49,0.1,4.1,560.0
2025-10-08 16:00:00,29.7,50,0.1,6.1,350.0
2025-10-08 17:00:00,27.7,65,0.0,3.4,138.0
2025-10-08 18:00:00,25.1,78,0.2,9.5,9.0
2025-10-08 19:00:00,24.4,80,0.2,7.0,0.0
2025-10-08 20:00:00,24.2,82,0.0,4.9,0.0
2025-10-08 21:00:00,24.2,84,0.0,2.7,0.0
2025-10-08 22:00:00,24.0,86,0.0,1.9,0.0
2025-10-08 23:00:00,22.9,90,0.0,3.8,0.0
2025-10-09 00:00:00,22.8,94,0.1,5.0,0.0
2025-10-09 01:00:00,22.5,95,0.0,0.4,0.0
2025-10-09 02:00:00,22.3,95,0.0,0.9,0.0
2025-10-09 03:00:00,22.0,96,0.0,2.2,0.0
2025-10-09 04:00:00,22.0,96,0.0,3.2,0.0
2025-10-09 05:00:00,23.3,89,0.0,8.2,0.0
2025-10-09 06:00:00,23.4,86,0.1,5.9,4.0
2025-10-09 07:00:00,24.2,85,0.0,3.1,121.0
2025-10-09 08:00:00,25.8,78,0.0,3.0,344.0
2025-10-09 09:00:00,27.1,70,0.0,4.4,559.0
2025-10-09 10:00:00,27.7,66,0.2,5.8,670.0
2025-10-09 11:00:00,28.0,67,0.1,5.3,749.0
2025-10-09 12:00:00,28.6,64,0.2,5.4,749.0
2025-10-09 13:00:00,28.8,61,0.3,6.3,733.0
2025-10-09 14:00:00,29.2,61,0.0,5.5,669.0
2025-10-09 15:00:00,29.2,59,0.0,7.2,523.0
2025-10-09 16:00:00,28.6,61,0.1,8.4,317.0
2025-10-09 17:00:00,28.6,58,0.0,6.7,129.0
2025-10-09 18:00:00,27.7,64,0.0,6.3,9.0
2025-10-09 19:00:00,26.7,69,0.0,7.9,0.0
2025-10-09 20:00:00,25.9,72,0.0,7.8,0.0
2025-10-09 21:00:00,25.5,74,0.0,6.6,0.0
2025-10-09 22:00:00,25.1,76,0.0,5.2,0.0
2025-10-09 23:00:00,24.9,75,0.0,4.8,0.0
2025-10-10 00:00:00,24.8,74,0.0,6.1,0.0
2025-10-10 01:00:00,24.3,75,0.0,5.2,0.0
2025-10-10 02:00:00,23.9,75,0.0,5.6,0.0
2025-10-10 03:00:00,23.3,77,0.0,6.8,0.0
2025-10-10 04:00:00,22.8,78,0.0,6.7,0.0
2025-10-10 05:00:00,22.8,76,0.0,5.4,0.0
2025-10-10 06:00:00,23.3,74,0.0,6.0,5.0
2025-10-10 07:00:00,23.8,75,0.0,4.8,99.0
2025-10-10 08:00:00,25.4,68,0.0,4.5,334.0
2025-10-10 09:00:00,27.4,55,0.0,4.7,579.0
2025-10-10 10:00:00,28.7,47,0.0,5.2,754.0
2025-10-10 11:00:00,29.4,45,0.0,6.2,870.0
2025-10-10 12:00:00,30.2,42,0.0,5.6,909.0
2025-10-10 13:00:00,30.6,41,0.0,6.7,871.0
2025-10-10 14:00:00,30.7,40,0.0,7.9,760.0
2025-10-10 15:00:00,30.5,40,0.0,8.9,578.0
2025-10-10 16:00:00,29.9,42,0.0,9.7,355.0
2025-10-10 17:00:00,29.1,47,0.0,8.1,141.0
2025-10-10 18:00:00,27.9,53,0.0,7.6,9.0
2025-10-10 19:00:00,26.9,57,0.0,7.8,0.0
2025-10-10 20:00:00,25.5,60,0.0,7.1,0.0
2025-10-10 21:00:00,24.4,64,0.0,6.7,0.0
2025-10-10 22:00:00,24.0,66,0.0,6.0,0.0
2025-10-10 23:00:00,23.3,72,0.0,4.4,0.0
2025-10-11 00:00:00,23.5,72,0.0,5.7,0.0
2025-10-11 01:00:00,23.0,72,0.0,6.1,0.0
2025-10-11 02:00:00,22.5,72,0.0,4.4,0.0
2025-10-11 03:00:00,22.0,72,0.0,4.9,0.0
2025-10-11 04:00:00,21.8,70,0.0,6.6,0.0
2025-10-11 05:00:00,22.0,71,0.0,7.5,0.0
2025-10-11 06:00:00,22.0,71,0.0,7.6,5.0
2025-10-11 07:00:00,22.9,70,0.0,5.6,124.0
2025-10-11 08:00:00,24.6,67,0.0,5.2,307.0
2025-10-11 09:00:00,26.7,58,0.0,6.8,515.0
2025-10-11 10:00:00,28.4,48,0.0,8.6,684.0
2025-10-11 11:00:00,29.6,46,0.0,10.1,818.0
2025-10-11 12:00:00,30.3,44,0.0,11.0,905.0
2025-10-11 13:00:00,30.8,41,0.0,10.9,875.0
2025-10-11 14:00:00,30.8,40,0.0,11.8,765.0
2025-10-11 15:00:00,30.6,40,0.0,12.3,597.0
2025-10-11 16:00:00,29.8,43,0.0,12.9,376.0
2025-10-11 17:00:00,28.8,44,0.0,10.5,128.0
2025-10-11 18:00:00,28.0,48,0.0,7.8,9.0
2025-10-11 19:00:00,27.0,52,0.0,8.1,0.0
2025-10-11 20:00:00,26.3,54,0.0,7.6,0.0
2025-10-11 21:00:00,25.6,57,0.0,6.7,0.0
2025-10-11 22:00:00,25.0,60,0.0,6.6,0.0
2025-10-11 23:00:00,24.2,66,0.0,5.6,0.0
2025-10-12 00:00:00,24.1,65,0.0,6.8,0.0
2025-10-12 01:00:00,23.8,64,0.0,6.8,0.0
2025-10-12 02:00:00,23.2,65,0.0,6.6,0.0
2025-10-12 03:00:00,22.7,68,0.0,6.2,0.0
2025-10-12 04:00:00,22.3,71,0.0,5.9,0.0
2025-10-12 05:00:00,22.5,75,0.0,7.5,0.0
2025-10-12 06:00:00,22.6,76,0.0,7.1,5.0
2025-10-12 07:00:00,23.5,74,0.0,4.8,130.0
2025-10-12 08:00:00,25.4,68,0.0,6.9,358.0
2025-10-12 09:00:00,27.3,55,0.0,9.1,580.0
2025-10-12 10:00:00,28.7,48,0.0,9.4,758.0
2025-10-12 11:00:00,29.8,45,0.0,8.7,872.0
2025-10-12 12:00:00,30.8,41,0.0,8.4,883.0
2025-10-12 13:00:00,31.3,40,0.0,8.3,852.0
2025-10-12 14:00:00,31.4,40,0.0,8.7,745.0
2025-10-12 15:00:00,31.1,41,0.0,8.4,555.0
2025-10-12 16:00:00,30.7,42,0.0,8.8,328.0
2025-10-12 17:00:00,30.0,44,0.0,8.4,120.0
2025-10-12 18:00:00,29.3,46,0.0,8.1,7.0
2025-10-12 19:00:00,28.4,53,0.0,8.1,0.0
2025-10-12 20:00:00,27.6,57,0.0,8.4,0.0
2025-10-12 21:00:00,26.9,59,0.0,8.3,0.0
2025-10-12 22:00:00,26.4,60,0.0,7.3,0.0
2025-10-12 23:00:00,25.5,65,0.0,5.2,0.0
2025-10-13 00:00:00,25.4,66,0.0,1.8,0.0
2025-10-13 01:00:00,24.9,68,0.0,0.6,0.0
2025-10-13 02:00:00,24.5,69,0.0,2.1,0.0
2025-10-13 03:00:00,24.1,71,0.0,2.8,0.0
2025-10-13 04:00:00,23.7,73,0.0,4.4,0.0
2025-10-13 05:00:00,23.7,75,0.0,5.2,0.0
2025-10-13 06:00:00,23.8,75,0.0,3.9,3.0
2025-10-13 07:00:00,24.1,74,0.0,4.1,42.0
2025-10-13 08:00:00,24.5,73,0.0,5.6,86.0
2025-10-13 09:00:00,24.6,74,0.0,6.6,115.0
2025-10-13 10:00:00,25.2,72,0.0,8.4,173.0
2025-10-13 11:00:00,26.2,71,0.0,7.2,264.0
2025-10-13 12:00:00,26.8,66,0.0,9.8,241.0
2025-10-13 13:00:00,27.3,61,0.0,9.3,266.0
2025-10-13 14:00:00,27.8,58,0.0,9.5,266.0
2025-10-13 15:00:00,28.1,56,0.0,10.4,262.0
2025-10-13 16:00:00,28.1,57,0.0,9.2,289.0
2025-10-13 17:00:00,27.7,60,0.2,9.8,98.0
2025-10-13 18:00:00,26.9,66,0.0,8.5,6.0
2025-10-13 19:00:00,26.1,72,0.0,8.2,0.0
2025-10-13 20:00:00,25.3,77,0.0,7.3,0.0
2025-10-13 21:00:00,24.7,80,0.0,6.8,0.0
2025-10-13 22:00:00,24.4,82,0.0,5.3,0.0
2025-10-13 23:00:00,24.1,85,0.0,5.3,0.0
2025-10-14 00:00:00,23.9,86,0.0,5.4,0.0
2025-10-14 01:00:00,23.5,89,0.0,6.1,0.0
2025-10-14 02:00:00,23.2,91,0.0,6.3,0.0
2025-10-14 03:00:00,22.9,93,0.0,5.9,0.0
2025-10-14 04:00:00,22.5,95,0.0,4.7,0.0
2025-10-14 05:00:00,22.5,95,0.0,5.4,0.0
2025-10-14 06:00:00,22.9,93,0.0,6.4,3.0
2025-10-14 07:00:00,23.5,90,0.0,8.4,95.0
2025-10-14 08:00:00,24.5,82,0.1,10.3,256.0
2025-10-14 09:00:00,25.8,75,0.1,10.5,459.0
2025-10-14 10:00:00,27.0,68,0.1,11.2,639.0
2025-10-14 11:00:00,27.9,64,0.1,12.2,729.0
2025-10-14 12:00:00,28.5,65,0.1,11.8,797.0
2025-10-14 13:00:00,28.9,63,0.1,10.0,754.0
2025-10-14 14:00:00,26.8,72,0.8,10.7,542.0
2025-10-14 15:00:00,27.9,68,0.0,10.4,457.0
2025-10-14 16:00:00,26.3,74,0.2,12.5,183.0
2025-10-14 17:00:00,26.3,75,0.5,8.1,98.0
2025-10-14 18:00:00,25.5,80,0.0,8.5,6.0
2025-10-14 19:00:00,24.8,84,0.0,6.9,0.0
2025-10-14 20:00:00,24.3,89,0.0,6.8,0.0
2025-10-14 21:00:00,23.9,91,0.0,7.0,0.0
2025-10-14 22:00:00,23.4,94,0.0,6.0,0.0
2025-10-14 23:00:00,22.6,97,0.0,6.2,0.0
2025-10-15 00:00:00,22.7,96,0.0,7.2,0.0
2025-10-15 01:00:00,22.7,96,0.0,7.1,0.0
2025-10-15 02:00:00,22.7,96,0.0,6.0,0.0
2025-10-15 03:00:00,22.6,96,0.0,7.1,0.0
2025-10-15 04:00:00,22.4,97,0.0,7.6,0.0
2025-10-15 05:00:00,22.3,98,0.0,10.1,0.0
2025-10-15 06:00:00,22.3,97,0.0,9.0,3.0
2025-10-15 07:00:00,23.0,92,0.0,11.5,88.0
2025-10-15 08:00:00,24.7,80,0.0,11.9,287.0
2025-10-15 09:00:00,26.1,70,0.0,10.3,519.0
2025-10-15 10:00:00,27.6,61,0.0,12.1,731.0
2025-10-15 11:00:00,29.0,54,0.0,11.4,846.0
2025-10-15 12:00:00,29.5,51,0.0,11.1,838.0
2025-10-15 13:00:00,29.6,50,0.2,11.2,770.0
2025-10-15 14:00:00,29.7,52,0.3,10.0,685.0
2025-10-15 15:00:00,29.4,54,0.1,11.1,523.0
2025-10-15 16:00:00,28.6,56,0.1,13.0,343.0
2025-10-15 17:00:00,28.2,59,0.0,10.9,115.0
2025-10-15 18:00:00,27.3,65,0.0,9.6,6.0
2025-10-15 19:00:00,26.5,70,0.0,8.1,0.0
2025-10-15 20:00:00,25.8,75,0.0,7.2,0.0
2025-10-15 21:00:00,25.2,78,0.0,6.5,0.0
2025-10-15 22:00:00,24.7,80,0.0,5.9,0.0
2025-10-15 23:00:00,24.5,83,0.0,5.4,0.0
2025-10-16 00:00:00,24.2,85,0.0,5.0,0.0
2025-10-16 01:00:00,23.9,86,0.0,4.4,0.0
2025-10-16 02:00:00,23.6,88,0.0,4.5,0.0
2025-10-16 03:00:00,23.3,90,0.0,4.7,0.0
2025-10-16 04:00:00,22.9,91,0.0,5.6,0.0
2025-10-16 05:00:00,22.6,93,0.0,4.7,0.0
2025-10-16 06:00:00,23.0,90,0.0,5.2,4.0
2025-10-16 07:00:00,24.0,82,0.0,5.5,121.0
2025-10-16 08:00:00,25.8,69,0.0,8.1,341.0
2025-10-16 09:00:00,27.4,61,0.0,10.1,558.0
2025-10-16 10:00:00,28.8,54,0.0,12.2,730.0
2025-10-16 11:00:00,29.6,50,0.0,13.7,810.0
2025-10-16 12:00:00,30.5,46,0.0,13.7,835.0
2025-10-16 13:00:00,30.9,45,0.0,13.9,817.0
2025-10-16 14:00:00,31.0,44,0.0,12.6,700.0
2025-10-16 15:00:00,30.7,44,0.0,12.3,544.0
2025-10-16 16:00:00,30.1,47,0.0,12.5,345.0
2025-10-16 17:00:00,29.4,49,0.0,10.3,130.0
2025-10-16 18:00:00,28.9,52,0.0,8.8,6.0
2025-10-16 19:00:00,28.1,55,0.0,7.9,0.0
2025-10-16 20:00:00,27.5,59,0.0,7.6,0.0
2025-10-16 21:00:00,26.6,64,0.0,7.6,0.0
2025-10-16 22:00:00,25.7,69,0.0,5.8,0.0
2025-10-16 23:00:00,25.2,73,0.0,6.4,0.0
2025-10-17 00:00:00,24.7,76,0.0,6.5,0.0
2025-10-17 01:00:00,23.9,80,0.0,5.3,0.0
2025-10-17 02:00:00,23.4,84,0.0,4.3,0.0
2025-10-17 03:00:00,23.0,87,0.0,4.1,0.0
2025-10-17 04:00:00,22.7,89,0.0,4.6,0.0
2025-10-17 05:00:00,23.2,86,0.0,6.3,0.0
2025-10-17 06:00:00,23.2,87,0.0,6.9,4.0
2025-10-17 07:00:00,24.3,82,0.0,10.6,118.0
2025-10-17 08:00:00,25.8,73,0.0,10.2,310.0
2025-10-17 09:00:00,27.4,64,0.0,9.5,512.0
2025-10-17 10:00:00,29.0,55,0.0,11.0,698.0
2025-10-17 11:00:00,30.0,49,0.0,12.0,815.0
2025-10-17 12:00:00,30.8,46,0.0,13.2,825.0
2025-10-17 13:00:00,31.2,44,0.1,13.3,794.0
2025-10-17 14:00:00,30.9,45,0.2,13.8,688.0
2025-10-17 15:00:00,30.6,47,0.2,14.0,521.0
2025-10-17 16:00:00,30.1,48,0.1,13.9,327.0
2025-10-17 17:00:00,29.0,51,0.1,13.6,100.0
2025-10-17 18:00:00,28.8,51,0.0,10.9,5.0
2025-10-17 19:00:00,28.4,53,0.0,9.0,0.0
2025-10-17 20:00:00,27.5,60,0.0,6.5,0.0
2025-10-17 21:00:00,26.7,64,0.0,5.8,0.0
2025-10-17 22:00:00,26.0,67,0.0,5.3,0.0
2025-10-17 23:00:00,25.5,69,0.0,5.8,0.0
2025-10-18 00:00:00,25.1,69,0.0,5.0,0.0
2025-10-18 01:00:00,24.6,71,0.0,5.2,0.0
2025-10-18 02:00:00,24.0,73,0.0,5.8,0.0
2025-10-18 03:00:00,23.6,76,0.0,5.0,0.0
2025-10-18 04:00:00,23.0,81,0.0,5.0,0.0
2025-10-18 05:00:00,22.6,90,0.0,5.2,0.0
2025-10-18 06:00:00,22.9,88,0.0,4.1,4.0
2025-10-18 07:00:00,23.8,79,0.0,3.8,121.0
2025-10-18 08:00:00,25.5,68,0.0,5.1,341.0
2025-10-18 09:00:00,27.2,60,0.0,6.0,558.0
2025-10-18 10:00:00,28.9,51,0.0,7.7,729.0
2025-10-18 11:00:00,30.1,47,0.0,9.7,843.0
2025-10-18 12:00:00,31.1,42,0.0,9.7,821.0
2025-10-18 13:00:00,31.6,40,0.0,9.6,815.0
2025-10-18 14:00:00,31.7,39,0.0,9.8,719.0
2025-10-18 15:00:00,31.4,39,0.0,9.7,530.0
2025-10-18 16:00:00,30.8,42,0.0,10.2,336.0
2025-10-18 17:00:00,29.4,46,0.0,11.2,124.0
2025-10-18 18:00:00,29.0,49,0.0,8.6,5.0
2025-10-18 19:00:00,28.4,51,0.0,8.5,0.0
2025-10-18 20:00:00,27.5,55,0.0,8.8,0.0
2025-10-18 21:00:00,26.6,57,0.0,8.9,0.0
2025-10-18 22:00:00,26.0,59,0.0,6.9,0.0
2025-10-18 23:00:00,25.5,63,0.0,6.7,0.0
2025-10-19 00:00:00,25.3,64,0.0,6.4,0.0
2025-10-19 01:00:00,24.8,66,0.0,6.3,0.0
2025-10-19 02:00:00,24.1,69,0.0,6.5,0.0
2025-10-19 03:00:00,23.5,72,0.0,5.8,0.0
2025-10-19 04:00:00,23.0,74,0.0,5.7,0.0
2025-10-19 05:00:00,22.5,85,0.0,6.1,0.0
2025-10-19 06:00:00,22.6,87,0.0,5.4,3.0
2025-10-19 07:00:00,23.2,86,0.0,6.6,96.0
2025-10-19 08:00:00,24.8,76,0.0,4.9,304.0
2025-10-19 09:00:00,27.0,61,0.0,6.0,545.0
2025-10-19 10:00:00,28.9,51,0.0,8.7,723.0
2025-10-19 11:00:00,29.9,50,0.0,10.3,839.0
2025-10-19 12:00:00,30.7,48,0.0,11.3,860.0
2025-10-19 13:00:00,31.1,46,0.0,10.6,811.0
2025-10-19 14:00:00,30.9,46,0.1,10.3,675.0
2025-10-19 15:00:00,30.8,46,0.3,10.2,515.0
2025-10-19 16:00:00,27.9,60,0.7,13.0,300.0
2025-10-19 17:00:00,28.3,57,0.1,13.8,92.0
2025-10-19 18:00:00,26.4,71,0.1,9.5,4.0
2025-10-19 19:00:00,25.9,74,0.0,6.9,0.0
2025-10-19 20:00:00,25.4,78,0.0,8.1,0.0
2025-10-19 21:00:00,24.8,83,0.0,8.0,0.0
2025-10-19 22:00:00,24.2,86,0.0,6.9,0.0
2025-10-19 23:00:00,22.7,93,0.0,12.3,0.0
2025-10-20 00:00:00,23.0,90,0.5,7.1,0.0
2025-10-20 01:00:00,23.0,91,0.0,4.0,0.0
2025-10-20 02:00:00,22.9,91,0.0,4.6,0.0
2025-10-20 03:00:00,22.7,92,0.0,4.2,0.0
2025-10-20 04:00:00,22.6,93,0.0,3.4,0.0
2025-10-20 05:00:00,22.8,95,0.0,4.4,0.0
2025-10-20 06:00:00,22.9,93,0.0,5.2,3.0
2025-10-20 07:00:00,23.5,88,0.0,5.8,88.0
2025-10-20 08:00:00,25.2,75,0.0,6.5,312.0
2025-10-20 09:00:00,27.1,64,0.0,7.9,517.0
2025-10-20 10:00:00,28.5,58,0.0,8.0,685.0
2025-10-20 11:00:00,29.3,56,0.0,7.2,789.0
2025-10-20 12:00:00,29.8,55,0.0,8.2,695.0
2025-10-20 13:00:00,29.5,55,0.0,8.3,462.0
2025-10-20 14:00:00,29.1,57,0.2,8.7,594.0
2025-10-20 15:00:00,27.0,70,8.3,5.8,255.0
2025-10-20 16:00:00,26.1,73,1.7,7.6,161.0
2025-10-20 17:00:00,27.4,64,0.1,6.3,57.0
2025-10-20 18:00:00,27.0,66,0.0,7.5,4.0
2025-10-20 19:00:00,26.7,67,0.0,6.3,0.0
2025-10-20 20:00:00,26.5,67,0.0,7.9,0.0
2025-10-20 21:00:00,26.0,68,0.0,9.2,0.0
2025-10-20 22:00:00,24.9,76,0.0,8.4,0.0
2025-10-20 23:00:00,24.4,83,0.0,9.4,0.0
2025-10-21 00:00:00,23.9,84,0.0,9.2,0.0
2025-10-21 01:00:00,23.6,85,0.0,8.0,0.0
2025-10-21 02:00:00,23.3,88,0.0,7.2,0.0
2025-10-21 03:00:00,23.0,90,0.0,5.6,0.0
2025-10-21 04:00:00,22.8,92,0.0,4.9,0.0
2025-10-21 05:00:00,22.9,93,0.0,5.8,0.0
2025-10-21 06:00:00,23.0,92,0.0,7.2,3.0
2025-10-21 07:00:00,23.8,85,0.0,10.0,87.0
2025-10-21 08:00:00,25.3,75,0.0,11.1,261.0
2025-10-21 09:00:00,26.6,67,0.1,12.3,478.0
2025-10-21 10:00:00,28.2,58,0.1,14.1,664.0
2025-10-21 11:00:00,28.7,54,0.5,14.7,738.0
2025-10-21 12:00:00,29.0,58,0.4,12.1,684.0
2025-10-21 13:00:00,30.4,52,0.0,10.8,705.0
2025-10-21 14:00:00,28.0,60,0.7,14.7,463.0
2025-10-21 15:00:00,27.1,64,0.3,11.7,408.0
2025-10-21 16:00:00,27.1,67,0.1,7.9,310.0
2025-10-21 17:00:00,26.5,74,0.0,8.0,108.0
2025-10-21 18:00:00,26.1,75,0.0,9.3,3.0
2025-10-21 19:00:00,25.6,78,0.0,8.9,0.0
2025-10-21 20:00:00,25.1,82,0.0,8.3,0.0
2025-10-21 21:00:00,24.4,86,0.0,8.1,0.0
2025-10-21 22:00:00,23.8,90,0.0,6.3,0.0
2025-10-21 23:00:00,23.4,87,0.0,7.3,0.0
2025-10-22 00:00:00,23.3,87,0.0,8.7,0.0
2025-10-22 01:00:00,23.2,88,0.0,8.3,0.0
2025-10-22 02:00:00,23.0,90,0.0,7.8,0.0
2025-10-22 03:00:00,22.7,91,0.0,7.5,0.0
2025-10-22 04:00:00,22.6,91,0.0,7.4,0.0
2025-10-22 05:00:00,22.8,96,0.0,7.7,0.0
2025-10-22 06:00:00,23.0,94,0.0,8.5,3.0
2025-10-22 07:00:00,24.0,88,0.0,13.5,109.0
2025-10-22 08:00:00,25.6,77,0.0,14.5,266.0
2025-10-22 09:00:00,27.4,66,0.0,13.0,489.0
2025-10-22 10:00:00,28.5,59,0.0,15.5,607.0
2025-10-22 11:00:00,28.4,60,0.2,14.2,714.0
2025-10-22 12:00:00,29.8,57,0.0,12.8,827.0
2025-10-22 13:00:00,29.4,57,0.8,14.1,580.0
2025-10-22 14:00:00,25.9,77,2.9,10.3,352.0
2025-10-22 15:00:00,25.2,82,0.5,8.9,147.0
2025-10-22 16:00:00,25.4,81,0.1,10.6,130.0
2025-10-22 17:00:00,26.3,77,0.0,12.1,46.0
2025-10-22 18:00:00,25.7,81,0.0,12.8,2.0
2025-10-22 19:00:00,25.2,81,0.1,11.6,0.0
2025-10-22 20:00:00,24.6,84,0.1,11.8,0.0
2025-10-22 21:00:00,23.8,88,0.1,12.2,0.0
2025-10-22 22:00:00,23.4,90,0.2,11.0,0.0
2025-10-22 23:00:00,23.0,93,0.1,10.7,0.0
2025-10-23 00:00:00,23.0,92,0.0,10.4,0.0
2025-10-23 01:00:00,22.7,94,0.0,10.9,0.0
2025-10-23 02:00:00,22.9,93,0.0,10.4,0.0
2025-10-23 03:00:00,22.8,92,0.1,11.1,0.0
2025-10-23 04:00:00,22.5,94,0.0,10.0,0.0
2025-10-23 05:00:00,22.7,97,0.1,11.9,0.0
2025-10-23 06:00:00,23.1,93,0.3,15.8,1.0
2025-10-23 07:00:00,23.2,91,0.4,14.2,33.0
2025-10-23 08:00:00,23.8,87,0.4,14.9,118.0
2025-10-23 09:00:00,24.6,84,0.5,16.8,298.0
2025-10-23 10:00:00,24.3,85,0.3,17.3,256.0
2025-10-23 11:00:00,26.4,75,0.3,17.2,502.0
2025-10-23 12:00:00,26.7,70,0.3,16.8,644.0
2025-10-23 13:00:00,25.3,80,0.7,15.6,423.0
2025-10-23 14:00:00,24.5,84,0.4,15.4,230.0
2025-10-23 15:00:00,25.0,81,0.2,13.9,258.0
2025-10-23 16:00:00,24.7,83,0.0,14.1,151.0
2025-10-23 17:00:00,23.3,91,1.2,9.0,61.0
2025-10-23 18:00:00,23.0,94,0.1,9.4,2.0
2025-10-23 19:00:00,23.0,95,0.0,9.4,0.0
2025-10-23 20:00:00,23.0,97,0.0,8.8,0.0
2025-10-23 21:00:00,23.1,96,0.0,10.2,0.0
2025-10-23 22:00:00,23.1,96,0.1,9.3,0.0
2025-10-23 23:00:00,22.5,98,0.1,12.2,0.0
2025-10-24 00:00:00,22.5,97,0.1,10.8,0.0
2025-10-24 01:00:00,22.5,96,0.1,9.2,0.0
2025-10-24 02:00:00,22.1,97,0.1,8.6,0.0
2025-10-24 03:00:00,22.0,97,0.0,8.6,0.0
2025-10-24 04:00:00,22.0,97,0.0,8.5,0.0
2025-10-24 05:00:00,22.0,98,0.1,7.0,0.0
2025-10-24 06:00:00,22.1,97,0.3,7.5,2.0
2025-10-24 07:00:00,22.8,90,0.3,8.4,74.0
2025-10-24 08:00:00,23.9,88,0.1,8.3,260.0
2025-10-24 09:00:00,24.9,83,0.1,8.7,433.0
2025-10-24 10:00:00,25.2,81,0.2,7.8,480.0
2025-10-24 11:00:00,25.7,76,8.1,6.5,496.0
2025-10-24 12:00:00,23.6,86,0.8,9.0,210.0
2025-10-24 13:00:00,24.5,83,0.2,3.9,330.0
2025-10-24 14:00:00,25.5,80,0.0,6.2,390.0
2025-10-24 15:00:00,24.8,80,0.3,10.3,282.0
2025-10-24 16:00:00,24.0,86,0.1,8.4,117.0
2025-10-24 17:00:00,23.9,88,0.3,7.4,50.0
2025-10-24 18:00:00,23.1,92,0.3,9.3,1.0
2025-10-24 19:00:00,22.8,96,0.4,9.4,0.0
2025-10-24 20:00:00,22.4,97,0.1,6.8,0.0
2025-10-24 21:00:00,22.4,96,0.0,6.5,0.0
2025-10-24 22:00:00,22.1,98,0.0,6.0,0.0
2025-10-24 23:00:00,21.9,98,0.0,6.2,0.0
2025-10-25 00:00:00,22.1,98,0.0,8.4,0.0
2025-10-25 01:00:00,22.1,96,0.0,8.8,0.0
2025-10-25 02:00:00,21.8,98,0.0,7.6,0.0
2025-10-25 03:00:00,21.7,98,0.0,7.0,0.0
2025-10-25 04:00:00,21.6,98,0.0,6.4,0.0
2025-10-25 05:00:00,21.6,97,0.0,5.4,0.0
2025-10-25 06:00:00,21.7,97,0.0,6.7,2.0
2025-10-25 07:00:00,22.4,92,0.1,6.0,79.0
2025-10-25 08:00:00,23.4,86,0.0,7.8,250.0
2025-10-25 09:00:00,24.9,78,0.1,6.9,459.0
2025-10-25 10:00:00,25.9,76,0.2,5.9,593.0
2025-10-25 11:00:00,27.0,71,0.1,2.8,658.0
2025-10-25 12:00:00,26.6,70,2.0,5.5,281.0
2025-10-25 13:00:00,23.3,89,13.6,7.3,238.0
2025-10-25 14:00:00,24.0,85,1.1,5.9,184.0
2025-10-25 15:00:00,24.2,86,0.6,3.9,425.0
2025-10-25 16:00:00,24.3,83,0.2,5.7,156.0
2025-10-25 17:00:00,24.4,84,0.1,4.1,50.0
2025-10-25 18:00:00,24.0,86,0.0,4.6,2.0
2025-10-25 19:00:00,23.4,91,1.4,5.8,0.0
2025-10-25 20:00:00,23.1,92,0.2,4.8,0.0
2025-10-25 21:00:00,22.8,93,0.3,6.6,0.0
2025-10-25 22:00:00,22.6,93,0.2,8.1,0.0
2025-10-25 23:00:00,23.0,94,0.2,10.0,0.0
2025-10-26 00:00:00,22.8,95,0.1,8.9,0.0
2025-10-26 01:00:00,22.3,98,0.0,7.0,0.0
2025-10-26 02:00:00,22.0,99,0.0,6.5,0.0
2025-10-26 03:00:00,21.8,99,0.0,8.0,0.0
2025-10-26 04:00:00,21.6,100,0.0,7.2,0.0
2025-10-26 05:00:00,21.6,100,0.0,6.7,0.0
2025-10-26 06:00:00,21.6,99,0.0,7.7,2.0
2025-10-26 07:00:00,22.0,96,0.0,8.8,53.0
2025-10-26 08:00:00,23.6,86,0.0,10.9,231.0
2025-10-26 09:00:00,25.2,77,0.0,10.5,409.0
2025-10-26 10:00:00,25.9,75,0.1,9.7,442.0
2025-10-26 11:00:00,26.1,75,0.1,7.7,381.0
2025-10-26 12:00:00,27.3,72,0.2,8.2,738.0
2025-10-26 13:00:00,28.0,68,0.0,6.4,681.0
2025-10-26 14:00:00,27.7,68,0.1,6.3,577.0
2025-10-26 15:00:00,27.5,70,0.1,7.9,422.0
2025-10-26 16:00:00,26.7,72,0.3,7.8,286.0
2025-10-26 17:00:00,26.4,74,0.0,4.8,75.0
2025-10-26 18:00:00,25.8,78,0.0,3.4,3.0
2025-10-26 19:00:00,25.4,79,0.0,4.5,0.0
2025-10-26 20:00:00,24.8,80,0.0,5.8,0.0
2025-10-26 21:00:00,24.2,82,0.0,4.5,0.0
2025-10-26 22:00:00,23.7,85,0.0,7.1,0.0
2025-10-26 23:00:00,23.3,88,0.0,5.4,0.0
2025-10-27 00:00:00,22.8,91,0.0,0.4,0.0
2025-10-27 01:00:00,22.6,92,0.0,3.2,0.0
2025-10-27 02:00:00,22.2,93,0.0,5.5,0.0
2025-10-27 03:00:00,21.8,94,0.0,2.6,0.0
2025-10-27 04:00:00,21.5,96,0.0,2.1,0.0
2025-10-27 05:00:00,21.3,97,0.0,2.2,0.0
2025-10-27 06:00:00,21.3,97,0.0,2.8,2.0
2025-10-27 07:00:00,22.3,95,0.0,3.5,106.0
2025-10-27 08:00:00,24.1,89,0.0,3.3,313.0
2025-10-27 09:00:00,26.0,77,0.0,4.5,510.0
2025-10-27 10:00:00,27.4,68,0.1,5.6,668.0
2025-10-27 11:00:00,28.2,63,0.0,7.0,626.0
2025-10-27 12:00:00,28.6,60,0.1,6.8,760.0
2025-10-27 13:00:00,28.8,58,0.0,6.2,695.0
2025-10-27 14:00:00,28.6,59,0.0,5.6,444.0
2025-10-27 15:00:00,28.8,58,0.0,6.3,505.0
2025-10-27 16:00:00,28.3,60,0.0,4.9,300.0
2025-10-27 17:00:00,27.0,67,0.0,7.0,83.0
2025-10-27 18:00:00,25.7,75,0.0,6.3,2.0
2025-10-27 19:00:00,25.4,79,0.0,2.0,0.0
2025-10-27 20:00:00,25.4,78,0.0,2.7,0.0
2025-10-27 21:00:00,24.9,80,0.4,2.6,0.0
2025-10-27 22:00:00,23.8,89,1.2,6.1,0.0
2025-10-27 23:00:00,22.4,94,0.5,5.9,0.0
2025-10-28 00:00:00,22.7,97,0.6,6.8,0.0
2025-10-28 01:00:00,22.6,94,0.4,8.8,0.0
2025-10-28 02:00:00,22.4,93,0.3,10.0,0.0
2025-10-28 03:00:00,22.2,93,0.1,10.2,0.0
2025-10-28 04:00:00,22.2,92,0.1,10.2,0.0
2025-10-28 05:00:00,22.4,93,1.0,9.9,0.0
2025-10-28 06:00:00,22.6,93,0.9,10.4,1.0
2025-10-28 07:00:00,22.7,92,0.1,9.3,15.0
2025-10-28 08:00:00,23.1,92,0.0,8.9,60.0
2025-10-28 09:00:00,23.6,90,0.0,9.0,132.0
2025-10-28 10:00:00,24.0,88,0.0,9.8,132.0
2025-10-28 11:00:00,25.4,78,0.0,12.0,620.0
2025-10-28 12:00:00,26.1,74,0.0,13.1,243.0
2025-10-28 13:00:00,27.8,67,0.0,14.5,665.0
2025-10-28 14:00:00,27.1,67,0.6,12.8,326.0
2025-10-28 15:00:00,25.1,82,1.3,13.6,188.0
2025-10-28 16:00:00,24.3,85,2.0,12.0,88.0
2025-10-28 17:00:00,23.5,91,1.6,11.3,25.0
2025-10-28 18:00:00,22.9,93,0.7,11.9,1.0
2025-10-28 19:00:00,22.8,94,0.2,14.1,0.0
2025-10-28 20:00:00,22.5,95,0.0,16.2,0.0
2025-10-28 21:00:00,22.4,94,0.1,14.5,0.0
2025-10-28 22:00:00,22.0,95,2.6,13.4,0.0
2025-10-28 23:00:00,22.8,94,4.2,14.4,0.0
2025-10-29 00:00:00,22.5,95,0.9,15.2,0.0
2025-10-29 01:00:00,22.0,96,0.7,14.8,0.0
2025-10-29 02:00:00,22.0,96,2.5,11.8,0.0
2025-10-29 03:00:00,22.0,97,2.6,10.5,0.0
2025-10-29 04:00:00,22.0,97,2.0,14.1,0.0
2025-10-29 05:00:00,22.1,96,1.6,14.2,0.0
2025-10-29 06:00:00,22.0,97,1.6,12.7,0.0
2025-10-29 07:00:00,22.1,98,1.8,13.8,32.0
2025-10-29 08:00:00,21.9,98,1.4,14.2,37.0
2025-10-29 09:00:00,22.0,97,2.3,16.1,36.0
2025-10-29 10:00:00,22.2,96,2.6,16.5,53.0
2025-10-29 11:00:00,21.7,95,1.0,15.7,66.0
2025-10-29 12:00:00,21.7,96,2.4,14.1,174.0
2025-10-29 13:00:00,22.2,92,1.0,18.2,124.0
2025-10-29 14:00:00,22.3,91,0.9,17.6,80.0
2025-10-29 15:00:00,22.6,90,1.1,18.2,92.0
2025-10-29 16:00:00,22.8,90,0.2,17.8,34.0
2025-10-29 17:00:00,23.0,86,0.1,16.7,12.0
2025-10-29 18:00:00,23.1,84,0.0,16.0,0.0
2025-10-29 19:00:00,23.5,79,0.0,15.3,0.0
2025-10-29 20:00:00,23.8,77,0.0,15.0,0.0
2025-10-29 21:00:00,23.6,78,0.0,13.1,0.0
2025-10-29 22:00:00,23.7,80,0.0,13.3,0.0
2025-10-29 23:00:00,23.5,86,0.0,15.3,0.0
2025-10-30 00:00:00,22.9,85,0.2,19.5,0.0
2025-10-30 01:00:00,22.8,86,0.0,16.2,0.0
2025-10-30 02:00:00,22.7,86,0.0,16.3,0.0
2025-10-30 03:00:00,22.4,86,0.0,16.2,0.0
2025-10-30 04:00:00,22.3,87,0.0,15.2,0.0
2025-10-30 05:00:00,22.8,89,0.0,15.9,0.0
2025-10-30 06:00:00,22.8,88,0.0,14.8,1.0
2025-10-30 07:00:00,23.1,85,0.0,14.7,74.0
2025-10-30 08:00:00,23.9,81,0.0,14.5,215.0
2025-10-30 09:00:00,24.7,77,0.0,15.4,260.0
2025-10-30 10:00:00,25.7,70,0.0,17.6,319.0
2025-10-30 11:00:00,26.9,63,0.0,17.5,535.0
2025-10-30 12:00:00,27.8,60,0.0,16.7,756.0
2025-10-30 13:00:00,28.1,59,0.0,15.8,742.0
2025-10-30 14:00:00,28.4,55,0.0,16.3,671.0
2025-10-30 15:00:00,28.1,57,0.0,15.9,445.0
2025-10-30 16:00:00,27.5,62,0.0,12.7,275.0
2025-10-30 17:00:00,26.2,65,0.0,9.2,89.0
2025-10-30 18:00:00,25.5,70,0.0,7.3,1.0
2025-10-30 19:00:00,25.2,73,0.0,6.1,0.0
2025-10-30 20:00:00,24.9,74,0.0,6.3,0.0
2025-10-30 21:00:00,24.5,74,0.0,7.1,0.0
2025-10-30 22:00:00,23.7,74,0.0,7.3,0.0
2025-10-30 23:00:00,23.4,68,0.0,10.2,0.0
2025-10-31 00:00:00,23.0,67,0.0,11.4,0.0
2025-10-31 01:00:00,22.4,67,0.0,11.3,0.0
2025-10-31 02:00:00,21.8,69,0.0,10.1,0.0
2025-10-31 03:00:00,21.4,72,0.0,9.3,0.0
2025-10-31 04:00:00,20.9,75,0.0,8.6,0.0
2025-10-31 05:00:00,21.1,82,0.0,10.5,0.0
2025-10-31 06:00:00,21.0,82,0.0,10.7,2.0
2025-10-31 07:00:00,21.8,82,0.0,9.2,111.0
2025-10-31 08:00:00,23.4,78,0.0,8.5,329.0
2025-10-31 09:00:00,25.0,72,0.0,10.8,544.0
2025-10-31 10:00:00,26.4,66,0.0,11.5,715.0
2025-10-31 11:00:00,27.4,61,0.0,14.3,825.0
2025-10-31 12:00:00,28.0,58,0.0,12.8,778.0
2025-10-31 13:00:00,28.4,56,0.0,12.0,723.0
2025-10-31 14:00:00,28.5,55,0.0,11.5,591.0
2025-10-31 15:00:00,28.1,56,0.0,10.8,361.0
2025-10-31 16:00:00,27.7,59,0.0,8.0,240.0
2025-10-31 17:00:00,26.2,70,0.0,8.0,82.0
2025-10-31 18:00:00,25.3,73,0.0,8.1,2.0
2025-10-31 19:00:00,24.9,74,0.0,6.8,0.0
2025-10-31 20:00:00,24.2,79,0.0,6.0,0.0
2025-10-31 21:00:00,23.4,83,0.0,5.6,0.0
2025-10-31 22:00:00,23.1,84,0.0,5.0,0.0
2025-10-31 23:00:00,22.9,85,0.0,4.5,0.0
2025-11-01 00:00:00,22.9,85,0.0,6.4,0.0
2025-11-01 01:00:00,22.5,86,0.0,6.8,0.0
2025-11-01 02:00:00,22.3,87,0.0,6.6,0.0
2025-11-01 03:00:00,22.1,88,0.0,6.9,0.0
2025-11-01 04:00:00,22.0,88,0.0,6.9,0.0
2025-11-01 05:00:00,22.3,90,0.0,5.3,0.0
2025-11-01 06:00:00,22.6,90,0.1,5.5,2.0
2025-11-01 07:00:00,23.2,89,0.0,4.0,82.0
2025-11-01 08:00:00,24.8,83,0.0,4.2,292.0
2025-11-01 09:00:00,26.5,77,0.0,6.3,513.0
2025-11-01 10:00:00,27.5,73,0.0,6.5,658.0
2025-11-01 11:00:00,27.7,70,0.0,8.8,771.0
2025-11-01 12:00:00,28.4,66,0.0,8.0,752.0
2025-11-01 13:00:00,28.5,64,0.0,7.9,663.0
2025-11-01 14:00:00,28.7,63,0.0,9.0,600.0
2025-11-01 15:00:00,28.6,64,0.0,8.5,478.0
2025-11-01 16:00:00,28.2,66,0.0,8.3,290.0
2025-11-01 17:00:00,26.5,80,0.0,0.5,96.0
2025-11-01 18:00:00,26.3,79,0.0,2.1,2.0
2025-11-01 19:00:00,25.7,84,0.0,1.9,0.0
2025-11-01 20:00:00,25.2,86,0.0,0.6,0.0
2025-11-01 21:00:00,24.5,89,0.0,1.2,0.0
2025-11-01 22:00:00,23.9,91,0.0,1.4,0.0
2025-11-01 23:00:00,23.5,94,0.0,1.0,0.0
2025-11-02 00:00:00,23.7,93,0.0,3.5,0.0
2025-11-02 01:00:00,23.5,89,0.1,6.8,0.0
2025-11-02 02:00:00,23.3,87,0.0,6.6,0.0
2025-11-02 03:00:00,23.3,87,0.0,6.9,0.0
2025-11-02 04:00:00,23.0,88,0.0,7.2,0.0
2025-11-02 05:00:00,23.1,87,0.0,12.1,0.0
2025-11-02 06:00:00,22.5,84,0.0,9.7,2.0
2025-11-02 07:00:00,23.5,85,0.0,5.4,98.0
2025-11-02 08:00:00,25.1,82,0.0,6.0,293.0
2025-11-02 09:00:00,26.4,78,0.0,8.0,485.0
2025-11-02 10:00:00,27.7,74,0.0,8.8,684.0
2025-11-02 11:00:00,27.8,71,0.0,8.6,726.0
2025-11-02 12:00:00,28.6,68,0.1,9.7,783.0
2025-11-02 13:00:00,29.1,61,0.0,9.1,664.0
2025-11-02 14:00:00,28.3,63,0.1,10.9,387.0
2025-11-02 15:00:00,26.0,74,0.1,13.8,375.0
2025-11-02 16:00:00,25.6,77,0.0,7.4,231.0
2025-11-02 17:00:00,25.4,78,0.0,10.3,88.0
2025-11-02 18:00:00,24.7,81,0.0,8.3,1.0
2025-11-02 19:00:00,24.3,84,0.0,8.5,0.0
2025-11-02 20:00:00,24.1,86,0.0,7.9,0.0
2025-11-02 21:00:00,23.8,88,0.0,7.1,0.0
2025-11-02 22:00:00,23.5,89,0.0,7.0,0.0
2025-11-02 23:00:00,23.9,90,0.0,8.9,0.0
2025-11-03 00:00:00,23.8,90,0.0,8.3,0.0
2025-11-03 01:00:00,23.6,90,0.0,8.0,0.0
2025-11-03 02:00:00,23.3,90,0.0,7.5,0.0
2025-11-03 03:00:00,23.2,91,0.0,7.5,0.0
2025-11-03 04:00:00,23.1,91,0.0,7.7,0.0
2025-11-03 05:00:00,23.4,91,0.0,8.3,0.0
2025-11-03 06:00:00,22.7,94,0.0,10.9,1.0
2025-11-03 07:00:00,22.4,91,0.3,10.3,87.0
2025-11-03 08:00:00,23.8,86,0.1,12.6,245.0
2025-11-03 09:00:00,25.1,81,0.0,10.9,380.0
2025-11-03 10:00:00,26.7,74,0.0,7.5,560.0
2025-11-03 11:00:00,27.7,72,0.1,6.6,714.0
2025-11-03 12:00:00,28.5,67,0.0,7.4,745.0
2025-11-03 13:00:00,28.8,64,0.0,7.0,660.0
2025-11-03 14:00:00,28.6,63,0.0,6.4,458.0
2025-11-03 15:00:00,28.6,64,0.0,6.4,419.0
2025-11-03 16:00:00,28.3,64,0.0,6.8,283.0
2025-11-03 17:00:00,27.2,73,0.0,1.2,88.0
2025-11-03 18:00:00,26.7,77,0.0,2.0,1.0
2025-11-03 19:00:00,26.3,80,0.0,2.2,0.0
2025-11-03 20:00:00,25.1,86,0.3,5.1,0.0
2025-11-03 21:00:00,24.8,87,0.0,3.4,0.0
2025-11-03 22:00:00,24.3,89,0.0,5.8,0.0
2025-11-03 23:00:00,23.5,93,0.2,3.3,0.0
2025-11-04 00:00:00,23.0,96,0.0,2.7,0.0
2025-11-04 01:00:00,23.2,94,0.0,6.5,0.0
2025-11-04 02:00:00,22.9,92,0.0,6.6,0.0
2025-11-04 03:00:00,22.6,92,0.0,7.0,0.0
2025-11-04 04:00:00,22.3,93,0.0,10.1,0.0
2025-11-04 05:00:00,22.5,96,0.2,1.3,0.0
2025-11-04 06:00:00,22.3,96,0.0,5.8,1.0
2025-11-04 07:00:00,22.8,93,0.0,7.2,65.0
2025-11-04 08:00:00,24.0,86,0.0,6.7,267.0
2025-11-04 09:00:00,25.9,77,0.0,7.7,479.0
2025-11-04 10:00:00,27.1,73,0.0,7.3,648.0
2025-11-04 11:00:00,27.4,69,0.1,9.5,717.0
2025-11-04 12:00:00,27.8,65,0.1,8.4,572.0
2025-11-04 13:00:00,27.8,66,0.1,6.7,570.0
2025-11-04 14:00:00,28.2,63,0.1,6.4,609.0
2025-11-04 15:00:00,27.2,64,0.2,9.3,437.0
2025-11-04 16:00:00,25.9,73,0.8,6.4,166.0
2025-11-04 17:00:00,23.3,88,0.0,4.7,72.0
2025-11-04 18:00:00,23.4,89,0.0,3.6,1.0
2025-11-04 19:00:00,23.3,90,0.0,5.1,0.0
2025-11-04 20:00:00,23.2,91,0.0,6.1,0.0
2025-11-04 21:00:00,22.9,92,0.0,6.5,0.0
2025-11-04 22:00:00,22.6,93,0.0,6.2,0.0
2025-11-04 23:00:00,22.9,98,0.0,3.8,0.0
2025-11-05 00:00:00,23.0,97,0.0,3.9,0.0
2025-11-05 01:00:00,22.7,98,0.0,4.4,0.0
2025-11-05 02:00:00,22.2,99,0.0,5.6,0.0
2025-11-05 03:00:00,22.0,98,0.0,4.6,0.0
2025-11-05 04:00:00,21.7,99,0.0,5.3,0.0
2025-11-05 05:00:00,22.2,95,0.0,5.0,0.0
2025-11-05 06:00:00,22.6,93,0.0,5.7,1.0
2025-11-05 07:00:00,23.4,92,0.0,3.1,99.0
2025-11-05 08:00:00,25.1,84,0.0,3.4,310.0
2025-11-05 09:00:00,26.7,70,0.0,5.8,521.0
2025-11-05 10:00:00,27.6,62,0.0,6.4,630.0
2025-11-05 11:00:00,28.0,53,0.0,7.0,676.0
2025-11-05 12:00:00,28.6,50,0.0,6.1,655.0
2025-11-05 13:00:00,29.2,47,0.0,6.1,730.0
2025-11-05 14:00:00,29.7,46,0.0,5.5,657.0
2025-11-05 15:00:00,29.2,47,0.0,9.7,396.0
2025-11-05 16:00:00,28.2,53,0.0,9.3,291.0
2025-11-05 17:00:00,27.1,61,0.0,4.5,86.0
2025-11-05 18:00:00,26.2,65,0.0,7.4,1.0
2025-11-05 19:00:00,25.5,67,0.0,6.5,0.0
2025-11-05 20:00:00,24.8,69,0.0,6.7,0.0
2025-11-05 21:00:00,24.1,72,0.0,6.6,0.0
2025-11-05 22:00:00,23.5,74,0.0,6.1,0.0
2025-11-05 23:00:00,23.1,81,0.0,3.6,0.0
2025-11-06 00:00:00,23.1,81,0.0,6.1,0.0
2025-11-06 01:00:00,22.7,81,0.0,5.8,0.0
2025-11-06 02:00:00,22.4,81,0.0,5.6,0.0
2025-11-06 03:00:00,22.0,82,0.0,4.6,0.0
2025-11-06 04:00:00,21.7,83,0.0,4.5,0.0
2025-11-06 05:00:00,21.9,84,0.0,4.5,0.0
2025-11-06 06:00:00,22.6,80,0.0,6.0,1.0
2025-11-06 07:00:00,23.3,79,0.0,5.9,88.0
2025-11-06 08:00:00,24.9,70,0.0,4.0,235.0
2025-11-06 09:00:00,26.3,59,0.0,6.5,398.0
2025-11-06 10:00:00,27.2,50,0.0,8.5,476.0
2025-11-06 11:00:00,28.1,47,0.0,8.5,573.0
2025-11-06 12:00:00,28.6,46,0.0,8.1,695.0
2025-11-06 13:00:00,28.3,47,0.0,6.3,357.0
2025-11-06 14:00:00,28.7,45,0.0,7.7,497.0
2025-11-06 15:00:00,28.0,47,0.0,8.3,272.0
2025-11-06 16:00:00,27.9,48,0.0,5.6,187.0
2025-11-06 17:00:00,26.9,56,0.0,4.9,77.0
2025-11-06 18:00:00,26.0,59,0.0,6.7,1.0
2025-11-06 19:00:00,25.3,61,0.0,7.3,0.0
2025-11-06 20:00:00,24.4,65,0.0,7.1,0.0
2025-11-06 21:00:00,23.7,69,0.0,6.6,0.0
2025-11-06 22:00:00,23.1,72,0.0,5.1,0.0
2025-11-06 23:00:00,22.8,76,0.0,5.5,0.0
2025-11-07 00:00:00,23.0,74,0.0,6.7,0.0
2025-11-07 01:00:00,22.7,75,0.0,6.2,0.0
2025-11-07 02:00:00,22.3,76,0.0,4.8,0.0
2025-11-07 03:00:00,21.8,81,0.0,3.2,0.0
2025-11-07 04:00:00,21.6,80,0.0,3.6,0.0
2025-11-07 05:00:00,22.0,78,0.0,7.2,0.0
2025-11-07 06:00:00,22.1,78,0.0,8.0,1.0
2025-11-07 07:00:00,22.8,77,0.0,7.7,100.0
2025-11-07 08:00:00,24.5,68,0.0,6.4,314.0
2025-11-07 09:00:00,26.4,55,0.0,9.3,529.0
2025-11-07 10:00:00,27.6,45,0.0,9.3,701.0
2025-11-07 11:00:00,28.4,41,0.0,9.7,813.0
2025-11-07 12:00:00,29.1,39,0.0,9.1,851.0
2025-11-07 13:00:00,29.3,38,0.0,9.5,773.0
2025-11-07 14:00:00,29.5,37,0.0,9.4,700.0
2025-11-07 15:00:00,29.3,36,0.0,9.4,511.0
2025-11-07 16:00:00,28.6,38,0.0,9.9,295.0
2025-11-07 17:00:00,27.2,45,0.0,7.0,97.0
2025-11-07 18:00:00,26.0,49,0.0,8.4,1.0
2025-11-07 19:00:00,24.8,53,0.0,7.4,0.0
2025-11-07 20:00:00,23.5,57,0.0,6.9,0.0
2025-11-07 21:00:00,23.0,56,0.0,7.9,0.0
2025-11-07 22:00:00,22.4,57,0.0,7.9,0.0
2025-11-07 23:00:00,21.8,63,0.0,6.7,0.0
2025-11-08 00:00:00,21.7,64,0.0,7.6,0.0
2025-11-08 01:00:00,21.5,65,0.0,7.9,0.0
2025-11-08 02:00:00,21.0,66,0.0,7.8,0.0
2025-11-08 03:00:00,20.7,66,0.0,7.8,0.0
2025-11-08 04:00:00,20.6,65,0.0,7.6,0.0
2025-11-08 05:00:00,20.3,69,0.0,6.8,0.0
2025-11-08 06:00:00,20.7,65,0.0,8.3,1.0
2025-11-08 07:00:00,21.5,63,0.0,8.1,102.0
2025-11-08 08:00:00,23.3,60,0.0,5.5,322.0
2025-11-08 09:00:00,25.6,48,0.0,8.2,539.0
2025-11-08 10:00:00,27.1,37,0.0,8.9,714.0
2025-11-08 11:00:00,27.7,31,0.0,7.3,826.0
2025-11-08 12:00:00,28.4,28,0.0,6.2,872.0
2025-11-08 13:00:00,28.8,26,0.0,6.0,834.0
2025-11-08 14:00:00,28.9,27,0.0,6.3,720.0
2025-11-08 15:00:00,28.6,30,0.0,6.6,543.0
2025-11-08 16:00:00,27.9,32,0.0,7.6,323.0
2025-11-08 17:00:00,26.9,34,0.0,7.0,102.0
2025-11-08 18:00:00,26.0,39,0.0,7.6,1.0
2025-11-08 19:00:00,25.0,44,0.0,6.4,0.0
2025-11-08 20:00:00,23.8,51,0.0,4.7,0.0
2025-11-08 21:00:00,22.8,59,0.0,4.2,0.0
2025-11-08 22:00:00,21.9,65,0.0,4.4,0.0
2025-11-08 23:00:00,21.1,72,0.0,2.5,0.0
2025-11-09 00:00:00,21.2,65,0.0,3.8,0.0
2025-11-09 01:00:00,20.7,65,0.0,4.2,0.0
2025-11-09 02:00:00,20.2,65,0.0,4.4,0.0
2025-11-09 03:00:00,19.3,68,0.0,6.6,0.0
2025-11-09 04:00:00,18.6,74,0.0,5.3,0.0
2025-11-09 05:00:00,18.3,83,0.0,4.1,0.0
2025-11-09 06:00:00,18.6,83,0.0,5.1,1.0
2025-11-09 07:00:00,19.6,79,0.0,5.0,102.0
2025-11-09 08:00:00,22.2,63,0.0,3.3,324.0
2025-11-09 09:00:00,24.7,44,0.0,7.4,540.0
2025-11-09 10:00:00,26.0,37,0.0,8.3,714.0
2025-11-09 11:00:00,26.7,35,0.0,8.1,826.0
2025-11-09 12:00:00,27.6,34,0.0,7.6,863.0
2025-11-09 13:00:00,27.9,34,0.0,7.0,824.0
2025-11-09 14:00:00,28.0,34,0.0,7.0,711.0
2025-11-09 15:00:00,27.8,35,0.0,7.6,536.0
2025-11-09 16:00:00,27.1,37,0.0,7.9,319.0
2025-11-09 17:00:00,26.2,40,0.0,7.2,99.0
2025-11-09 18:00:00,25.5,43,0.0,7.1,1.0
2025-11-09 19:00:00,24.7,47,0.0,6.5,0.0
2025-11-09 20:00:00,23.8,51,0.0,6.5,0.0
2025-11-09 21:00:00,23.0,53,0.0,5.4,0.0
2025-11-09 22:00:00,22.3,55,0.0,5.1,0.0
2025-11-09 23:00:00,21.0,65,0.0,3.0,0.0
2025-11-10 00:00:00,21.1,63,0.0,3.4,0.0
2025-11-10 01:00:00,20.6,69,0.0,2.3,0.0
2025-11-10 02:00:00,20.1,66,0.0,4.7,0.0
2025-11-10 03:00:00,19.1,66,0.0,6.5,0.0
2025-11-10 04:00:00,19.0,64,0.0,4.9,0.0
2025-11-10 05:00:00,18.0,71,0.0,4.8,0.0
2025-11-10 06:00:00,18.1,72,0.0,4.5,1.0
2025-11-10 07:00:00,18.9,69,0.0,3.6,100.0
2025-11-10 08:00:00,21.6,57,0.0,3.1,317.0
2025-11-10 09:00:00,24.2,44,0.0,6.2,531.0
2025-11-10 10:00:00,25.7,39,0.0,5.3,701.0
2025-11-10 11:00:00,26.6,37,0.0,4.3,810.0
2025-11-10 12:00:00,27.7,35,0.0,3.4,848.0
2025-11-10 13:00:00,28.4,34,0.0,3.2,809.0
2025-11-10 14:00:00,28.8,34,0.0,3.7,699.0
2025-11-10 15:00:00,28.7,34,0.0,4.3,527.0
2025-11-10 16:00:00,28.1,36,0.0,5.2,311.0
2025-11-10 17:00:00,26.6,39,0.0,5.9,96.0
2025-11-10 18:00:00,25.9,41,0.0,4.4,1.0
2025-11-10 19:00:00,25.1,44,0.0,3.1,0.0
2025-11-10 20:00:00,24.2,47,0.0,3.1,0.0
2025-11-10 21:00:00,23.7,48,0.0,4.8,0.0
2025-11-10 22:00:00,23.0,50,0.0,4.8,0.0
2025-11-10 23:00:00,22.1,54,0.0,4.2,0.0
2025-11-11 00:00:00,21.4,56,0.0,4.5,0.0
2025-11-11 01:00:00,21.1,59,0.0,3.5,0.0
2025-11-11 02:00:00,20.6,63,0.0,4.0,0.0
2025-11-11 03:00:00,20.2,66,0.0,5.1,0.0
2025-11-11 04:00:00,19.8,61,0.0,5.4,0.0
2025-11-11 05:00:00,19.2,69,0.0,3.4,0.0
2025-11-11 06:00:00,19.7,64,0.0,3.4,1.0
2025-11-11 07:00:00,20.3,63,0.0,2.9,95.0
2025-11-11 08:00:00,22.5,54,0.0,2.3,308.0
2025-11-11 09:00:00,25.1,42,0.0,4.1,521.0
2025-11-11 10:00:00,26.8,38,0.0,4.1,693.0
2025-11-11 11:00:00,27.6,38,0.0,3.7,803.0
2025-11-11 12:00:00,28.5,36,0.0,3.8,841.0
2025-11-11 13:00:00,29.1,36,0.0,4.7,802.0
2025-11-11 14:00:00,29.3,35,0.0,5.7,692.0
2025-11-11 15:00:00,29.2,36,0.0,6.9,517.0
2025-11-11 16:00:00,28.6,37,0.0,9.7,293.0
2025-11-11 17:00:00,27.2,39,0.0,8.6,89.0
2025-11-11 18:00:00,26.5,41,0.0,8.5,1.0
2025-11-11 19:00:00,25.6,43,0.0,7.3,0.0
2025-11-11 20:00:00,24.4,47,0.0,6.8,0.0
2025-11-11 21:00:00,23.5,50,0.0,5.3,0.0
2025-11-11 22:00:00,22.9,51,0.0,4.8,0.0
2025-11-11 23:00:00,22.1,56,0.0,3.1,0.0
2025-11-12 00:00:00,21.7,56,0.0,4.7,0.0
2025-11-12 01:00:00,21.1,59,0.0,3.8,0.0
2025-11-12 02:00:00,20.6,62,0.0,4.8,0.0
2025-11-12 03:00:00,20.2,61,0.0,5.1,0.0
2025-11-12 04:00:00,19.8,62,0.0,5.2,0.0
2025-11-12 05:00:00,19.3,66,0.0,4.0,0.0
2025-11-12 06:00:00,19.6,63,0.0,6.1,1.0
2025-11-12 07:00:00,20.4,60,0.0,6.4,94.0
2025-11-12 08:00:00,22.5,51,0.0,5.2,309.0
2025-11-12 09:00:00,24.9,42,0.0,7.1,522.0
2025-11-12 10:00:00,26.7,36,0.0,8.0,694.0
2025-11-12 11:00:00,27.8,35,0.0,6.8,806.0
2025-11-12 12:00:00,28.8,34,0.0,6.0,844.0
2025-11-12 13:00:00,29.3,33,0.0,6.0,806.0
2025-11-12 14:00:00,29.5,32,0.0,6.5,697.0
2025-11-12 15:00:00,29.3,33,0.0,7.6,526.0
2025-11-12 16:00:00,28.5,35,0.0,8.4,312.0
2025-11-12 17:00:00,27.3,38,0.0,8.3,96.0
2025-11-12 18:00:00,26.1,42,0.0,9.3,1.0
2025-11-12 19:00:00,24.9,44,0.0,9.3,0.0
2025-11-12 20:00:00,23.9,47,0.0,8.1,0.0
2025-11-12 21:00:00,23.1,50,0.0,7.7,0.0
2025-11-12 22:00:00,22.5,52,0.0,6.8,0.0
2025-11-12 23:00:00,21.5,56,0.0,4.2,0.0
2025-11-13 00:00:00,21.0,57,0.0,5.1,0.0
2025-11-13 01:00:00,20.4,58,0.0,5.7,0.0
2025-11-13 02:00:00,19.9,59,0.0,5.8,0.0
2025-11-13 03:00:00,19.5,59,0.0,6.1,0.0
2025-11-13 04:00:00,19.2,61,0.0,5.9,0.0
2025-11-13 05:00:00,18.7,63,0.0,5.4,0.0
2025-11-13 06:00:00,19.2,61,0.0,6.2,1.0
2025-11-13 07:00:00,20.0,59,0.0,5.9,96.0
2025-11-13 08:00:00,22.2,51,0.0,5.1,316.0
2025-11-13 09:00:00,24.8,38,0.0,6.7,534.0
2025-11-13 10:00:00,26.5,32,0.0,7.2,709.0
2025-11-13 11:00:00,27.6,31,0.0,6.3,823.0
2025-11-13 12:00:00,28.4,30,0.0,6.1,861.0
2025-11-13 13:00:00,28.9,28,0.0,6.1,823.0
2025-11-13 14:00:00,29.0,27,0.0,7.0,711.0
2025-11-13 15:00:00,28.6,28,0.0,8.3,537.0
2025-11-13 16:00:00,27.7,30,0.0,9.5,319.0
2025-11-13 17:00:00,26.4,32,0.0,8.9,99.0
2025-11-13 18:00:00,25.1,37,0.0,9.8,1.0
2025-11-13 19:00:00,23.8,41,0.0,9.7,0.0
2025-11-13 20:00:00,22.7,43,0.0,9.3,0.0
2025-11-13 21:00:00,21.9,46,0.0,8.3,0.0
2025-11-13 22:00:00,21.2,49,0.0,7.4,0.0
2025-11-13 23:00:00,20.3,55,0.0,6.0,0.0
2025-11-14 00:00:00,20.0,56,0.0,6.3,0.0
2025-11-14 01:00:00,19.4,58,0.0,6.3,0.0
2025-11-14 02:00:00,18.7,59,0.0,5.5,0.0
2025-11-14 03:00:00,18.0,61,0.0,5.6,0.0
2025-11-14 04:00:00,17.3,65,0.0,5.0,0.0
2025-11-14 05:00:00,16.4,72,0.0,4.7,0.0
2025-11-14 06:00:00,17.2,66,0.0,5.2,0.0
2025-11-14 07:00:00,18.0,67,0.0,5.0,98.0
2025-11-14 08:00:00,20.2,58,0.0,3.3,322.0
2025-11-14 09:00:00,22.7,48,0.0,5.2,542.0
2025-11-14 10:00:00,24.4,40,0.0,5.9,717.0
2025-11-14 11:00:00,25.7,37,0.0,4.6,828.0
2025-11-14 12:00:00,26.9,35,0.0,4.5,865.0
2025-11-14 13:00:00,27.7,33,0.0,5.2,823.0
2025-11-14 14:00:00,28.2,31,0.0,6.0,709.0
2025-11-14 15:00:00,28.1,31,0.0,7.4,534.0
2025-11-14 16:00:00,27.5,32,0.0,8.8,317.0
2025-11-14 17:00:00,26.5,34,0.0,7.9,97.0
2025-11-14 18:00:00,25.3,39,0.0,8.8,1.0
2025-11-14 19:00:00,24.0,45,0.0,8.9,0.0
2025-11-14 20:00:00,22.9,49,0.0,7.8,0.0
2025-11-14 21:00:00,22.0,53,0.0,6.7,0.0
2025-11-14 22:00:00,21.2,56,0.0,5.3,0.0
2025-11-14 23:00:00,19.9,69,0.0,3.7,0.0
2025-11-15 00:00:00,20.0,64,0.0,4.6,0.0
2025-11-15 01:00:00,19.1,75,0.0,1.5,0.0
2025-11-15 02:00:00,18.5,77,0.0,0.9,0.0
2025-11-15 03:00:00,18.1,79,0.0,1.4,0.0
2025-11-15 04:00:00,17.6,78,0.0,3.9,0.0
2025-11-15 05:00:00,16.7,76,0.0,2.8,0.0
2025-11-15 06:00:00,17.4,74,0.0,2.2,0.0
2025-11-15 07:00:00,18.3,65,0.0,2.9,93.0
2025-11-15 08:00:00,20.5,54,0.0,2.7,313.0
2025-11-15 09:00:00,23.0,44,0.0,5.0,532.0
2025-11-15 10:00:00,24.5,40,0.0,6.3,708.0
2025-11-15 11:00:00,25.8,37,0.0,5.8,821.0
2025-11-15 12:00:00,26.8,34,0.0,5.6,857.0
2025-11-15 13:00:00,27.5,32,0.0,6.0,819.0
2025-11-15 14:00:00,27.8,30,0.0,7.1,707.0
2025-11-15 15:00:00,27.7,30,0.0,7.6,533.0
2025-11-15 16:00:00,27.1,31,0.0,8.3,317.0
2025-11-15 17:00:00,26.2,34,0.0,8.3,97.0
2025-11-15 18:00:00,25.3,37,0.0,8.4,1.0
2025-11-15 19:00:00,24.2,41,0.0,6.8,0.0
2025-11-15 20:00:00,23.0,45,0.0,6.4,0.0
2025-11-15 21:00:00,22.1,50,0.0,7.4,0.0
2025-11-15 22:00:00,21.3,53,0.0,6.3,0.0
2025-11-15 23:00:00,20.1,61,0.0,4.0,0.0
2025-11-16 00:00:00,19.9,60,0.0,4.2,0.0
2025-11-16 01:00:00,19.2,64,0.0,3.0,0.0
2025-11-16 02:00:00,18.5,69,0.0,2.9,0.0
2025-11-16 03:00:00,18.2,68,0.0,3.7,0.0
2025-11-16 04:00:00,18.2,63,0.0,5.5,0.0
2025-11-16 05:00:00,17.1,70,0.0,4.7,0.0
2025-11-16 06:00:00,18.0,63,0.0,6.1,0.0
2025-11-16 07:00:00,19.0,60,0.0,6.7,86.0
2025-11-16 08:00:00,21.0,52,0.0,4.4,288.0
2025-11-16 09:00:00,23.4,41,0.0,7.1,515.0
2025-11-16 10:00:00,24.8,36,0.0,8.2,701.0
2025-11-16 11:00:00,25.9,34,0.0,7.3,810.0
2025-11-16 12:00:00,27.0,31,0.0,7.7,850.0
2025-11-16 13:00:00,27.6,29,0.0,7.7,815.0
2025-11-16 14:00:00,27.9,28,0.0,8.1,705.0
2025-11-16 15:00:00,27.6,28,0.0,9.0,533.0
2025-11-16 16:00:00,26.8,30,0.0,9.7,317.0
2025-11-16 17:00:00,25.8,34,0.0,9.0,97.0
2025-11-16 18:00:00,24.6,39,0.0,9.8,1.0
2025-11-16 19:00:00,23.4,43,0.0,9.8,0.0
2025-11-16 20:00:00,22.3,46,0.0,9.4,0.0
2025-11-16 21:00:00,21.4,49,0.0,9.3,0.0
2025-11-16 22:00:00,20.6,51,0.0,8.5,0.0
2025-11-16 23:00:00,19.8,54,0.0,6.4,0.0
2025-11-17 00:00:00,19.5,54,0.0,7.2,0.0
2025-11-17 01:00:00,18.8,55,0.0,8.0,0.0
2025-11-17 02:00:00,18.3,56,0.0,8.2,0.0
2025-11-17 03:00:00,17.9,57,0.0,7.2,0.0
2025-11-17 04:00:00,17.5,59,0.0,7.5,0.0
2025-11-17 05:00:00,17.4,61,0.0,9.2,0.0
2025-11-17 06:00:00,17.7,61,0.0,10.0,0.0
2025-11-17 07:00:00,18.4,59,0.0,9.5,91.0
2025-11-17 08:00:00,20.5,50,0.0,8.4,310.0
2025-11-17 09:00:00,23.2,39,0.0,10.7,529.0
2025-11-17 10:00:00,24.7,33,0.0,10.0,704.0
2025-11-17 11:00:00,25.8,32,0.0,8.0,817.0
2025-11-17 12:00:00,26.8,30,0.0,7.1,855.0
2025-11-17 13:00:00,27.5,29,0.0,6.8,818.0
2025-11-17 14:00:00,27.7,30,0.0,7.5,706.0
2025-11-17 15:00:00,27.5,30,0.0,8.3,532.0
2025-11-17 16:00:00,26.9,32,0.0,8.9,315.0
2025-11-17 17:00:00,26.1,34,0.0,8.7,96.0
2025-11-17 18:00:00,25.3,37,0.0,8.4,0.0
2025-11-17 19:00:00,24.2,41,0.0,7.9,0.0
2025-11-17 20:00:00,22.8,47,0.0,7.6,0.0
2025-11-17 21:00:00,21.7,50,0.0,7.6,0.0
2025-11-17 22:00:00,20.8,52,0.0,8.1,0.0
2025-11-17 23:00:00,19.9,54,0.0,8.5,0.0
2025-11-18 00:00:00,19.7,53,0.0,8.9,0.0
2025-11-18 01:00:00,19.4,53,0.0,8.5,0.0
2025-11-18 02:00:00,18.9,52,0.0,7.8,0.0
2025-11-18 03:00:00,18.3,53,0.0,7.7,0.0
2025-11-18 04:00:00,17.8,54,0.0,7.3,0.0
2025-11-18 05:00:00,17.3,54,0.0,6.3,0.0
2025-11-18 06:00:00,17.6,53,0.0,7.0,0.0
2025-11-18 07:00:00,18.3,52,0.0,5.8,87.0
2025-11-18 08:00:00,20.4,47,0.0,4.6,304.0
2025-11-18 09:00:00,23.0,40,0.0,6.2,520.0
2025-11-18 10:00:00,24.9,36,0.0,5.7,694.0
2025-11-18 11:00:00,26.3,37,0.0,4.0,806.0
2025-11-18 12:00:00,27.7,34,0.0,2.7,841.0
2025-11-18 13:00:00,28.6,32,0.0,1.5,804.0
2025-11-18 14:00:00,29.1,30,0.0,1.6,695.0
2025-11-18 15:00:00,29.1,31,0.0,3.1,524.0
2025-11-18 16:00:00,28.6,33,0.0,4.7,310.0
2025-11-18 17:00:00,27.3,37,0.0,5.0,94.0
2025-11-18 18:00:00,26.3,41,0.0,4.9,0.0
2025-11-18 19:00:00,25.2,45,0.0,6.0,0.0
2025-11-18 20:00:00,24.0,49,0.0,6.6,0.0
2025-11-18 21:00:00,22.9,52,0.0,5.8,0.0
2025-11-18 22:00:00,22.1,55,0.0,5.0,0.0
2025-11-18 23:00:00,21.0,60,0.0,5.5,0.0
2025-11-19 00:00:00,20.4,61,0.0,5.2,0.0
2025-11-19 01:00:00,19.9,63,0.0,5.1,0.0
2025-11-19 02:00:00,19.4,64,0.0,4.8,0.0
2025-11-19 03:00:00,19.0,65,0.0,4.3,0.0
2025-11-19 04:00:00,18.5,66,0.0,4.0,0.0
2025-11-19 05:00:00,18.0,68,0.0,3.4,0.0
2025-11-19 06:00:00,17.4,69,0.0,4.0,0.0
2025-11-19 07:00:00,18.1,67,0.0,3.7,86.0
2025-11-19 08:00:00,20.7,54,0.0,2.1,302.0
2025-11-19 09:00:00,23.5,42,0.0,4.3,518.0
2025-11-19 10:00:00,25.1,38,0.0,2.6,694.0
2025-11-19 11:00:00,26.2,38,0.0,2.1,807.0
2025-11-19 12:00:00,27.8,33,0.0,2.3,841.0
2025-11-19 13:00:00,28.7,31,0.0,3.4,804.0
2025-11-19 14:00:00,29.0,30,0.0,5.5,694.0
2025-11-19 15:00:00,28.8,31,0.0,7.2,522.0
2025-11-19 16:00:00,28.1,32,0.0,8.3,308.0
2025-11-19 17:00:00,27.0,36,0.0,8.2,93.0
2025-11-19 18:00:00,26.0,39,0.0,8.2,0.0
2025-11-19 19:00:00,24.9,41,0.0,7.2,0.0
2025-11-19 20:00:00,23.5,45,0.0,7.0,0.0
2025-11-19 21:00:00,22.6,48,0.0,5.2,0.0
2025-11-19 22:00:00,21.9,50,0.0,4.1,0.0
2025-11-19 23:00:00,20.5,61,0.0,3.0,0.0
2025-11-20 00:00:00,20.3,55,0.0,4.8,0.0
2025-11-20 01:00:00,19.6,56,0.0,4.8,0.0
2025-11-20 02:00:00,19.1,58,0.0,4.2,0.0
2025-11-20 03:00:00,18.2,68,0.0,2.5,0.0
2025-11-20 04:00:00,17.7,69,0.0,2.7,0.0
2025-11-20 05:00:00,16.6,76,0.0,3.9,0.0
2025-11-20 06:00:00,17.2,69,0.0,5.1,0.0
2025-11-20 07:00:00,17.9,66,0.0,5.5,86.0
2025-11-20 08:00:00,20.4,54,0.0,3.3,304.0
2025-11-20 09:00:00,23.1,44,0.0,4.8,519.0
2025-11-20 10:00:00,24.9,39,0.0,5.1,690.0
2025-11-20 11:00:00,26.2,36,0.0,5.2,799.0
2025-11-20 12:00:00,27.6,33,0.0,5.1,837.0
2025-11-20 13:00:00,28.6,31,0.0,5.5,800.0
2025-11-20 14:00:00,28.9,31,0.0,6.4,689.0
2025-11-20 15:00:00,28.9,31,0.0,7.0,518.0
2025-11-20 16:00:00,28.3,33,0.0,8.1,306.0
2025-11-20 17:00:00,27.4,35,0.0,8.0,92.0
2025-11-20 18:00:00,26.5,38,0.0,8.7,0.0
2025-11-20 19:00:00,25.4,43,0.0,8.6,0.0
2025-11-20 20:00:00,24.1,47,0.0,8.1,0.0
2025-11-20 21:00:00,23.1,50,0.0,8.0,0.0
2025-11-20 22:00:00,22.2,53,0.0,7.5,0.0
2025-11-20 23:00:00,21.2,58,0.0,6.0,0.0
2025-11-21 00:00:00,20.6,60,0.0,5.9,0.0
2025-11-21 01:00:00,20.2,62,0.0,4.7,0.0
2025-11-21 02:00:00,19.9,63,0.0,3.9,0.0
2025-11-21 03:00:00,19.6,65,0.0,3.3,0.0
2025-11-21 04:00:00,19.2,68,0.0,3.4,0.0
2025-11-21 05:00:00,18.5,71,0.0,4.2,0.0
2025-11-21 06:00:00,19.3,66,0.0,5.4,0.0
2025-11-21 07:00:00,20.2,64,0.0,5.9,72.0
2025-11-21 08:00:00,22.1,58,0.0,4.8,230.0
2025-11-21 09:00:00,24.0,62,0.0,6.5,418.0
2025-11-21 10:00:00,25.9,60,0.0,10.8,572.0
2025-11-21 11:00:00,26.9,53,0.0,9.8,664.0
2025-11-21 12:00:00,28.5,46,0.0,6.8,731.0
2025-11-21 13:00:00,29.4,43,0.0,5.9,709.0
2025-11-21 14:00:00,29.7,41,0.0,6.0,629.0
2025-11-21 15:00:00,29.6,42,0.0,6.9,481.0
2025-11-21 16:00:00,29.0,43,0.0,8.3,284.0
2025-11-21 17:00:00,28.5,46,0.0,8.3,85.0
2025-11-21 18:00:00,27.9,48,0.0,8.8,0.0
2025-11-21 19:00:00,27.0,51,0.0,7.7,0.0
2025-11-21 20:00:00,26.1,54,0.0,6.3,0.0
2025-11-21 21:00:00,25.0,60,0.0,7.4,0.0
2025-11-21 22:00:00,24.4,63,0.0,6.3,0.0
2025-11-21 23:00:00,23.4,70,0.0,4.1,0.0
2025-11-22 00:00:00,22.7,72,0.0,4.9,0.0
2025-11-22 01:00:00,21.9,76,0.0,6.7,0.0
2025-11-22 02:00:00,21.4,78,0.0,6.3,0.0
2025-11-22 03:00:00,21.2,79,0.0,5.8,0.0
2025-11-22 04:00:00,20.8,81,0.0,5.2,0.0
2025-11-22 05:00:00,20.8,84,0.0,6.7,0.0
2025-11-22 06:00:00,20.8,85,0.0,6.4,0.0
2025-11-22 07:00:00,21.4,83,0.0,5.5,71.0
2025-11-22 08:00:00,23.0,77,0.0,5.1,259.0
2025-11-22 09:00:00,25.1,68,0.0,9.7,472.0
2025-11-22 10:00:00,26.9,59,0.0,10.3,605.0
2025-11-22 11:00:00,27.5,57,0.0,7.7,663.0
2025-11-22 12:00:00,29.3,49,0.0,5.5,725.0
2025-11-22 13:00:00,30.2,44,0.0,5.2,690.0
2025-11-22 14:00:00,30.5,42,0.0,5.7,569.0
2025-11-22 15:00:00,30.4,41,0.0,7.5,431.0
2025-11-22 16:00:00,30.0,42,0.0,8.6,213.0
2025-11-22 17:00:00,28.9,44,0.0,7.4,75.0
2025-11-22 18:00:00,28.0,48,0.0,10.5,0.0
2025-11-22 19:00:00,26.7,54,0.0,8.5,0.0
2025-11-22 20:00:00,25.8,59,0.0,6.9,0.0
2025-11-22 21:00:00,25.1,62,0.0,6.1,0.0
2025-11-22 22:00:00,24.3,66,0.0,3.7,0.0
2025-11-22 23:00:00,23.7,71,0.0,4.2,0.0
2025-11-23 00:00:00,23.4,73,0.0,4.1,0.0
2025-11-23 01:00:00,22.8,76,0.0,3.1,0.0
2025-11-23 02:00:00,22.3,78,0.0,3.9,0.0
2025-11-23 03:00:00,21.9,80,0.0,3.0,0.0
2025-11-23 04:00:00,21.4,81,0.0,3.1,0.0
2025-11-23 05:00:00,21.0,87,0.0,6.1,0.0
2025-11-23 06:00:00,21.2,88,0.0,5.4,0.0
2025-11-23 07:00:00,21.6,87,0.0,3.4,71.0
2025-11-23 08:00:00,23.2,81,0.0,3.8,260.0
2025-11-23 09:00:00,25.1,70,0.0,6.3,465.0
2025-11-23 10:00:00,26.8,58,0.0,6.7,645.0
2025-11-23 11:00:00,28.3,49,0.0,4.9,747.0
2025-11-23 12:00:00,29.6,43,0.0,4.1,788.0
2025-11-23 13:00:00,30.8,38,0.0,3.6,749.0
2025-11-23 14:00:00,31.2,36,0.0,4.3,604.0
2025-11-23 15:00:00,31.1,35,0.0,7.1,443.0
2025-11-23 16:00:00,30.6,36,0.0,8.8,248.0
2025-11-23 17:00:00,28.8,43,0.0,8.6,65.0
2025-11-23 18:00:00,28.5,44,0.0,8.7,0.0
2025-11-23 19:00:00,27.4,50,0.0,8.3,0.0
2025-11-23 20:00:00,26.3,57,0.0,6.1,0.0
2025-11-23 21:00:00,25.5,61,0.0,5.9,0.0
2025-11-23 22:00:00,24.8,61,0.0,6.9,0.0
2025-11-23 23:00:00,24.1,64,0.0,6.6,0.0
2025-11-24 00:00:00,23.6,63,0.0,6.7,0.0
2025-11-24 01:00:00,23.0,65,0.0,7.4,0.0
2025-11-24 02:00:00,22.7,64,0.0,6.5,0.0
2025-11-24 03:00:00,22.3,65,0.0,5.1,0.0
2025-11-24 04:00:00,21.8,66,0.0,5.6,0.0
2025-11-24 05:00:00,21.5,75,0.0,6.5,0.0
2025-11-24 06:00:00,21.3,75,0.0,6.5,0.0
2025-11-24 07:00:00,21.5,75,0.0,4.3,72.0
2025-11-24 08:00:00,22.9,74,0.0,4.1,272.0
2025-11-24 09:00:00,24.8,68,0.0,5.9,457.0
2025-11-24 10:00:00,26.8,56,0.0,6.6,628.0
2025-11-24 11:00:00,28.0,46,0.0,6.9,723.0
2025-11-24 12:00:00,29.1,41,0.0,6.9,756.0
2025-11-24 13:00:00,29.7,38,0.0,7.1,738.0
2025-11-24 14:00:00,30.1,36,0.0,7.9,660.0
2025-11-24 15:00:00,30.2,32,0.0,8.9,498.0
2025-11-24 16:00:00,29.6,33,0.0,9.7,294.0
2025-11-24 17:00:00,28.4,36,0.0,8.2,88.0
2025-11-24 18:00:00,27.7,40,0.0,8.9,0.0
2025-11-24 19:00:00,26.8,42,0.0,8.5,0.0
2025-11-24 20:00:00,25.9,44,0.0,7.2,0.0
2025-11-24 21:00:00,24.7,48,0.0,6.8,0.0
2025-11-24 22:00:00,23.9,52,0.0,6.3,0.0
2025-11-24 23:00:00,23.0,57,0.0,5.7,0.0
2025-11-25 00:00:00,22.4,59,0.0,6.3,0.0
2025-11-25 01:00:00,21.7,62,0.0,6.1,0.0
2025-11-25 02:00:00,21.5,64,0.0,6.4,0.0
2025-11-25 03:00:00,21.0,66,0.0,7.9,0.0
2025-11-25 04:00:00,20.2,70,0.0,7.3,0.0
2025-11-25 05:00:00,19.6,79,0.0,7.2,0.0
2025-11-25 06:00:00,20.0,90,0.0,7.0,0.0
2025-11-25 07:00:00,20.3,92,0.0,9.1,33.0
2025-11-25 08:00:00,22.0,80,0.0,8.8,164.0
2025-11-25 09:00:00,23.9,68,0.0,8.2,444.0
2025-11-25 10:00:00,25.5,57,0.0,7.3,629.0
2025-11-25 11:00:00,26.9,50,0.0,8.1,756.0
2025-11-25 12:00:00,28.2,44,0.0,8.4,797.0
2025-11-25 13:00:00,28.9,41,0.0,9.2,769.0
2025-11-25 14:00:00,29.3,38,0.0,9.4,667.0
2025-11-25 15:00:00,29.1,39,0.0,9.6,494.0
2025-11-25 16:00:00,28.6,40,0.0,9.2,293.0
2025-11-25 17:00:00,27.3,42,0.0,9.7,87.0
2025-11-25 18:00:00,26.9,43,0.0,9.1,0.0
2025-11-25 19:00:00,26.1,46,0.0,8.3,0.0
2025-11-25 20:00:00,25.3,49,0.0,6.5,0.0
2025-11-25 21:00:00,24.6,52,0.0,4.4,0.0
2025-11-25 22:00:00,23.9,56,0.0,3.9,0.0
2025-11-25 23:00:00,22.7,65,0.0,2.6,0.0
2025-11-26 00:00:00,22.3,67,0.0,2.5,0.0
2025-11-26 01:00:00,21.9,69,0.0,3.0,0.0
2025-11-26 02:00:00,21.4,72,0.0,3.4,0.0
2025-11-26 03:00:00,20.8,75,0.0,4.6,0.0
2025-11-26 04:00:00,20.2,79,0.0,4.7,0.0
2025-11-26 05:00:00,19.1,84,0.0,4.9,0.0
2025-11-26 06:00:00,19.1,88,0.0,5.6,0.0
2025-11-26 07:00:00,19.3,93,0.0,5.4,40.0
2025-11-26 08:00:00,19.9,90,0.0,5.5,109.0
2025-11-26 09:00:00,22.5,73,0.0,6.8,342.0
2025-11-26 10:00:00,24.8,60,0.0,5.8,634.0
2025-11-26 11:00:00,26.4,51,0.0,8.8,755.0
2025-11-26 12:00:00,27.8,44,0.0,9.2,806.0
2025-11-26 13:00:00,28.6,40,0.0,9.4,771.0
2025-11-26 14:00:00,29.0,37,0.0,10.4,665.0
2025-11-26 15:00:00,29.0,35,0.0,11.0,501.0
2025-11-26 16:00:00,28.4,36,0.0,11.0,296.0
2025-11-26 17:00:00,27.2,43,0.0,11.3,88.0
2025-11-26 18:00:00,26.7,45,0.0,10.7,0.0
2025-11-26 19:00:00,25.9,47,0.0,9.2,0.0
2025-11-26 20:00:00,25.1,50,0.0,6.9,0.0
2025-11-26 21:00:00,24.3,55,0.0,5.3,0.0
2025-11-26 22:00:00,23.4,61,0.0,7.0,0.0
2025-11-26 23:00:00,22.7,66,0.0,5.3,0.0
2025-11-27 00:00:00,22.3,68,0.0,5.4,0.0
2025-11-27 01:00:00,21.6,72,0.0,4.8,0.0
2025-11-27 02:00:00,20.8,76,0.0,6.3,0.0
2025-11-27 03:00:00,20.0,80,0.0,5.8,0.0
2025-11-27 04:00:00,19.4,84,0.0,4.5,0.0
2025-11-27 05:00:00,18.7,89,0.0,2.9,0.0
2025-11-27 06:00:00,18.8,92,0.0,4.2,0.0
2025-11-27 07:00:00,19.2,92,0.0,4.6,56.0
2025-11-27 08:00:00,20.7,82,0.0,2.8,242.0
2025-11-27 09:00:00,22.9,69,0.0,4.6,474.0
2025-11-27 10:00:00,24.9,57,0.0,6.7,648.0
2025-11-27 11:00:00,26.2,51,0.0,9.4,761.0
2025-11-27 12:00:00,27.5,46,0.0,9.3,800.0
2025-11-27 13:00:00,28.3,42,0.0,9.3,766.0
2025-11-27 14:00:00,28.5,41,0.0,9.7,653.0
2025-11-27 15:00:00,28.5,40,0.0,9.7,486.0
2025-11-27 16:00:00,28.0,41,0.0,9.8,284.0
2025-11-27 17:00:00,26.9,45,0.0,11.0,84.0
2025-11-27 18:00:00,26.4,47,0.0,9.8,0.0
2025-11-27 19:00:00,25.5,50,0.0,8.6,0.0
2025-11-27 20:00:00,24.3,53,0.0,10.2,0.0
2025-11-27 21:00:00,23.2,59,0.0,11.1,0.0
2025-11-27 22:00:00,22.5,63,0.0,9.7,0.0
2025-11-27 23:00:00,21.7,68,0.0,8.1,0.0
2025-11-28 00:00:00,21.4,69,0.0,9.5,0.0
2025-11-28 01:00:00,20.8,71,0.0,8.7,0.0
2025-11-28 02:00:00,20.2,72,0.0,8.8,0.0
2025-11-28 03:00:00,19.8,73,0.0,8.9,0.0
2025-11-28 04:00:00,19.5,73,0.0,8.2,0.0
2025-11-28 05:00:00,19.2,74,0.0,8.7,0.0
2025-11-28 06:00:00,19.3,73,0.0,9.2,0.0
2025-11-28 07:00:00,19.9,71,0.0,7.8,66.0
2025-11-28 08:00:00,21.5,63,0.0,6.9,262.0
2025-11-28 09:00:00,23.4,54,0.0,9.6,465.0
2025-11-28 10:00:00,25.0,46,0.0,10.3,651.0
2025-11-28 11:00:00,26.0,42,0.0,9.7,763.0
2025-11-28 12:00:00,27.2,37,0.0,9.3,796.0
2025-11-28 13:00:00,27.9,34,0.0,9.3,766.0
2025-11-28 14:00:00,28.1,31,0.0,9.9,656.0
2025-11-28 15:00:00,27.9,30,0.0,10.6,505.0
2025-11-28 16:00:00,27.1,31,0.0,11.1,296.0
2025-11-28 17:00:00,26.1,37,0.0,10.4,86.0
2025-11-28 18:00:00,25.3,38,0.0,9.7,0.0
2025-11-28 19:00:00,24.1,41,0.0,9.7,0.0
2025-11-28 20:00:00,22.9,43,0.0,9.0,0.0
2025-11-28 21:00:00,21.9,45,0.0,9.2,0.0
2025-11-28 22:00:00,21.0,47,0.0,8.7,0.0
2025-11-28 23:00:00,20.1,52,0.0,8.3,0.0
2025-11-29 00:00:00,19.5,55,0.0,7.9,0.0
2025-11-29 01:00:00,18.9,59,0.0,7.7,0.0
2025-11-29 02:00:00,18.4,61,0.0,7.7,0.0
2025-11-29 03:00:00,18.0,62,0.0,7.3,0.0
2025-11-29 04:00:00,17.7,63,0.0,7.8,0.0
2025-11-29 05:00:00,17.2,65,0.0,7.3,0.0
2025-11-29 06:00:00,17.3,64,0.0,7.6,0.0
2025-11-29 07:00:00,17.9,63,0.0,6.5,55.0
2025-11-29 08:00:00,19.6,56,0.0,4.5,243.0
2025-11-29 09:00:00,22.3,46,0.0,5.0,463.0
2025-11-29 10:00:00,24.1,40,0.0,6.5,620.0
2025-11-29 11:00:00,24.9,40,0.0,6.3,646.0
2025-11-29 12:00:00,25.9,39,0.0,5.7,665.0
2025-11-29 13:00:00,26.7,37,0.0,5.6,676.0
2025-11-29 14:00:00,27.0,36,0.0,5.6,553.0
2025-11-29 15:00:00,26.9,37,0.0,6.6,400.0
2025-11-29 16:00:00,26.5,38,0.0,7.8,268.0
2025-11-29 17:00:00,25.6,42,0.0,8.2,76.0
2025-11-29 18:00:00,25.1,45,0.0,8.4,0.0
2025-11-29 19:00:00,23.9,50,0.0,9.5,0.0
2025-11-29 20:00:00,22.8,53,0.0,9.0,0.0
2025-11-29 21:00:00,22.0,55,0.0,9.8,0.0
2025-11-29 22:00:00,21.5,57,0.0,8.7,0.0
2025-11-29 23:00:00,20.8,60,0.0,7.8,0.0
2025-11-30 00:00:00,20.4,60,0.0,8.5,0.0
2025-11-30 01:00:00,20.1,60,0.0,8.0,0.0
2025-11-30 02:00:00,19.6,60,0.0,7.7,0.0
2025-11-30 03:00:00,19.5,59,0.0,6.7,0.0
2025-11-30 04:00:00,19.5,59,0.0,6.2,0.0
2025-11-30 05:00:00,19.2,61,0.0,6.3,0.0
2025-11-30 06:00:00,19.4,61,0.0,5.4,0.0
2025-11-30 07:00:00,19.5,61,0.0,4.6,46.0
2025-11-30 08:00:00,21.0,55,0.0,4.5,235.0
2025-11-30 09:00:00,23.4,47,0.0,6.2,457.0
2025-11-30 10:00:00,25.1,43,0.0,6.8,608.0
2025-11-30 11:00:00,26.1,44,0.0,7.1,730.0
2025-11-30 12:00:00,26.1,44,0.0,5.5,385.0
2025-11-30 13:00:00,26.9,42,0.0,6.5,498.0
2025-11-30 14:00:00,26.6,42,0.0,5.8,226.0
2025-11-30 15:00:00,26.5,43,0.0,8.3,294.0
2025-11-30 16:00:00,25.6,47,0.0,9.6,110.0
2025-11-30 17:00:00,25.0,50,0.0,7.1,20.0
2025-11-30 18:00:00,24.7,51,0.0,7.4,0.0
2025-11-30 19:00:00,24.0,55,0.0,9.1,0.0
2025-11-30 20:00:00,23.1,58,0.0,8.4,0.0
2025-11-30 21:00:00,22.1,63,0.0,9.4,0.0
2025-11-30 22:00:00,21.6,65,0.0,7.5,0.0
2025-11-30 23:00:00,21.6,65,0.0,5.8,0.0
2025-12-01 00:00:00,21.5,66,0.0,5.4,0.0
2025-12-01 01:00:00,20.9,69,0.0,7.0,0.0
2025-12-01 02:00:00,20.3,73,0.0,5.9,0.0
2025-12-01 03:00:00,20.0,75,0.0,5.8,0.0
2025-12-01 04:00:00,19.8,76,0.0,6.4,0.0
2025-12-01 05:00:00,19.6,78,0.0,6.6,0.0
2025-12-01 06:00:00,19.5,75,0.0,5.9,0.0
2025-12-01 07:00:00,19.7,72,0.2,4.1,40.0
2025-12-01 08:00:00,20.7,65,0.0,5.6,171.0
2025-12-01 09:00:00,22.3,57,0.0,4.4,309.0
2025-12-01 10:00:00,23.5,53,0.0,5.3,365.0
2025-12-01 11:00:00,25.4,51,0.0,6.5,668.0
2025-12-01 12:00:00,26.5,49,0.0,7.2,743.0
2025-12-01 13:00:00,27.2,47,0.0,7.0,741.0
2025-12-01 14:00:00,28.0,43,0.0,6.1,645.0
2025-12-01 15:00:00,28.3,40,0.0,6.0,451.0
2025-12-01 16:00:00,28.2,39,0.0,7.7,259.0
2025-12-01 17:00:00,27.0,47,0.0,9.0,77.0
2025-12-01 18:00:00,26.0,52,0.0,10.1,0.0
2025-12-01 19:00:00,25.0,55,0.0,8.0,0.0
2025-12-01 20:00:00,24.3,58,0.0,6.7,0.0
2025-12-01 21:00:00,23.6,60,0.0,7.0,0.0
2025-12-01 22:00:00,22.8,63,0.0,6.6,0.0
2025-12-01 23:00:00,21.8,70,0.0,6.1,0.0
2025-12-02 00:00:00,21.4,71,0.0,6.2,0.0
2025-12-02 01:00:00,20.8,74,0.0,5.9,0.0
2025-12-02 02:00:00,20.3,77,0.0,5.8,0.0
2025-12-02 03:00:00,19.9,80,0.0,4.9,0.0
2025-12-02 04:00:00,19.6,83,0.0,4.1,0.0
2025-12-02 05:00:00,19.0,87,0.0,2.4,0.0
2025-12-02 06:00:00,19.3,85,0.0,2.7,0.0
2025-12-02 07:00:00,19.8,84,0.0,1.0,54.0
2025-12-02 08:00:00,21.6,76,0.0,2.7,234.0
2025-12-02 09:00:00,23.6,65,0.0,5.1,446.0
2025-12-02 10:00:00,25.4,56,0.0,6.5,619.0
2025-12-02 11:00:00,27.4,48,0.0,7.8,731.0
2025-12-02 12:00:00,28.8,43,0.0,7.6,703.0
2025-12-02 13:00:00,28.8,43,0.0,9.0,473.0
2025-12-02 14:00:00,28.8,43,0.0,9.0,392.0
2025-12-02 15:00:00,28.5,43,0.0,9.2,282.0
2025-12-02 16:00:00,28.3,43,0.0,8.3,146.0
2025-12-02 17:00:00,27.2,47,0.0,11.0,38.0
2025-12-02 18:00:00,26.5,48,0.0,12.4,0.0
2025-12-02 19:00:00,25.5,52,0.0,11.8,0.0
2025-12-02 20:00:00,24.3,56,0.0,10.5,0.0
2025-12-02 21:00:00,23.7,58,0.0,8.6,0.0
2025-12-02 22:00:00,23.9,56,0.0,7.6,0.0
2025-12-02 23:00:00,22.9,60,0.0,7.0,0.0
2025-12-03 00:00:00,22.4,60,0.0,6.4,0.0
2025-12-03 01:00:00,21.9,60,0.0,6.8,0.0
2025-12-03 02:00:00,21.3,61,0.0,7.2,0.0
2025-12-03 03:00:00,20.9,63,0.0,7.8,0.0
2025-12-03 04:00:00,20.6,65,0.0,7.7,0.0
2025-12-03 05:00:00,20.5,69,0.0,7.3,0.0
2025-12-03 06:00:00,20.3,70,0.0,7.9,0.0
2025-12-03 07:00:00,20.3,70,0.0,7.4,56.0
2025-12-03 08:00:00,21.6,67,0.0,6.1,243.0
2025-12-03 09:00:00,23.2,65,0.0,7.2,442.0
2025-12-03 10:00:00,24.9,58,0.0,7.6,601.0
2025-12-03 11:00:00,26.5,54,0.0,8.5,711.0
2025-12-03 12:00:00,28.2,47,0.0,8.2,730.0
2025-12-03 13:00:00,28.5,46,0.0,8.2,605.0
2025-12-03 14:00:00,28.2,47,0.0,10.2,490.0
2025-12-03 15:00:00,28.0,46,0.0,8.7,392.0
2025-12-03 16:00:00,27.9,46,0.0,8.3,242.0
2025-12-03 17:00:00,26.7,49,0.0,8.7,38.0
2025-12-03 18:00:00,26.5,50,0.0,8.9,0.0
2025-12-03 19:00:00,25.8,52,0.0,8.9,0.0
2025-12-03 20:00:00,25.0,56,0.0,8.2,0.0
2025-12-03 21:00:00,24.1,61,0.0,8.7,0.0
2025-12-03 22:00:00,23.1,65,0.0,9.9,0.0
2025-12-03 23:00:00,22.5,70,0.0,8.6,0.0
2025-12-04 00:00:00,22.1,76,0.0,6.9,0.0
2025-12-04 01:00:00,21.7,78,0.0,6.2,0.0
2025-12-04 02:00:00,21.4,78,0.0,6.2,0.0
2025-12-04 03:00:00,21.1,79,0.0,6.0,0.0
2025-12-04 04:00:00,20.8,80,0.0,6.2,0.0
2025-12-04 05:00:00,21.0,69,0.0,7.2,0.0
2025-12-04 06:00:00,20.9,67,0.0,7.3,0.0
2025-12-04 07:00:00,21.1,65,0.0,6.6,51.0
2025-12-04 08:00:00,22.4,60,0.0,7.7,236.0
2025-12-04 09:00:00,23.8,63,0.0,7.6,430.0
2025-12-04 10:00:00,25.7,59,0.0,9.4,536.0
2025-12-04 11:00:00,26.5,57,0.0,7.1,549.0
2025-12-04 12:00:00,26.8,57,0.0,7.4,398.0
2025-12-04 13:00:00,27.8,52,0.1,7.4,548.0
2025-12-04 14:00:00,28.4,50,0.0,6.7,588.0
2025-12-04 15:00:00,28.3,50,0.0,7.1,388.0
2025-12-04 16:00:00,27.7,51,0.0,8.3,249.0
2025-12-04 17:00:00,27.2,51,0.0,7.1,68.0
2025-12-04 18:00:00,26.8,53,0.0,6.9,1.0
2025-12-04 19:00:00,26.1,56,0.0,6.7,0.0
2025-12-04 20:00:00,25.3,58,0.0,7.3,0.0
2025-12-04 21:00:00,24.6,58,0.0,9.3,0.0
2025-12-04 22:00:00,23.6,61,0.0,8.4,0.0
2025-12-04 23:00:00,22.5,69,0.0,7.0,0.0
2025-12-05 00:00:00,22.1,70,0.0,6.5,0.0
2025-12-05 01:00:00,21.6,71,0.0,6.6,0.0
2025-12-05 02:00:00,21.3,70,0.0,6.3,0.0
2025-12-05 03:00:00,20.8,69,0.0,6.8,0.0
2025-12-05 04:00:00,20.4,64,0.0,6.9,0.0
2025-12-05 05:00:00,19.7,66,0.0,7.2,0.0
2025-12-05 06:00:00,19.7,62,0.0,7.3,0.0
2025-12-05 07:00:00,20.0,57,0.0,6.1,51.0
2025-12-05 08:00:00,21.6,48,0.0,5.7,226.0
2025-12-05 09:00:00,23.7,41,0.0,6.9,431.0
2025-12-05 10:00:00,25.4,39,0.0,8.4,569.0
2025-12-05 11:00:00,26.6,42,0.0,9.7,708.0
2025-12-05 12:00:00,27.5,40,0.0,9.2,742.0
2025-12-05 13:00:00,28.0,39,0.0,9.0,694.0
2025-12-05 14:00:00,28.2,38,0.0,9.6,639.0
2025-12-05 15:00:00,27.9,38,0.0,10.1,456.0
2025-12-05 16:00:00,27.2,40,0.0,10.8,264.0
2025-12-05 17:00:00,26.5,42,0.0,11.6,82.0
2025-12-05 18:00:00,25.7,43,0.0,10.9,1.0
2025-12-05 19:00:00,24.6,46,0.0,10.6,0.0
2025-12-05 20:00:00,23.6,49,0.0,9.6,0.0
2025-12-05 21:00:00,22.7,52,0.0,9.1,0.0
2025-12-05 22:00:00,21.8,55,0.0,7.9,0.0
2025-12-05 23:00:00,20.8,60,0.0,6.9,0.0
2025-12-06 00:00:00,20.4,60,0.0,7.5,0.0
2025-12-06 01:00:00,19.9,61,0.0,8.1,0.0
2025-12-06 02:00:00,19.5,60,0.0,8.3,0.0
2025-12-06 03:00:00,19.1,59,0.0,8.4,0.0
2025-12-06 04:00:00,18.7,60,0.0,7.8,0.0
2025-12-06 05:00:00,18.0,64,0.0,6.5,0.0
2025-12-06 06:00:00,17.9,66,0.0,5.4,0.0
2025-12-06 07:00:00,18.1,66,0.0,4.4,54.0
2025-12-06 08:00:00,19.8,57,0.0,4.3,249.0
2025-12-06 09:00:00,22.1,47,0.0,5.5,460.0
2025-12-06 10:00:00,24.3,39,0.0,6.1,632.0
2025-12-06 11:00:00,25.8,37,0.0,6.0,745.0
2025-12-06 12:00:00,27.1,34,0.0,5.8,787.0
2025-12-06 13:00:00,28.0,32,0.0,5.8,757.0
2025-12-06 14:00:00,28.3,32,0.0,6.2,654.0
2025-12-06 15:00:00,28.3,32,0.0,6.9,496.0
2025-12-06 16:00:00,27.7,34,0.0,7.9,290.0
2025-12-06 17:00:00,26.9,37,0.0,8.7,89.0
2025-12-06 18:00:00,26.1,41,0.0,8.9,1.0
2025-12-06 19:00:00,24.9,46,0.0,9.2,0.0
2025-12-06 20:00:00,23.8,49,0.0,8.3,0.0
2025-12-06 21:00:00,22.9,51,0.0,6.6,0.0
2025-12-06 22:00:00,22.3,53,0.0,6.2,0.0
2025-12-06 23:00:00,21.5,57,0.0,5.4,0.0
2025-12-07 00:00:00,21.0,58,0.0,5.9,0.0
2025-12-07 01:00:00,20.4,59,0.0,5.8,0.0
2025-12-07 02:00:00,20.0,59,0.0,6.6,0.0
2025-12-07 03:00:00,19.5,60,0.0,7.2,0.0
2025-12-07 04:00:00,19.2,61,0.0,7.3,0.0
2025-12-07 05:00:00,18.9,62,0.0,5.9,0.0
2025-12-07 06:00:00,18.8,63,0.0,6.4,0.0
2025-12-07 07:00:00,19.1,62,0.0,5.4,50.0
2025-12-07 08:00:00,20.6,56,0.0,4.4,190.0
2025-12-07 09:00:00,23.1,45,0.0,6.3,411.0
2025-12-07 10:00:00,25.1,39,0.0,7.7,613.0
2025-12-07 11:00:00,26.7,38,0.0,6.9,729.0
2025-12-07 12:00:00,28.1,33,0.0,6.3,766.0
2025-12-07 13:00:00,28.9,30,0.0,7.1,746.0
2025-12-07 14:00:00,29.1,29,0.0,7.9,650.0
2025-12-07 15:00:00,29.0,28,0.0,8.5,490.0
2025-12-07 16:00:00,28.3,28,0.0,10.2,288.0
2025-12-07 17:00:00,27.2,30,0.0,10.6,91.0
2025-12-07 18:00:00,26.0,35,0.0,10.4,1.0
2025-12-07 19:00:00,24.6,39,0.0,9.8,0.0
2025-12-07 20:00:00,23.6,41,0.0,9.3,0.0
2025-12-07 21:00:00,22.7,43,0.0,8.5,0.0
2025-12-07 22:00:00,21.8,44,0.0,6.7,0.0
2025-12-07 23:00:00,20.5,48,0.0,5.0,0.0
2025-12-08 00:00:00,19.9,50,0.0,5.4,0.0
2025-12-08 01:00:00,19.3,52,0.0,4.6,0.0
2025-12-08 02:00:00,18.9,54,0.0,4.1,0.0
2025-12-08 03:00:00,18.4,56,0.0,4.7,0.0
2025-12-08 04:00:00,17.9,57,0.0,4.9,0.0
2025-12-08 05:00:00,17.3,60,0.0,4.9,0.0
2025-12-08 06:00:00,17.4,59,0.0,6.3,0.0
2025-12-08 07:00:00,17.7,59,0.0,6.4,51.0
2025-12-08 08:00:00,19.9,50,0.0,4.0,244.0
2025-12-08 09:00:00,22.9,39,0.0,4.3,455.0
2025-12-08 10:00:00,25.1,32,0.0,6.3,617.0
2025-12-08 11:00:00,26.8,28,0.0,7.1,737.0
2025-12-08 12:00:00,28.0,25,0.0,8.1,784.0
2025-12-08 13:00:00,28.7,23,0.0,8.9,752.0
2025-12-08 14:00:00,28.9,22,0.0,9.8,649.0
2025-12-08 15:00:00,28.4,23,0.0,10.4,470.0
2025-12-08 16:00:00,27.6,24,0.0,11.1,294.0
2025-12-08 17:00:00,26.3,29,0.0,10.2,91.0
2025-12-08 18:00:00,25.2,32,0.0,10.2,1.0
2025-12-08 19:00:00,23.8,34,0.0,10.1,0.0
2025-12-08 20:00:00,22.7,35,0.0,9.8,0.0
2025-12-08 21:00:00,21.9,35,0.0,9.0,0.0
2025-12-08 22:00:00,21.0,37,0.0,7.8,0.0
2025-12-08 23:00:00,19.9,40,0.0,6.9,0.0
2025-12-09 00:00:00,19.4,42,0.0,8.0,0.0
2025-12-09 01:00:00,19.0,44,0.0,6.9,0.0
2025-12-09 02:00:00,18.7,47,0.0,6.4,0.0
2025-12-09 03:00:00,18.3,50,0.0,7.0,0.0
2025-12-09 04:00:00,18.0,52,0.0,7.8,0.0
2025-12-09 05:00:00,17.5,56,0.0,6.5,0.0
2025-12-09 06:00:00,17.9,53,0.0,7.5,0.0
2025-12-09 07:00:00,18.4,49,0.0,7.7,51.0
2025-12-09 08:00:00,20.5,41,0.0,4.8,247.0
2025-12-09 09:00:00,23.4,32,0.0,5.9,460.0
2025-12-09 10:00:00,25.9,23,0.0,10.0,638.0
2025-12-09 11:00:00,27.4,18,0.0,11.8,759.0
2025-12-09 12:00:00,28.4,17,0.0,12.3,807.0
2025-12-09 13:00:00,28.8,17,0.0,12.5,780.0
2025-12-09 14:00:00,28.7,18,0.0,12.8,679.0
2025-12-09 15:00:00,28.1,20,0.0,13.2,517.0
2025-12-09 16:00:00,27.0,23,0.0,13.5,310.0
2025-12-09 17:00:00,26.0,26,0.0,10.9,98.0
2025-12-09 18:00:00,24.8,29,0.0,10.1,1.0
2025-12-09 19:00:00,23.6,32,0.0,8.9,0.0
2025-12-09 20:00:00,22.5,34,0.0,9.2,0.0
2025-12-09 21:00:00,21.7,36,0.0,9.7,0.0
2025-12-09 22:00:00,21.1,38,0.0,9.3,0.0
2025-12-09 23:00:00,20.5,41,0.0,7.6,0.0
2025-12-10 00:00:00,20.1,43,0.0,7.8,0.0
2025-12-10 01:00:00,19.5,46,0.0,7.5,0.0
2025-12-10 02:00:00,19.0,47,0.0,7.1,0.0
2025-12-10 03:00:00,18.7,48,0.0,6.9,0.0
2025-12-10 04:00:00,18.2,48,0.0,7.2,0.0
2025-12-10 05:00:00,17.6,50,0.0,6.4,0.0
2025-12-10 06:00:00,17.7,49,0.0,7.0,0.0
2025-12-10 07:00:00,18.1,46,0.0,8.2,51.0
2025-12-10 08:00:00,20.0,41,0.0,6.2,247.0
2025-12-10 09:00:00,22.7,35,0.0,7.7,461.0
2025-12-10 10:00:00,25.0,29,0.0,11.3,638.0
2025-12-10 11:00:00,26.7,24,0.0,12.3,758.0
2025-12-10 12:00:00,27.7,21,0.0,11.5,808.0
2025-12-10 13:00:00,28.3,19,0.0,10.5,782.0
2025-12-10 14:00:00,28.6,18,0.0,10.3,683.0
2025-12-10 15:00:00,28.4,19,0.0,10.5,521.0
2025-12-10 16:00:00,27.5,21,0.0,11.3,313.0
2025-12-10 17:00:00,26.3,25,0.0,10.2,100.0
2025-12-10 18:00:00,25.1,29,0.0,9.8,1.0
2025-12-10 19:00:00,23.7,32,0.0,9.5,0.0
2025-12-10 20:00:00,22.6,35,0.0,8.8,0.0
2025-12-10 21:00:00,21.7,37,0.0,7.9,0.0
2025-12-10 22:00:00,21.0,38,0.0,8.4,0.0
2025-12-10 23:00:00,20.1,42,0.0,8.1,0.0
2025-12-11 00:00:00,19.5,42,0.0,8.6,0.0
2025-12-11 01:00:00,18.9,43,0.0,8.3,0.0
2025-12-11 02:00:00,18.4,46,0.0,8.0,0.0
2025-12-11 03:00:00,18.0,48,0.0,7.7,0.0
2025-12-11 04:00:00,17.4,50,0.0,7.2,0.0
2025-12-11 05:00:00,16.9,54,0.0,6.2,0.0
2025-12-11 06:00:00,16.8,52,0.0,6.0,0.0
2025-12-11 07:00:00,17.3,48,0.0,6.6,51.0
2025-12-11 08:00:00,19.2,40,0.0,4.0,251.0
2025-12-11 09:00:00,22.0,30,0.0,5.0,468.0
2025-12-11 10:00:00,24.4,21,0.0,6.9,648.0
2025-12-11 11:00:00,26.2,18,0.0,7.0,769.0
2025-12-11 12:00:00,27.3,16,0.0,6.8,818.0
2025-12-11 13:00:00,28.0,15,0.0,6.8,792.0
2025-12-11 14:00:00,28.3,13,0.0,6.8,694.0
2025-12-11 15:00:00,28.1,13,0.0,6.9,532.0
2025-12-11 16:00:00,27.5,14,0.0,7.7,323.0
2025-12-11 17:00:00,26.3,17,0.0,7.9,104.0
2025-12-11 18:00:00,25.1,21,0.0,9.1,1.0
2025-12-11 19:00:00,23.5,26,0.0,9.9,0.0
2025-12-11 20:00:00,22.3,29,0.0,9.1,0.0
2025-12-11 21:00:00,21.2,32,0.0,8.8,0.0
2025-12-11 22:00:00,20.4,34,0.0,8.5,0.0
2025-12-11 23:00:00,19.3,40,0.0,6.9,0.0
2025-12-12 00:00:00,18.9,42,0.0,7.3,0.0
2025-12-12 01:00:00,18.4,43,0.0,6.1,0.0
2025-12-12 02:00:00,17.7,46,0.0,4.0,0.0
2025-12-12 03:00:00,16.9,54,0.0,1.7,0.0
2025-12-12 04:00:00,16.5,56,0.0,0.9,0.0
2025-12-12 05:00:00,15.2,59,0.0,3.4,0.0
2025-12-12 06:00:00,15.9,53,0.0,4.5,0.0
2025-12-12 07:00:00,16.3,52,0.0,5.3,48.0
2025-12-12 08:00:00,18.7,44,0.0,2.6,244.0
2025-12-12 09:00:00,21.9,34,0.0,3.9,458.0
2025-12-12 10:00:00,24.2,26,0.0,6.3,637.0
2025-12-12 11:00:00,25.7,22,0.0,6.2,758.0
2025-12-12 12:00:00,27.1,18,0.0,6.4,809.0
2025-12-12 13:00:00,27.9,17,0.0,6.4,784.0
2025-12-12 14:00:00,28.2,17,0.0,6.3,684.0
2025-12-12 15:00:00,28.0,17,0.0,6.8,522.0
2025-12-12 16:00:00,27.5,19,0.0,7.8,315.0
2025-12-12 17:00:00,26.6,21,0.0,7.4,102.0
2025-12-12 18:00:00,25.4,24,0.0,8.6,1.0
2025-12-12 19:00:00,24.0,29,0.0,8.6,0.0
2025-12-12 20:00:00,22.8,33,0.0,8.8,0.0
2025-12-12 21:00:00,21.8,36,0.0,8.5,0.0
2025-12-12 22:00:00,20.9,38,0.0,7.7,0.0
2025-12-12 23:00:00,20.1,42,0.0,5.1,0.0
2025-12-13 00:00:00,19.4,44,0.0,4.6,0.0
2025-12-13 01:00:00,18.3,54,0.0,2.4,0.0
2025-12-13 02:00:00,17.8,58,0.0,0.9,0.0
2025-12-13 03:00:00,17.2,59,0.0,1.0,0.0
2025-12-13 04:00:00,16.5,61,0.0,1.0,0.0
2025-12-13 05:00:00,15.1,73,0.0,1.8,0.0
2025-12-13 06:00:00,15.4,69,0.0,1.5,0.0
2025-12-13 07:00:00,16.3,61,0.0,2.9,46.0
2025-12-13 08:00:00,18.9,49,0.0,2.5,238.0
2025-12-13 09:00:00,21.7,39,0.0,3.2,453.0
2025-12-13 10:00:00,23.8,33,0.0,5.1,630.0
2025-12-13 11:00:00,25.1,29,0.0,4.3,750.0
2025-12-13 12:00:00,26.7,26,0.0,3.2,798.0
2025-12-13 13:00:00,27.7,24,0.0,3.6,772.0
2025-12-13 14:00:00,28.2,23,0.0,4.3,674.0
2025-12-13 15:00:00,28.3,23,0.0,5.3,514.0
2025-12-13 16:00:00,27.8,24,0.0,7.5,310.0
2025-12-13 17:00:00,27.1,26,0.0,7.5,100.0
2025-12-13 18:00:00,26.1,30,0.0,7.9,1.0
2025-12-13 19:00:00,24.6,35,0.0,9.2,0.0
2025-12-13 20:00:00,23.3,39,0.0,8.2,0.0
2025-12-13 21:00:00,22.4,40,0.0,7.4,0.0
2025-12-13 22:00:00,21.7,42,0.0,8.2,0.0
2025-12-13 23:00:00,20.5,48,0.0,6.6,0.0
2025-12-14 00:00:00,19.8,50,0.0,6.5,0.0
2025-12-14 01:00:00,19.2,52,0.0,5.9,0.0
2025-12-14 02:00:00,18.7,55,0.0,3.6,0.0
2025-12-14 03:00:00,17.8,61,0.0,3.0,0.0
2025-12-14 04:00:00,17.6,60,0.0,5.8,0.0
2025-12-14 05:00:00,16.4,67,0.0,4.0,0.0
2025-12-14 06:00:00,16.6,66,0.0,3.9,0.0
2025-12-14 07:00:00,16.6,67,0.0,3.8,44.0
2025-12-14 08:00:00,18.7,59,0.0,2.3,231.0
2025-12-14 09:00:00,21.4,53,0.0,3.1,441.0
2025-12-14 10:00:00,23.5,46,0.0,4.9,617.0
2025-12-14 11:00:00,25.3,35,0.0,4.9,738.0
2025-12-14 12:00:00,26.8,29,0.0,4.7,791.0
2025-12-14 13:00:00,27.7,26,0.0,5.2,768.0
2025-12-14 14:00:00,28.2,25,0.0,5.8,673.0
2025-12-14 15:00:00,28.3,25,0.0,7.2,515.0
2025-12-14 16:00:00,27.7,26,0.0,8.5,311.0
2025-12-14 17:00:00,26.7,29,0.0,7.0,101.0
2025-12-14 18:00:00,25.9,31,0.0,7.5,1.0
2025-12-14 19:00:00,24.8,36,0.0,7.5,0.0
2025-12-14 20:00:00,23.6,41,0.0,7.5,0.0
2025-12-14 21:00:00,22.4,46,0.0,6.1,0.0
2025-12-14 22:00:00,21.6,49,0.0,4.2,0.0
2025-12-14 23:00:00,20.3,55,0.0,4.6,0.0
2025-12-15 00:00:00,19.9,56,0.0,4.6,0.0
2025-12-15 01:00:00,19.2,59,0.0,4.5,0.0
2025-12-15 02:00:00,18.6,60,0.0,4.8,0.0
2025-12-15 03:00:00,18.1,60,0.0,5.1,0.0
2025-12-15 04:00:00,17.7,60,0.0,3.9,0.0
2025-12-15 05:00:00,16.7,70,0.0,3.3,0.0
2025-12-15 06:00:00,17.3,65,0.0,5.2,0.0
2025-12-15 07:00:00,17.3,66,0.0,5.2,42.0
2025-12-15 08:00:00,18.8,62,0.0,4.0,228.0
2025-12-15 09:00:00,21.0,58,0.0,4.5,439.0
2025-12-15 10:00:00,23.1,51,0.0,5.8,615.0
2025-12-15 11:00:00,24.6,43,0.0,5.6,735.0
2025-12-15 12:00:00,26.0,37,0.0,5.0,787.0
2025-12-15 13:00:00,27.0,33,0.0,5.1,765.0
2025-12-15 14:00:00,27.6,29,0.0,5.5,670.0
2025-12-15 15:00:00,27.7,29,0.0,6.6,513.0
2025-12-15 16:00:00,27.1,31,0.0,8.3,312.0
2025-12-15 17:00:00,25.9,35,0.0,7.9,102.0
2025-12-15 18:00:00,25.3,38,0.0,7.9,1.0
2025-12-15 19:00:00,24.3,41,0.0,8.3,0.0
2025-12-15 20:00:00,23.0,46,0.0,7.9,0.0
2025-12-15 21:00:00,21.7,53,0.0,6.8,0.0
2025-12-15 22:00:00,20.8,57,0.0,5.6,0.0
2025-12-15 23:00:00,19.8,60,0.0,5.8,0.0
2025-12-16 00:00:00,19.5,60,0.0,5.8,0.0
2025-12-16 01:00:00,18.9,62,0.0,5.7,0.0
2025-12-16 02:00:00,18.3,64,0.0,5.4,0.0
2025-12-16 03:00:00,17.9,65,0.0,4.9,0.0
2025-12-16 04:00:00,17.6,66,0.0,6.0,0.0
2025-12-16 05:00:00,17.0,70,0.0,4.3,0.0
2025-12-16 06:00:00,17.2,69,0.0,5.9,0.0
2025-12-16 07:00:00,17.3,69,0.0,6.3,42.0
2025-12-16 08:00:00,18.9,62,0.0,4.6,230.0
2025-12-16 09:00:00,21.1,53,0.0,6.5,442.0
2025-12-16 10:00:00,23.2,45,0.0,8.0,620.0
2025-12-16 11:00:00,24.8,38,0.0,7.6,743.0
2025-12-16 12:00:00,26.4,31,0.0,7.2,796.0
2025-12-16 13:00:00,27.3,29,0.0,7.1,773.0
2025-12-16 14:00:00,27.8,28,0.0,6.5,677.0
2025-12-16 15:00:00,27.9,28,0.0,6.4,518.0
2025-12-16 16:00:00,27.4,29,0.0,7.1,315.0
2025-12-16 17:00:00,26.1,36,0.0,7.7,104.0
2025-12-16 18:00:00,25.3,40,0.0,7.9,1.0
2025-12-16 19:00:00,24.1,48,0.0,7.8,0.0
2025-12-16 20:00:00,22.9,55,0.0,6.7,0.0
2025-12-16 21:00:00,22.0,60,0.0,5.5,0.0
2025-12-16 22:00:00,21.1,64,0.0,4.2,0.0
2025-12-16 23:00:00,19.7,75,0.0,1.6,0.0
2025-12-17 00:00:00,19.8,76,0.0,0.9,0.0
2025-12-17 01:00:00,19.4,74,0.0,3.7,0.0
2025-12-17 02:00:00,18.8,76,0.0,5.6,0.0
2025-12-17 03:00:00,18.3,76,0.0,5.5,0.0
2025-12-17 04:00:00,18.0,74,0.0,5.7,0.0
2025-12-17 05:00:00,17.7,74,0.0,5.0,0.0
2025-12-17 06:00:00,18.0,69,0.0,6.2,0.0
2025-12-17 07:00:00,18.2,67,0.0,6.8,41.0
2025-12-17 08:00:00,20.3,58,0.0,4.5,228.0
2025-12-17 09:00:00,23.0,46,0.0,6.0,440.0
2025-12-17 10:00:00,24.8,39,0.0,5.9,619.0
2025-12-17 11:00:00,26.0,36,0.0,4.9,742.0
2025-12-17 12:00:00,27.5,30,0.0,4.3,794.0
2025-12-17 13:00:00,28.6,26,0.0,4.5,773.0
2025-12-17 14:00:00,29.2,24,0.0,4.8,678.0
2025-12-17 15:00:00,29.2,23,0.0,5.9,521.0
2025-12-17 16:00:00,28.7,24,0.0,8.0,318.0
2025-12-17 17:00:00,27.5,28,0.0,7.8,106.0
2025-12-17 18:00:00,26.3,32,0.0,8.1,2.0
2025-12-17 19:00:00,24.8,38,0.0,9.2,0.0
2025-12-17 20:00:00,23.3,43,0.0,8.3,0.0
2025-12-17 21:00:00,22.2,46,0.0,7.8,0.0
2025-12-17 22:00:00,21.6,47,0.0,7.0,0.0
2025-12-17 23:00:00,19.9,56,0.0,3.8,0.0
2025-12-18 00:00:00,20.0,54,0.0,4.7,0.0
2025-12-18 01:00:00,19.3,56,0.0,4.1,0.0
2025-12-18 02:00:00,18.5,60,0.0,3.3,0.0
2025-12-18 03:00:00,17.9,64,0.0,3.8,0.0
2025-12-18 04:00:00,17.4,65,0.0,5.2,0.0
2025-12-18 05:00:00,17.2,62,0.0,7.1,0.0
2025-12-18 06:00:00,17.3,58,0.0,8.2,0.0
2025-12-18 07:00:00,17.6,57,0.0,8.4,42.0
2025-12-18 08:00:00,19.5,52,0.0,5.7,233.0
2025-12-18 09:00:00,22.3,43,0.0,5.1,449.0
2025-12-18 10:00:00,24.9,33,0.0,7.3,630.0
2025-12-18 11:00:00,26.6,27,0.0,9.1,753.0
2025-12-18 12:00:00,28.0,22,0.0,8.9,802.0
2025-12-18 13:00:00,28.7,19,0.0,8.9,781.0
2025-12-18 14:00:00,29.0,18,0.0,9.1,687.0
2025-12-18 15:00:00,28.7,17,0.0,9.6,529.0
2025-12-18 16:00:00,27.9,18,0.0,10.3,325.0
2025-12-18 17:00:00,26.9,22,0.0,8.4,110.0
2025-12-18 18:00:00,25.7,27,0.0,8.3,2.0
2025-12-18 19:00:00,24.5,31,0.0,7.5,0.0
2025-12-18 20:00:00,23.3,35,0.0,7.0,0.0
2025-12-18 21:00:00,22.4,37,0.0,7.3,0.0
2025-12-18 22:00:00,21.7,38,0.0,7.0,0.0
2025-12-18 23:00:00,20.4,44,0.0,6.5,0.0
2025-12-19 00:00:00,19.7,47,0.0,8.1,0.0
2025-12-19 01:00:00,19.1,49,0.0,8.6,0.0
2025-12-19 02:00:00,18.5,51,0.0,8.6,0.0
2025-12-19 03:00:00,18.1,52,0.0,9.0,0.0
2025-12-19 04:00:00,17.9,50,0.0,9.2,0.0
2025-12-19 05:00:00,17.4,50,0.0,6.8,0.0
2025-12-19 06:00:00,17.5,48,0.0,8.1,0.0
2025-12-19 07:00:00,17.8,46,0.0,8.6,40.0
2025-12-19 08:00:00,19.7,42,0.0,6.2,231.0
2025-12-19 09:00:00,22.2,34,0.0,7.8,449.0
2025-12-19 10:00:00,24.0,27,0.0,10.3,632.0
2025-12-19 11:00:00,25.4,23,0.0,10.2,756.0
2025-12-19 12:00:00,26.6,20,0.0,10.0,809.0
2025-12-19 13:00:00,27.2,20,0.0,10.2,786.0
2025-12-19 14:00:00,27.5,20,0.0,9.6,690.0
2025-12-19 15:00:00,27.3,21,0.0,9.6,532.0
2025-12-19 16:00:00,26.6,23,0.0,9.9,327.0
2025-12-19 17:00:00,25.9,26,0.0,8.5,112.0
2025-12-19 18:00:00,24.8,30,0.0,7.8,2.0
2025-12-19 19:00:00,23.6,33,0.0,7.4,0.0
2025-12-19 20:00:00,22.5,36,0.0,7.4,0.0
2025-12-19 21:00:00,21.6,39,0.0,6.9,0.0
2025-12-19 22:00:00,20.8,41,0.0,6.9,0.0
2025-12-19 23:00:00,19.4,49,0.0,3.9,0.0
2025-12-20 00:00:00,19.5,46,0.0,6.2,0.0
2025-12-20 01:00:00,18.9,47,0.0,6.9,0.0
2025-12-20 02:00:00,18.1,50,0.0,6.9,0.0
2025-12-20 03:00:00,17.4,53,0.0,5.6,0.0
2025-12-20 04:00:00,16.8,56,0.0,4.3,0.0
2025-12-20 05:00:00,15.9,62,0.0,3.6,0.0
2025-12-20 06:00:00,16.1,60,0.0,3.3,0.0
2025-12-20 07:00:00,16.7,56,0.0,5.0,39.0
2025-12-20 08:00:00,18.6,49,0.0,3.6,227.0
2025-12-20 09:00:00,21.1,40,0.0,6.5,443.0
2025-12-20 10:00:00,23.1,33,0.0,8.0,623.0
2025-12-20 11:00:00,24.7,30,0.0,8.7,747.0
2025-12-20 12:00:00,26.1,26,0.0,8.4,802.0
2025-12-20 13:00:00,27.0,25,0.0,8.4,775.0
2025-12-20 14:00:00,27.3,24,0.0,8.5,682.0
2025-12-20 15:00:00,27.2,24,0.0,8.9,525.0
2025-12-20 16:00:00,26.5,26,0.0,9.8,311.0
2025-12-20 17:00:00,25.7,29,0.0,8.8,103.0
2025-12-20 18:00:00,24.7,33,0.0,8.6,2.0
2025-12-20 19:00:00,23.3,38,0.0,8.9,0.0
2025-12-20 20:00:00,22.3,42,0.0,8.0,0.0
2025-12-20 21:00:00,21.3,45,0.0,7.9,0.0
2025-12-20 22:00:00,20.6,48,0.0,7.1,0.0
2025-12-20 23:00:00,19.2,55,0.0,3.9,0.0
2025-12-21 00:00:00,18.8,62,0.0,1.9,0.0
2025-12-21 01:00:00,17.9,62,0.0,0.6,0.0
2025-12-21 02:00:00,17.0,69,0.0,1.5,0.0
2025-12-21 03:00:00,16.2,78,0.0,3.2,0.0
2025-12-21 04:00:00,15.8,78,0.0,3.9,0.0
2025-12-21 05:00:00,14.8,83,0.0,1.4,0.0
2025-12-21 06:00:00,14.9,83,0.0,1.3,0.0
2025-12-21 07:00:00,15.1,85,0.0,1.7,37.0
2025-12-21 08:00:00,18.0,65,0.0,2.8,221.0
2025-12-21 09:00:00,21.1,47,0.0,5.4,434.0
2025-12-21 10:00:00,23.1,42,0.0,6.8,614.0
2025-12-21 11:00:00,24.5,38,0.0,7.2,736.0
2025-12-21 12:00:00,25.8,34,0.0,7.4,784.0
2025-12-21 13:00:00,26.6,33,0.0,7.9,763.0
2025-12-21 14:00:00,27.0,32,0.0,8.1,674.0
2025-12-21 15:00:00,26.9,33,0.0,7.9,513.0
2025-12-21 16:00:00,26.2,35,0.0,8.3,309.0
2025-12-21 17:00:00,25.3,38,0.0,8.3,106.0
2025-12-21 18:00:00,24.7,41,0.0,7.6,2.0
2025-12-21 19:00:00,23.7,46,0.0,7.0,0.0
2025-12-21 20:00:00,22.6,51,0.0,5.0,0.0
2025-12-21 21:00:00,21.6,56,0.0,2.8,0.0
2025-12-21 22:00:00,20.8,58,0.0,4.8,0.0
2025-12-21 23:00:00,20.1,60,0.0,3.5,0.0
2025-12-22 00:00:00,19.7,59,0.0,5.5,0.0
2025-12-22 01:00:00,19.2,59,0.0,6.1,0.0
2025-12-22 02:00:00,19.0,59,0.0,6.6,0.0
2025-12-22 03:00:00,18.8,58,0.0,5.9,0.0
2025-12-22 04:00:00,18.5,57,0.0,5.4,0.0
2025-12-22 05:00:00,17.0,69,0.0,2.1,0.0
2025-12-22 06:00:00,17.3,69,0.0,2.0,0.0
2025-12-22 07:00:00,17.4,67,0.0,3.7,35.0
2025-12-22 08:00:00,19.1,58,0.0,2.7,214.0
2025-12-22 09:00:00,21.3,50,0.0,4.7,424.0
2025-12-22 10:00:00,23.2,44,0.0,6.3,603.0
2025-12-22 11:00:00,24.6,41,0.0,6.2,729.0
2025-12-22 12:00:00,26.0,36,0.0,6.4,784.0
2025-12-22 13:00:00,26.9,34,0.0,6.4,766.0
2025-12-22 14:00:00,27.4,32,0.0,6.9,675.0
2025-12-22 15:00:00,27.5,31,0.0,7.6,520.0
2025-12-22 16:00:00,27.1,31,0.0,8.3,320.0
2025-12-22 17:00:00,25.9,34,0.0,7.9,111.0
2025-12-22 18:00:00,25.2,35,0.0,7.5,2.0
2025-12-22 19:00:00,24.1,37,0.0,7.6,0.0
2025-12-22 20:00:00,23.1,40,0.0,6.5,0.0
2025-12-22 21:00:00,22.2,42,0.0,5.3,0.0
2025-12-22 22:00:00,21.6,44,0.0,5.1,0.0
2025-12-22 23:00:00,20.1,54,0.0,1.8,0.0
2025-12-23 00:00:00,19.5,55,0.0,1.9,0.0
2025-12-23 01:00:00,18.4,65,0.0,0.6,0.0
2025-12-23 02:00:00,17.7,65,0.0,1.4,0.0
2025-12-23 03:00:00,16.8,74,0.0,1.5,0.0
2025-12-23 04:00:00,16.4,76,0.0,3.3,0.0
2025-12-23 05:00:00,15.6,77,0.0,1.9,0.0
2025-12-23 06:00:00,16.2,72,0.0,2.4,0.0
2025-12-23 07:00:00,16.5,69,0.0,3.7,34.0
2025-12-23 08:00:00,19.0,57,0.0,2.3,212.0
2025-12-23 09:00:00,21.6,45,0.0,4.9,426.0
2025-12-23 10:00:00,23.4,39,0.0,6.4,607.0
2025-12-23 11:00:00,24.9,36,0.0,6.4,730.0
2025-12-23 12:00:00,26.3,33,0.0,6.4,781.0
2025-12-23 13:00:00,27.1,30,0.0,6.9,763.0
2025-12-23 14:00:00,27.5,30,0.0,7.9,676.0
2025-12-23 15:00:00,27.4,29,0.0,8.6,519.0
2025-12-23 16:00:00,26.8,30,0.0,9.1,316.0
2025-12-23 17:00:00,25.8,32,0.0,10.1,108.0
2025-12-23 18:00:00,24.9,34,0.0,9.7,3.0
2025-12-23 19:00:00,23.6,38,0.0,8.7,0.0
2025-12-23 20:00:00,22.5,42,0.0,7.4,0.0
2025-12-23 21:00:00,21.6,46,0.0,7.1,0.0
2025-12-23 22:00:00,21.3,47,0.0,6.3,0.0
2025-12-23 23:00:00,20.4,52,0.0,4.5,0.0
2025-12-24 00:00:00,20.0,54,0.0,4.6,0.0
2025-12-24 01:00:00,19.3,57,0.0,5.1,0.0
2025-12-24 02:00:00,18.8,58,0.0,5.6,0.0
2025-12-24 03:00:00,18.2,59,0.0,5.0,0.0
2025-12-24 04:00:00,17.7,61,0.0,5.2,0.0
2025-12-24 05:00:00,17.1,65,0.0,4.7,0.0
2025-12-24 06:00:00,17.4,65,0.0,5.1,0.0
2025-12-24 07:00:00,17.6,65,0.0,5.8,34.0
2025-12-24 08:00:00,19.3,58,0.0,3.6,212.0
2025-12-24 09:00:00,21.8,49,0.0,4.5,426.0
2025-12-24 10:00:00,23.7,41,0.0,8.0,605.0
2025-12-24 11:00:00,24.8,37,0.0,7.8,729.0
2025-12-24 12:00:00,26.0,34,0.0,6.7,784.0
2025-12-24 13:00:00,26.7,32,0.0,6.7,767.0
2025-12-24 14:00:00,27.1,31,0.0,7.6,677.0
2025-12-24 15:00:00,26.9,32,0.0,8.3,523.0
2025-12-24 16:00:00,26.3,34,0.0,8.6,322.0
2025-12-24 17:00:00,25.4,35,0.0,8.1,114.0
2025-12-24 18:00:00,24.6,38,0.0,7.1,3.0
2025-12-24 19:00:00,23.7,41,0.0,6.9,0.0
2025-12-24 20:00:00,22.5,47,0.0,8.1,0.0
2025-12-24 21:00:00,21.5,50,0.0,7.4,0.0
2025-12-24 22:00:00,20.7,51,0.0,7.6,0.0
2025-12-24 23:00:00,20.2,53,0.0,6.6,0.0
2025-12-25 00:00:00,19.7,54,0.0,6.9,0.0
2025-12-25 01:00:00,19.4,56,0.0,6.2,0.0
2025-12-25 02:00:00,19.0,58,0.0,5.5,0.0
2025-12-25 03:00:00,18.5,59,0.0,4.9,0.0
2025-12-25 04:00:00,18.2,59,0.0,5.8,0.0
2025-12-25 05:00:00,16.7,73,0.0,1.0,0.0
2025-12-25 06:00:00,16.9,70,0.0,2.2,0.0
2025-12-25 07:00:00,17.0,68,0.0,5.0,33.0
2025-12-25 08:00:00,18.9,58,0.0,2.5,212.0
2025-12-25 09:00:00,21.4,45,0.0,4.2,426.0
2025-12-25 10:00:00,23.4,38,0.0,6.7,608.0
2025-12-25 11:00:00,24.5,34,0.0,6.8,733.0
2025-12-25 12:00:00,25.6,31,0.0,5.7,789.0
2025-12-25 13:00:00,26.3,30,0.0,5.4,770.0
2025-12-25 14:00:00,26.8,29,0.0,5.5,680.0
2025-12-25 15:00:00,26.8,28,0.0,5.7,527.0
2025-12-25 16:00:00,26.3,30,0.0,6.9,328.0
2025-12-25 17:00:00,25.6,33,0.0,7.4,116.0
2025-12-25 18:00:00,24.9,36,0.0,7.7,3.0
2025-12-25 19:00:00,24.1,41,0.0,8.3,0.0
2025-12-25 20:00:00,22.9,45,0.0,8.3,0.0
2025-12-25 21:00:00,21.7,48,0.0,6.7,0.0
2025-12-25 22:00:00,21.0,51,0.0,6.2,0.0
2025-12-25 23:00:00,20.0,56,0.0,4.1,0.0
2025-12-26 00:00:00,19.3,57,0.0,5.0,0.0
2025-12-26 01:00:00,18.8,60,0.0,3.8,0.0
2025-12-26 02:00:00,18.0,64,0.0,2.7,0.0
2025-12-26 03:00:00,17.2,70,0.0,2.4,0.0
2025-12-26 04:00:00,16.8,74,0.0,0.9,0.0
2025-12-26 05:00:00,16.2,76,0.0,1.4,0.0
2025-12-26 06:00:00,16.5,76,0.0,1.7,0.0
2025-12-26 07:00:00,16.8,72,0.0,2.5,33.0
2025-12-26 08:00:00,18.7,62,0.0,2.1,212.0
2025-12-26 09:00:00,21.3,50,0.0,4.7,425.0
2025-12-26 10:00:00,23.2,39,0.0,5.4,608.0
2025-12-26 11:00:00,24.1,36,0.0,4.5,735.0
2025-12-26 12:00:00,25.4,33,0.0,4.9,791.0
2025-12-26 13:00:00,26.2,32,0.0,5.2,773.0
2025-12-26 14:00:00,26.6,32,0.0,6.3,682.0
2025-12-26 15:00:00,26.5,34,0.0,7.7,528.0
2025-12-26 16:00:00,25.9,36,0.0,8.7,328.0
2025-12-26 17:00:00,25.1,39,0.0,8.2,118.0
2025-12-26 18:00:00,24.4,42,0.0,7.5,3.0
2025-12-26 19:00:00,23.4,46,0.0,7.1,0.0
2025-12-26 20:00:00,22.3,50,0.0,7.0,0.0
2025-12-26 21:00:00,21.4,52,0.0,6.4,0.0
2025-12-26 22:00:00,20.5,54,0.0,5.9,0.0
2025-12-26 23:00:00,19.6,58,0.0,4.6,0.0
2025-12-27 00:00:00,19.2,60,0.0,4.4,0.0
2025-12-27 01:00:00,18.7,62,0.0,3.3,0.0
2025-12-27 02:00:00,18.1,69,0.0,1.6,0.0
2025-12-27 03:00:00,17.7,72,0.0,1.1,0.0
2025-12-27 04:00:00,17.2,72,0.0,1.8,0.0
2025-12-27 05:00:00,16.2,81,0.0,0.8,0.0
2025-12-27 06:00:00,16.5,83,0.0,0.4,0.0
2025-12-27 07:00:00,16.5,80,0.0,4.3,31.0
2025-12-27 08:00:00,18.5,67,0.0,0.6,206.0
2025-12-27 09:00:00,21.2,51,0.0,1.8,419.0
2025-12-27 10:00:00,22.9,43,0.0,3.4,603.0
2025-12-27 11:00:00,23.8,39,0.0,3.3,732.0
2025-12-27 12:00:00,25.3,34,0.0,3.2,792.0
2025-12-27 13:00:00,26.2,31,0.0,3.6,777.0
2025-12-27 14:00:00,26.8,29,0.0,4.8,688.0
2025-12-27 15:00:00,26.9,28,0.0,6.3,534.0
2025-12-27 16:00:00,26.4,30,0.0,7.8,333.0
2025-12-27 17:00:00,25.4,35,0.0,8.0,121.0
2025-12-27 18:00:00,24.7,39,0.0,7.7,4.0
2025-12-27 19:00:00,23.7,43,0.0,7.6,0.0
2025-12-27 20:00:00,22.5,48,0.0,7.8,0.0
2025-12-27 21:00:00,21.3,53,0.0,7.1,0.0
2025-12-27 22:00:00,20.5,56,0.0,7.2,0.0
2025-12-27 23:00:00,19.4,60,0.0,4.9,0.0
2025-12-28 00:00:00,19.0,62,0.0,4.7,0.0
2025-12-28 01:00:00,18.5,64,0.0,2.4,0.0
2025-12-28 02:00:00,17.8,74,0.0,0.4,0.0
2025-12-28 03:00:00,17.5,70,0.0,2.7,0.0
2025-12-28 04:00:00,17.1,71,0.0,4.2,0.0
2025-12-28 05:00:00,16.2,77,0.0,2.4,0.0
2025-12-28 06:00:00,16.7,72,0.0,2.3,0.0
2025-12-28 07:00:00,16.8,72,0.0,2.7,30.0
2025-12-28 08:00:00,18.9,60,0.0,2.7,204.0
2025-12-28 09:00:00,21.3,48,0.0,4.5,418.0
2025-12-28 10:00:00,22.9,43,0.0,6.5,602.0
2025-12-28 11:00:00,24.0,39,0.0,6.0,730.0
2025-12-28 12:00:00,25.3,35,0.0,5.0,789.0
2025-12-28 13:00:00,26.2,33,0.0,5.0,775.0
2025-12-28 14:00:00,26.8,31,0.0,5.8,687.0
2025-12-28 15:00:00,26.8,30,0.0,6.5,535.0
2025-12-28 16:00:00,26.4,32,0.0,7.7,335.0
2025-12-28 17:00:00,25.2,37,0.0,8.0,122.0
2025-12-28 18:00:00,24.6,39,0.0,7.5,4.0
2025-12-28 19:00:00,23.9,42,0.0,6.9,0.0
2025-12-28 20:00:00,22.6,47,0.0,7.2,0.0
2025-12-28 21:00:00,21.4,53,0.0,6.3,0.0
2025-12-28 22:00:00,20.6,55,0.0,6.0,0.0
2025-12-28 23:00:00,19.6,60,0.0,4.7,0.0
2025-12-29 00:00:00,19.3,61,0.0,5.1,0.0
2025-12-29 01:00:00,18.6,63,0.0,3.6,0.0
2025-12-29 02:00:00,17.9,68,0.0,2.3,0.0
2025-12-29 03:00:00,17.7,68,0.0,4.1,0.0
2025-12-29 04:00:00,17.1,71,0.0,2.9,0.0
2025-12-29 05:00:00,16.5,74,0.0,3.1,0.0
2025-12-29 06:00:00,16.8,72,0.0,3.0,0.0
2025-12-29 07:00:00,17.1,69,0.0,4.4,30.0
2025-12-29 08:00:00,18.7,60,0.0,3.9,206.0
2025-12-29 09:00:00,20.8,51,0.0,5.4,419.0
2025-12-29 10:00:00,22.7,42,0.0,7.8,604.0
2025-12-29 11:00:00,23.8,38,0.0,6.5,733.0
2025-12-29 12:00:00,25.0,34,0.0,5.6,793.0
2025-12-29 13:00:00,26.0,31,0.0,5.2,779.0
2025-12-29 14:00:00,26.5,29,0.0,6.0,691.0
2025-12-29 15:00:00,26.6,29,0.0,6.7,539.0
2025-12-29 16:00:00,26.1,31,0.0,7.2,339.0
2025-12-29 17:00:00,25.3,34,0.0,6.7,126.0
2025-12-29 18:00:00,24.5,38,0.0,7.6,4.0
2025-12-29 19:00:00,23.7,43,0.0,8.0,0.0
2025-12-29 20:00:00,22.9,47,0.0,7.2,0.0
2025-12-29 21:00:00,21.4,53,0.0,6.7,0.0
2025-12-29 22:00:00,20.5,55,0.0,5.7,0.0
2025-12-29 23:00:00,19.7,59,0.0,4.6,0.0
2025-12-30 00:00:00,19.0,61,0.0,4.9,0.0
2025-12-30 01:00:00,18.5,64,0.0,3.6,0.0
2025-12-30 02:00:00,17.8,72,0.0,1.5,0.0
2025-12-30 03:00:00,17.3,71,0.0,2.4,0.0
2025-12-30 04:00:00,16.6,76,0.0,2.5,0.0
2025-12-30 05:00:00,16.1,78,0.0,1.7,0.0
2025-12-30 06:00:00,16.5,76,0.0,2.2,0.0
2025-12-30 07:00:00,16.5,75,0.0,3.1,29.0
2025-12-30 08:00:00,18.9,63,0.0,1.7,204.0
2025-12-30 09:00:00,21.7,49,0.0,2.9,417.0
2025-12-30 10:00:00,23.4,45,0.0,3.1,600.0
2025-12-30 11:00:00,24.3,41,0.0,1.8,730.0
2025-12-30 12:00:00,26.1,36,0.0,1.2,791.0
2025-12-30 13:00:00,27.1,33,0.0,1.3,776.0
2025-12-30 14:00:00,27.7,31,0.0,2.0,688.0
2025-12-30 15:00:00,28.0,30,0.0,3.4,536.0
2025-12-30 16:00:00,27.5,31,0.0,4.7,336.0
2025-12-30 17:00:00,26.5,34,0.0,5.1,125.0
2025-12-30 18:00:00,25.4,37,0.0,3.6,5.0
2025-12-30 19:00:00,24.5,38,0.0,1.9,0.0
2025-12-30 20:00:00,23.8,40,0.0,1.2,0.0
2025-12-30 21:00:00,22.7,45,0.0,4.6,0.0
2025-12-30 22:00:00,21.8,49,0.0,3.8,0.0
2025-12-30 23:00:00,20.2,61,0.0,2.4,0.0
2025-12-31 00:00:00,19.9,59,0.0,2.5,0.0
2025-12-31 01:00:00,19.1,68,0.0,1.3,0.0
2025-12-31 02:00:00,18.5,67,0.0,2.6,0.0
2025-12-31 03:00:00,17.9,73,0.0,2.6,0.0
2025-12-31 04:00:00,17.5,75,0.0,2.0,0.0
2025-12-31 05:00:00,16.7,80,0.0,1.0,0.0
2025-12-31 06:00:00,16.8,78,0.0,3.2,0.0
2025-12-31 07:00:00,17.2,75,0.0,4.6,29.0
2025-12-31 08:00:00,19.3,65,0.0,2.2,202.0
2025-12-31 09:00:00,22.2,53,0.0,2.4,415.0
2025-12-31 10:00:00,24.4,46,0.0,3.1,599.0
2025-12-31 11:00:00,25.5,39,0.0,2.7,728.0
2025-12-31 12:00:00,27.0,33,0.0,3.4,786.0
2025-12-31 13:00:00,27.8,30,0.0,4.8,773.0
2025-12-31 14:00:00,28.3,28,0.0,6.4,686.0
2025-12-31 15:00:00,28.3,27,0.0,7.9,536.0
2025-12-31 16:00:00,27.9,27,0.0,8.3,338.0
2025-12-31 17:00:00,27.1,33,0.0,8.2,127.0
2025-12-31 18:00:00,26.4,37,0.0,5.5,5.0
2025-12-31 19:00:00,25.7,39,0.0,4.1,0.0
2025-12-31 20:00:00,24.3,49,0.0,9.4,0.0
2025-12-31 21:00:00,23.0,57,0.0,7.9,0.0
2025-12-31 22:00:00,22.3,61,0.0,8.2,0.0
2025-12-31 23:00:00,21.4,66,0.0,6.4,0.0
2026-01-01 00:00:00,20.9,69,0.0,7.2,0.0
2026-01-01 01:00:00,20.6,70,0.0,5.5,0.0
2026-01-01 02:00:00,20.1,73,0.0,5.5,0.0
2026-01-01 03:00:00,19.5,76,0.0,5.6,0.0
2026-01-01 04:00:00,19.1,79,0.0,6.2,0.0
2026-01-01 05:00:00,18.3,88,0.0,4.9,0.0
2026-01-01 06:00:00,18.2,90,0.0,5.7,0.0
2026-01-01 07:00:00,18.3,90,0.0,5.8,27.0
2026-01-01 08:00:00,20.0,81,0.0,3.4,191.0
2026-01-01 09:00:00,22.2,72,0.0,4.2,404.0
2026-01-01 10:00:00,24.4,59,0.0,4.6,584.0
2026-01-01 11:00:00,25.9,50,0.0,5.1,710.0
2026-01-01 12:00:00,27.4,41,0.0,2.7,765.0
2026-01-01 13:00:00,28.3,36,0.0,0.9,702.0
2026-01-01 14:00:00,28.9,33,0.0,2.7,551.0
2026-01-01 15:00:00,29.1,31,0.0,4.8,446.0
2026-01-01 16:00:00,28.5,31,0.0,3.3,267.0
2026-01-01 17:00:00,25.4,52,0.0,13.6,98.0
2026-01-01 18:00:00,24.8,52,0.0,8.8,5.0
2026-01-01 19:00:00,24.5,54,0.0,9.8,0.0
2026-01-01 20:00:00,23.8,59,0.0,8.8,0.0
2026-01-01 21:00:00,22.9,62,0.0,9.1,0.0
2026-01-01 22:00:00,22.5,64,0.0,8.0,0.0
2026-01-01 23:00:00,21.8,71,0.0,6.0,0.0
2026-01-02 00:00:00,21.4,73,0.0,5.4,0.0
2026-01-02 01:00:00,20.9,75,0.0,4.8,0.0
2026-01-02 02:00:00,20.5,77,0.0,5.1,0.0
2026-01-02 03:00:00,20.1,79,0.0,4.8,0.0
2026-01-02 04:00:00,19.7,82,0.0,3.6,0.0
2026-01-02 05:00:00,18.8,86,0.0,2.7,0.0
2026-01-02 06:00:00,19.0,85,0.0,5.5,0.0
2026-01-02 07:00:00,18.9,88,0.0,6.5,25.0
2026-01-02 08:00:00,20.0,86,0.0,7.1,178.0
2026-01-02 09:00:00,21.6,78,0.0,7.6,348.0
2026-01-02 10:00:00,23.6,66,0.0,7.2,538.0
2026-01-02 11:00:00,25.7,55,0.0,5.9,669.0
2026-01-02 12:00:00,27.1,43,0.0,3.4,697.0
2026-01-02 13:00:00,28.3,37,0.0,2.1,700.0
2026-01-02 14:00:00,28.9,33,0.0,4.4,589.0
2026-01-02 15:00:00,28.4,33,0.0,4.7,314.0
2026-01-02 16:00:00,28.1,34,0.0,2.8,171.0
2026-01-02 17:00:00,26.8,41,0.0,7.1,102.0
2026-01-02 18:00:00,25.7,47,0.0,9.6,4.0
2026-01-02 19:00:00,24.3,56,0.0,10.1,0.0
2026-01-02 20:00:00,23.8,58,0.0,9.1,0.0
2026-01-02 21:00:00,23.2,60,0.0,6.8,0.0
2026-01-02 22:00:00,22.8,61,0.0,6.4,0.0
2026-01-02 23:00:00,22.2,67,0.0,7.1,0.0
2026-01-03 00:00:00,21.8,68,0.0,8.3,0.0
2026-01-03 01:00:00,21.1,71,0.0,7.7,0.0
2026-01-03 02:00:00,20.4,74,0.0,6.9,0.0
2026-01-03 03:00:00,19.8,77,0.0,7.4,0.0
2026-01-03 04:00:00,19.4,78,0.0,7.4,0.0
2026-01-03 05:00:00,19.1,83,0.0,5.8,0.0
2026-01-03 06:00:00,18.7,86,0.0,7.1,0.0
2026-01-03 07:00:00,18.6,91,0.0,8.9,25.0
2026-01-03 08:00:00,19.7,87,0.0,10.0,157.0
2026-01-03 09:00:00,21.5,75,0.0,8.6,320.0
2026-01-03 10:00:00,23.4,64,0.0,8.5,548.0
2026-01-03 11:00:00,24.9,54,0.0,9.4,658.0
2026-01-03 12:00:00,26.4,45,0.0,9.3,747.0
2026-01-03 13:00:00,27.5,40,0.0,6.4,755.0
2026-01-03 14:00:00,27.6,38,0.0,6.2,576.0
2026-01-03 15:00:00,27.1,39,0.0,6.7,412.0
2026-01-03 16:00:00,26.3,42,0.0,5.9,139.0
2026-01-03 17:00:00,25.4,47,0.0,6.1,51.0
2026-01-03 18:00:00,25.2,48,0.0,9.6,4.0
2026-01-03 19:00:00,24.3,52,0.0,10.7,0.0
2026-01-03 20:00:00,23.8,54,0.0,8.1,0.0
2026-01-03 21:00:00,23.0,57,0.0,7.7,0.0
2026-01-03 22:00:00,22.6,59,0.0,7.6,0.0
2026-01-03 23:00:00,21.8,66,0.0,5.8,0.0
2026-01-04 00:00:00,21.5,67,0.0,5.8,0.0
2026-01-04 01:00:00,20.9,68,0.0,8.0,0.0
2026-01-04 02:00:00,20.1,71,0.0,8.1,0.0
2026-01-04 03:00:00,19.3,77,0.0,6.0,0.0
2026-01-04 04:00:00,18.8,82,0.0,3.0,0.0
2026-01-04 05:00:00,18.4,85,0.0,5.1,0.0
2026-01-04 06:00:00,18.4,86,0.0,4.6,0.0
2026-01-04 07:00:00,18.2,87,0.0,3.6,25.0
2026-01-04 08:00:00,19.6,78,0.0,3.4,191.0
2026-01-04 09:00:00,21.9,65,0.0,4.8,401.0
2026-01-04 10:00:00,24.1,52,0.0,7.1,583.0
2026-01-04 11:00:00,25.1,47,0.0,9.1,712.0
2026-01-04 12:00:00,26.6,39,0.0,9.0,772.0
2026-01-04 13:00:00,26.4,37,0.0,9.8,514.0
2026-01-04 14:00:00,26.4,38,0.0,9.0,464.0
2026-01-04 15:00:00,26.7,37,0.0,8.6,357.0
2026-01-04 16:00:00,26.4,38,0.0,10.6,296.0
2026-01-04 17:00:00,25.3,40,0.0,10.7,117.0
2026-01-04 18:00:00,24.7,43,0.0,8.9,6.0
2026-01-04 19:00:00,23.9,46,0.0,8.7,0.0
2026-01-04 20:00:00,23.1,48,0.0,8.5,0.0
2026-01-04 21:00:00,22.2,51,0.0,7.3,0.0
2026-01-04 22:00:00,21.3,55,0.0,6.8,0.0
2026-01-04 23:00:00,20.3,60,0.0,5.0,0.0
2026-01-05 00:00:00,20.0,62,0.0,4.9,0.0
2026-01-05 01:00:00,19.7,64,0.0,3.6,0.0
2026-01-05 02:00:00,19.2,68,0.0,1.4,0.0
2026-01-05 03:00:00,18.5,76,0.0,1.1,0.0
2026-01-05 04:00:00,18.0,77,0.0,1.6,0.0
2026-01-05 05:00:00,17.5,79,0.0,3.5,0.0
2026-01-05 06:00:00,18.2,73,0.0,3.0,0.0
2026-01-05 07:00:00,18.1,73,0.0,3.7,25.0
2026-01-05 08:00:00,19.8,64,0.0,2.0,194.0
2026-01-05 09:00:00,22.3,53,0.0,3.7,405.0
2026-01-05 10:00:00,24.0,46,0.0,6.8,589.0
2026-01-05 11:00:00,24.7,42,0.0,9.0,720.0
2026-01-05 12:00:00,25.7,38,0.0,9.4,782.0
2026-01-05 13:00:00,26.5,35,0.0,9.7,752.0
2026-01-05 14:00:00,26.7,34,0.0,9.1,660.0
2026-01-05 15:00:00,26.8,32,0.0,8.8,522.0
2026-01-05 16:00:00,26.3,34,0.0,9.9,340.0
2026-01-05 17:00:00,25.3,37,0.0,9.5,132.0
2026-01-05 18:00:00,24.8,39,0.0,8.2,6.0
2026-01-05 19:00:00,23.8,44,0.0,7.7,0.0
2026-01-05 20:00:00,22.7,49,0.0,7.9,0.0
2026-01-05 21:00:00,21.8,52,0.0,7.5,0.0
2026-01-05 22:00:00,21.1,55,0.0,7.2,0.0
2026-01-05 23:00:00,20.4,59,0.0,6.1,0.0
2026-01-06 00:00:00,20.1,59,0.0,7.0,0.0
2026-01-06 01:00:00,19.7,60,0.0,6.7,0.0
2026-01-06 02:00:00,19.2,61,0.0,5.6,0.0
2026-01-06 03:00:00,18.7,63,0.0,6.4,0.0
2026-01-06 04:00:00,18.2,67,0.0,7.3,0.0
2026-01-06 05:00:00,17.6,72,0.0,8.2,0.0
2026-01-06 06:00:00,17.5,73,0.0,7.1,0.0
2026-01-06 07:00:00,17.0,75,0.0,7.4,25.0
2026-01-06 08:00:00,18.2,68,0.0,6.6,193.0
2026-01-06 09:00:00,20.6,55,0.0,6.6,408.0
2026-01-06 10:00:00,22.9,44,0.0,9.2,595.0
2026-01-06 11:00:00,24.1,40,0.0,8.8,728.0
2026-01-06 12:00:00,25.4,34,0.0,8.7,791.0
2026-01-06 13:00:00,26.2,30,0.0,9.4,782.0
2026-01-06 14:00:00,26.6,26,0.0,10.1,701.0
2026-01-06 15:00:00,26.5,27,0.0,10.5,555.0
2026-01-06 16:00:00,26.0,28,0.0,10.1,356.0
2026-01-06 17:00:00,24.8,35,0.0,9.3,141.0
2026-01-06 18:00:00,24.2,38,0.0,7.4,7.0
2026-01-06 19:00:00,23.5,41,0.0,7.1,0.0
2026-01-06 20:00:00,22.4,46,0.0,6.4,0.0
2026-01-06 21:00:00,21.2,50,0.0,5.7,0.0
2026-01-06 22:00:00,20.4,53,0.0,5.3,0.0
2026-01-06 23:00:00,19.4,60,0.0,4.0,0.0
2026-01-07 00:00:00,19.0,62,0.0,5.5,0.0
2026-01-07 01:00:00,18.5,65,0.0,4.7,0.0
2026-01-07 02:00:00,18.1,67,0.0,4.2,0.0
2026-01-07 03:00:00,17.7,67,0.0,3.8,0.0
2026-01-07 04:00:00,17.1,68,0.0,4.7,0.0
2026-01-07 05:00:00,16.5,70,0.0,5.3,0.0
2026-01-07 06:00:00,16.5,68,0.0,5.7,0.0
2026-01-07 07:00:00,16.5,69,0.0,6.0,25.0
2026-01-07 08:00:00,18.1,60,0.0,4.3,198.0
2026-01-07 09:00:00,20.5,49,0.0,5.5,416.0
2026-01-07 10:00:00,22.7,43,0.0,6.9,604.0
2026-01-07 11:00:00,24.1,36,0.0,7.9,738.0
2026-01-07 12:00:00,25.5,29,0.0,8.7,801.0
2026-01-07 13:00:00,26.3,24,0.0,10.2,792.0
2026-01-07 14:00:00,26.6,22,0.0,11.2,710.0
2026-01-07 15:00:00,26.5,23,0.0,11.3,561.0
2026-01-07 16:00:00,25.9,25,0.0,11.0,361.0
2026-01-07 17:00:00,25.0,29,0.0,10.4,144.0
2026-01-07 18:00:00,24.1,34,0.0,8.7,8.0
2026-01-07 19:00:00,23.3,38,0.0,7.9,0.0
2026-01-07 20:00:00,22.3,43,0.0,7.3,0.0
2026-01-07 21:00:00,21.1,49,0.0,6.1,0.0
2026-01-07 22:00:00,20.2,53,0.0,5.4,0.0
2026-01-07 23:00:00,19.2,64,0.0,0.9,0.0
2026-01-08 00:00:00,18.9,58,0.0,3.6,0.0
2026-01-08 01:00:00,18.3,57,0.0,4.5,0.0
2026-01-08 02:00:00,18.2,54,0.0,5.8,0.0
2026-01-08 03:00:00,18.1,51,0.0,4.4,0.0
2026-01-08 04:00:00,17.5,52,0.0,5.6,0.0
2026-01-08 05:00:00,16.4,61,0.0,4.3,0.0
2026-01-08 06:00:00,16.4,63,0.0,6.3,0.0
2026-01-08 07:00:00,16.2,66,0.0,6.1,25.0
2026-01-08 08:00:00,17.8,62,0.0,2.9,194.0
2026-01-08 09:00:00,20.1,61,0.0,3.6,411.0
2026-01-08 10:00:00,22.5,47,0.0,4.7,601.0
2026-01-08 11:00:00,24.3,32,0.0,7.7,736.0
2026-01-08 12:00:00,25.6,25,0.0,10.0,803.0
2026-01-08 13:00:00,26.0,25,0.0,10.3,793.0
2026-01-08 14:00:00,26.0,26,0.0,10.0,708.0
2026-01-08 15:00:00,25.9,28,0.0,9.9,557.0
2026-01-08 16:00:00,25.2,29,0.0,10.1,358.0
2026-01-08 17:00:00,24.3,31,0.0,9.7,144.0
2026-01-08 18:00:00,23.6,34,0.0,8.4,8.0
2026-01-08 19:00:00,22.8,38,0.0,8.1,0.0
2026-01-08 20:00:00,21.7,42,0.0,6.3,0.0
2026-01-08 21:00:00,20.5,45,0.0,7.0,0.0
2026-01-08 22:00:00,20.1,43,0.0,5.9,0.0
2026-01-08 23:00:00,18.8,49,0.0,3.4,0.0
2026-01-09 00:00:00,19.0,46,0.0,4.4,0.0
2026-01-09 01:00:00,18.6,48,0.0,6.8,0.0
2026-01-09 02:00:00,18.1,49,0.0,4.3,0.0
2026-01-09 03:00:00,17.8,49,0.0,6.1,0.0
2026-01-09 04:00:00,17.5,47,0.0,6.8,0.0
2026-01-09 05:00:00,16.5,55,0.0,7.7,0.0
2026-01-09 06:00:00,16.3,55,0.0,7.3,0.0
2026-01-09 07:00:00,16.3,57,0.0,7.1,25.0
2026-01-09 08:00:00,18.0,51,0.0,4.9,194.0
2026-01-09 09:00:00,20.5,41,0.0,6.4,406.0
2026-01-09 10:00:00,22.5,34,0.0,8.8,591.0
2026-01-09 11:00:00,23.7,31,0.0,11.6,714.0
2026-01-09 12:00:00,24.6,30,0.0,11.4,790.0
2026-01-09 13:00:00,25.1,30,0.0,10.4,777.0
2026-01-09 14:00:00,25.3,30,0.0,9.9,686.0
2026-01-09 15:00:00,25.2,30,0.0,9.8,547.0
2026-01-09 16:00:00,24.7,32,0.0,9.7,352.0
2026-01-09 17:00:00,23.7,36,0.0,10.2,141.0
2026-01-09 18:00:00,23.2,37,0.0,8.1,8.0
2026-01-09 19:00:00,22.4,40,0.0,7.4,0.0
2026-01-09 20:00:00,21.1,42,0.0,8.2,0.0
2026-01-09 21:00:00,20.5,43,0.0,7.3,0.0
2026-01-09 22:00:00,20.1,44,0.0,6.5,0.0
2026-01-09 23:00:00,19.7,45,0.0,5.7,0.0
2026-01-10 00:00:00,19.5,45,0.0,7.4,0.0
2026-01-10 01:00:00,19.0,45,0.0,8.3,0.0
2026-01-10 02:00:00,18.3,45,0.0,9.4,0.0
2026-01-10 03:00:00,17.7,42,0.0,9.4,0.0
2026-01-10 04:00:00,17.4,40,0.0,9.0,0.0
2026-01-10 05:00:00,17.2,41,0.0,9.4,0.0
2026-01-10 06:00:00,17.2,42,0.0,9.5,0.0
2026-01-10 07:00:00,17.1,44,0.0,9.0,23.0
2026-01-10 08:00:00,18.3,45,0.0,7.3,184.0
2026-01-10 09:00:00,20.2,44,0.0,8.1,404.0
2026-01-10 10:00:00,22.2,38,0.0,10.3,550.0
2026-01-10 11:00:00,23.8,31,0.0,10.6,593.0
2026-01-10 12:00:00,24.9,26,0.0,10.8,772.0
2026-01-10 13:00:00,25.3,25,0.0,10.1,775.0
2026-01-10 14:00:00,25.5,24,0.0,9.6,683.0
2026-01-10 15:00:00,25.0,24,0.0,9.5,386.0
2026-01-10 16:00:00,24.3,25,0.0,9.5,216.0
2026-01-10 17:00:00,23.0,30,0.0,9.3,52.0
2026-01-10 18:00:00,22.5,30,0.0,8.7,4.0
2026-01-10 19:00:00,22.0,31,0.0,8.2,0.0
2026-01-10 20:00:00,21.3,34,0.0,7.7,0.0
2026-01-10 21:00:00,20.4,37,0.0,7.7,0.0
2026-01-10 22:00:00,19.6,41,0.0,6.7,0.0
2026-01-10 23:00:00,19.5,45,0.0,6.0,0.0
2026-01-11 00:00:00,19.1,47,0.0,5.6,0.0
2026-01-11 01:00:00,18.8,46,0.0,6.3,0.0
2026-01-11 02:00:00,18.6,46,0.0,6.2,0.0
2026-01-11 03:00:00,18.2,46,0.0,6.4,0.0
2026-01-11 04:00:00,17.9,45,0.0,6.4,0.0
2026-01-11 05:00:00,16.7,53,0.0,3.9,0.0
2026-01-11 06:00:00,17.2,50,0.0,6.6,0.0
2026-01-11 07:00:00,17.4,50,0.0,7.7,23.0
2026-01-11 08:00:00,19.1,44,0.0,4.8,189.0
2026-01-11 09:00:00,21.4,36,0.0,6.9,391.0
2026-01-11 10:00:00,23.3,31,0.0,7.6,577.0
2026-01-11 11:00:00,24.5,31,0.0,7.9,723.0
2026-01-11 12:00:00,25.5,30,0.0,8.0,629.0
2026-01-11 13:00:00,25.6,31,0.0,8.4,479.0
2026-01-11 14:00:00,25.4,33,0.0,8.3,354.0
2026-01-11 15:00:00,24.8,34,0.0,8.4,181.0
2026-01-11 16:00:00,24.6,35,0.0,8.8,216.0
2026-01-11 17:00:00,24.2,38,0.0,9.7,70.0
2026-01-11 18:00:00,23.5,41,0.0,8.7,8.0
2026-01-11 19:00:00,22.9,43,0.0,7.9,0.0
2026-01-11 20:00:00,22.5,44,0.0,7.7,0.0
2026-01-11 21:00:00,22.0,45,0.0,7.0,0.0
2026-01-11 22:00:00,21.4,47,0.0,5.8,0.0
2026-01-11 23:00:00,21.4,47,0.0,5.8,0.0
2026-01-12 00:00:00,21.2,47,0.0,5.8,0.0
2026-01-12 01:00:00,20.7,49,0.0,4.8,0.0
2026-01-12 02:00:00,20.3,51,0.0,4.2,0.0
2026-01-12 03:00:00,19.8,53,0.0,5.5,0.0
2026-01-12 04:00:00,19.3,55,0.0,4.7,0.0
2026-01-12 05:00:00,18.8,64,0.0,3.9,0.0
2026-01-12 06:00:00,19.1,63,0.0,5.2,0.0
2026-01-12 07:00:00,19.1,63,0.0,5.1,22.0
2026-01-12 08:00:00,20.6,57,0.0,4.5,180.0
2026-01-12 09:00:00,22.5,48,0.0,6.4,386.0
2026-01-12 10:00:00,24.2,42,0.0,9.1,571.0
2026-01-12 11:00:00,24.7,40,0.0,10.2,702.0
2026-01-12 12:00:00,25.8,37,0.0,9.9,766.0
2026-01-12 13:00:00,26.3,37,0.0,9.6,710.0
2026-01-12 14:00:00,26.6,37,0.0,9.5,606.0
2026-01-12 15:00:00,26.4,37,0.0,9.7,461.0
2026-01-12 16:00:00,25.9,38,0.0,9.9,327.0
2026-01-12 17:00:00,24.9,40,0.0,9.5,140.0
2026-01-12 18:00:00,24.4,41,0.0,9.2,9.0
2026-01-12 19:00:00,23.7,43,0.0,8.6,0.0
2026-01-12 20:00:00,22.9,46,0.0,7.2,0.0
2026-01-12 21:00:00,22.3,48,0.0,6.0,0.0
2026-01-12 22:00:00,21.8,50,0.0,5.9,0.0
2026-01-12 23:00:00,21.2,53,0.0,5.1,0.0
2026-01-13 00:00:00,21.4,53,0.0,5.1,0.0
2026-01-13 01:00:00,21.0,54,0.0,5.7,0.0
2026-01-13 02:00:00,20.6,55,0.0,5.9,0.0
2026-01-13 03:00:00,20.0,57,0.0,5.3,0.0
2026-01-13 04:00:00,19.4,61,0.0,5.2,0.0
2026-01-13 05:00:00,19.0,83,0.0,4.7,0.0
2026-01-13 06:00:00,19.3,83,0.0,3.9,0.0
2026-01-13 07:00:00,19.2,84,0.0,3.0,22.0
2026-01-13 08:00:00,20.7,77,0.0,3.6,178.0
2026-01-13 09:00:00,22.9,61,0.0,4.9,384.0
2026-01-13 10:00:00,24.9,50,0.0,5.6,569.0
2026-01-13 11:00:00,26.3,45,0.0,5.5,701.0
2026-01-13 12:00:00,27.6,41,0.0,4.8,768.0
2026-01-13 13:00:00,28.4,39,0.0,4.2,762.0
2026-01-13 14:00:00,29.1,37,0.0,4.6,685.0
2026-01-13 15:00:00,29.5,35,0.0,6.1,504.0
2026-01-13 16:00:00,28.6,39,0.0,9.1,255.0
2026-01-13 17:00:00,27.3,42,0.0,9.6,121.0
2026-01-13 18:00:00,26.8,43,0.0,8.3,8.0
2026-01-13 19:00:00,26.2,46,0.0,7.7,0.0
2026-01-13 20:00:00,25.3,50,0.0,7.5,0.0
2026-01-13 21:00:00,24.1,54,0.0,6.2,0.0
2026-01-13 22:00:00,23.2,57,0.0,5.7,0.0
2026-01-13 23:00:00,22.4,61,0.0,4.9,0.0
2026-01-14 00:00:00,22.2,62,0.0,4.9,0.0
2026-01-14 01:00:00,21.7,63,0.0,3.3,0.0
2026-01-14 02:00:00,21.3,65,0.0,3.9,0.0
2026-01-14 03:00:00,20.8,67,0.0,2.6,0.0
2026-01-14 04:00:00,20.3,69,0.0,0.8,0.0
2026-01-14 05:00:00,19.7,75,0.0,2.2,0.0
2026-01-14 06:00:00,20.0,71,0.0,3.2,0.0
2026-01-14 07:00:00,19.8,73,0.0,3.5,21.0
2026-01-14 08:00:00,21.5,65,0.0,1.8,158.0
2026-01-14 09:00:00,23.8,54,0.0,2.0,312.0
2026-01-14 10:00:00,25.7,44,0.0,2.4,473.0
2026-01-14 11:00:00,26.9,39,0.0,2.4,690.0
2026-01-14 12:00:00,28.4,35,0.0,2.5,728.0
2026-01-14 13:00:00,29.5,33,0.0,3.8,656.0
2026-01-14 14:00:00,29.6,32,0.0,7.2,540.0
2026-01-14 15:00:00,29.2,35,0.0,7.8,431.0
2026-01-14 16:00:00,28.9,36,0.1,7.2,306.0
2026-01-14 17:00:00,28.7,37,0.1,1.7,134.0
2026-01-14 18:00:00,27.6,40,0.0,5.0,9.0
2026-01-14 19:00:00,26.5,42,0.0,8.5,0.0
2026-01-14 20:00:00,25.6,46,0.0,7.1,0.0
2026-01-14 21:00:00,24.7,49,0.0,5.9,0.0
2026-01-14 22:00:00,24.3,51,0.0,3.3,0.0
2026-01-14 23:00:00,23.0,66,0.0,2.3,0.0
2026-01-15 00:00:00,23.1,58,0.0,3.3,0.0
2026-01-15 01:00:00,22.5,61,0.0,4.3,0.0
2026-01-15 02:00:00,21.8,64,0.0,3.3,0.0
2026-01-15 03:00:00,21.3,68,0.0,1.8,0.0
2026-01-15 04:00:00,20.7,71,0.0,1.5,0.0
2026-01-15 05:00:00,20.0,76,0.0,2.6,0.0
2026-01-15 06:00:00,20.3,70,0.0,3.8,0.0
2026-01-15 07:00:00,20.3,70,0.0,2.8,21.0
2026-01-15 08:00:00,22.1,64,0.0,1.0,177.0
2026-01-15 09:00:00,24.8,51,0.0,3.1,392.0
2026-01-15 10:00:00,26.6,42,0.0,5.5,578.0
2026-01-15 11:00:00,27.3,43,0.0,5.1,705.0
2026-01-15 12:00:00,28.1,42,0.0,3.3,692.0
2026-01-15 13:00:00,28.5,39,0.0,4.2,624.0
2026-01-15 14:00:00,28.8,38,0.0,6.1,551.0
2026-01-15 15:00:00,28.8,37,0.0,6.7,427.0
2026-01-15 16:00:00,28.7,37,0.0,7.4,304.0
2026-01-15 17:00:00,28.3,37,0.0,8.3,132.0
2026-01-15 18:00:00,27.3,42,0.0,8.3,9.0
2026-01-15 19:00:00,26.0,47,0.0,7.8,0.0
2026-01-15 20:00:00,24.8,52,0.0,7.5,0.0
2026-01-15 21:00:00,23.6,58,0.0,6.9,0.0
2026-01-15 22:00:00,22.9,61,0.0,6.9,0.0
2026-01-15 23:00:00,22.2,64,0.0,4.5,0.0
2026-01-16 00:00:00,22.0,64,0.0,4.4,0.0
2026-01-16 01:00:00,21.4,66,0.0,4.3,0.0
2026-01-16 02:00:00,20.9,67,0.0,5.7,0.0
2026-01-16 03:00:00,20.6,64,0.0,5.9,0.0
2026-01-16 04:00:00,20.3,61,0.0,4.9,0.0
2026-01-16 05:00:00,19.0,73,0.0,4.0,0.0
2026-01-16 06:00:00,19.6,68,0.0,6.4,0.0
2026-01-16 07:00:00,19.5,68,0.0,6.9,23.0
2026-01-16 08:00:00,21.0,61,0.0,4.7,191.0
2026-01-16 09:00:00,23.4,47,0.0,6.3,410.0
2026-01-16 10:00:00,25.4,39,0.0,8.1,603.0
2026-01-16 11:00:00,26.6,39,0.0,7.2,740.0
2026-01-16 12:00:00,27.6,36,0.0,7.1,803.0
2026-01-16 13:00:00,28.3,33,0.0,7.4,797.0
2026-01-16 14:00:00,28.6,31,0.0,7.9,719.0
2026-01-16 15:00:00,28.7,29,0.0,8.3,574.0
2026-01-16 16:00:00,28.2,30,0.0,8.4,379.0
2026-01-16 17:00:00,27.4,31,0.0,7.6,163.0
2026-01-16 18:00:00,26.3,34,0.0,7.1,13.0
2026-01-16 19:00:00,25.2,39,0.0,5.0,0.0
2026-01-16 20:00:00,24.2,42,0.0,5.5,0.0
2026-01-16 21:00:00,23.2,44,0.0,5.5,0.0
2026-01-16 22:00:00,22.4,45,0.0,4.0,0.0
2026-01-16 23:00:00,20.5,58,0.0,2.0,0.0
2026-01-17 00:00:00,21.0,50,0.0,3.3,0.0
2026-01-17 01:00:00,20.4,52,0.0,2.6,0.0
2026-01-17 02:00:00,19.9,52,0.0,3.1,0.0
2026-01-17 03:00:00,19.5,54,0.0,1.4,0.0
2026-01-17 04:00:00,18.9,55,0.0,1.9,0.0
2026-01-17 05:00:00,18.0,58,0.0,1.5,0.0
2026-01-17 06:00:00,18.1,58,0.0,3.1,0.0
2026-01-17 07:00:00,18.5,54,0.0,3.5,24.0
2026-01-17 08:00:00,20.6,47,0.0,4.0,199.0
2026-01-17 09:00:00,23.7,36,0.0,4.1,422.0
2026-01-17 10:00:00,25.8,27,0.0,6.0,617.0
2026-01-17 11:00:00,27.0,23,0.0,5.3,757.0
2026-01-17 12:00:00,28.4,20,0.0,5.5,828.0
2026-01-17 13:00:00,29.2,19,0.0,6.0,822.0
2026-01-17 14:00:00,29.6,19,0.0,6.3,741.0
2026-01-17 15:00:00,29.6,19,0.0,6.8,591.0
2026-01-17 16:00:00,29.1,21,0.0,7.8,389.0
2026-01-17 17:00:00,28.3,24,0.0,8.7,167.0
2026-01-17 18:00:00,27.1,28,0.0,5.6,14.0
2026-01-17 19:00:00,25.8,33,0.0,5.8,0.0
2026-01-17 20:00:00,24.8,37,0.0,7.1,0.0
2026-01-17 21:00:00,23.5,40,0.0,5.9,0.0
2026-01-17 22:00:00,22.4,43,0.0,5.8,0.0
2026-01-17 23:00:00,21.2,51,0.0,1.3,0.0
2026-01-18 00:00:00,20.9,48,0.0,1.1,0.0
2026-01-18 01:00:00,19.7,54,0.0,2.7,0.0
2026-01-18 02:00:00,18.7,61,0.0,3.2,0.0
2026-01-18 03:00:00,18.0,72,0.0,0.4,0.0
2026-01-18 04:00:00,17.5,77,0.0,0.0,0.0
2026-01-18 05:00:00,17.0,73,0.0,1.1,0.0
2026-01-18 06:00:00,17.4,73,0.0,2.1,0.0
2026-01-18 07:00:00,17.5,70,0.0,4.5,24.0
2026-01-18 08:00:00,19.9,55,0.0,3.3,200.0
2026-01-18 09:00:00,23.3,40,0.0,3.5,425.0
2026-01-18 10:00:00,26.3,27,0.0,5.4,622.0
2026-01-18 11:00:00,27.8,20,0.0,5.7,764.0
2026-01-18 12:00:00,29.0,17,0.0,4.7,834.0
2026-01-18 13:00:00,29.8,16,0.0,4.7,826.0
2026-01-18 14:00:00,30.2,15,0.0,5.5,744.0
2026-01-18 15:00:00,30.1,16,0.0,6.7,595.0
2026-01-18 16:00:00,29.7,17,0.0,7.0,395.0
2026-01-18 17:00:00,29.2,18,0.0,7.9,171.0
2026-01-18 18:00:00,27.7,22,0.0,6.3,15.0
2026-01-18 19:00:00,25.8,30,0.0,7.0,0.0
2026-01-18 20:00:00,24.5,34,0.0,3.0,0.0
2026-01-18 21:00:00,23.5,37,0.0,3.1,0.0
2026-01-18 22:00:00,22.7,39,0.0,6.0,0.0
2026-01-18 23:00:00,21.8,43,0.0,5.7,0.0
2026-01-19 00:00:00,21.2,45,0.0,6.4,0.0
2026-01-19 01:00:00,20.7,47,0.0,6.1,0.0
2026-01-19 02:00:00,20.4,50,0.0,6.3,0.0
2026-01-19 03:00:00,19.8,53,0.0,5.9,0.0
2026-01-19 04:00:00,19.1,57,0.0,5.6,0.0
2026-01-19 05:00:00,17.7,72,0.0,2.8,0.0
2026-01-19 06:00:00,18.5,67,0.0,5.2,0.0
2026-01-19 07:00:00,18.5,68,0.0,6.0,23.0
2026-01-19 08:00:00,20.0,62,0.0,4.5,194.0
2026-01-19 09:00:00,22.9,52,0.0,5.3,416.0
2026-01-19 10:00:00,25.8,38,0.0,6.9,610.0
2026-01-19 11:00:00,27.5,31,0.0,6.5,750.0
2026-01-19 12:00:00,28.8,25,0.0,5.1,817.0
2026-01-19 13:00:00,29.4,22,0.0,4.8,811.0
2026-01-19 14:00:00,29.7,22,0.0,6.0,731.0
2026-01-19 15:00:00,29.6,23,0.0,7.1,584.0
2026-01-19 16:00:00,29.1,25,0.0,7.6,385.0
2026-01-19 17:00:00,27.8,30,0.0,9.8,165.0
2026-01-19 18:00:00,26.4,38,0.0,11.1,14.0
2026-01-19 19:00:00,25.6,43,0.0,9.4,0.0
2026-01-19 20:00:00,24.4,48,0.0,8.9,0.0
2026-01-19 21:00:00,23.5,50,0.0,7.5,0.0
2026-01-19 22:00:00,23.1,50,0.0,7.9,0.0
2026-01-19 23:00:00,22.3,55,0.0,6.9,0.0
2026-01-20 00:00:00,21.9,56,0.0,6.5,0.0
2026-01-20 01:00:00,20.9,59,0.0,7.3,0.0
2026-01-20 02:00:00,20.3,61,0.0,5.6,0.0
2026-01-20 03:00:00,19.9,63,0.0,4.0,0.0
2026-01-20 04:00:00,19.4,66,0.0,3.3,0.0
2026-01-20 05:00:00,18.7,78,0.0,1.2,0.0
2026-01-20 06:00:00,19.1,75,0.0,4.0,0.0
2026-01-20 07:00:00,19.0,76,0.0,3.7,23.0
2026-01-20 08:00:00,20.8,67,0.0,1.8,190.0
2026-01-20 09:00:00,23.5,54,0.0,3.8,408.0
2026-01-20 10:00:00,25.8,41,0.0,6.2,599.0
2026-01-20 11:00:00,27.2,32,0.0,8.3,739.0
2026-01-20 12:00:00,28.1,29,0.0,8.8,810.0
2026-01-20 13:00:00,28.4,28,0.0,9.5,806.0
2026-01-20 14:00:00,28.4,29,0.0,10.1,723.0
2026-01-20 15:00:00,28.4,28,0.0,9.9,578.0
2026-01-20 16:00:00,28.0,30,0.0,10.3,356.0
2026-01-20 17:00:00,26.9,32,0.0,11.2,147.0
2026-01-20 18:00:00,26.3,34,0.0,10.4,14.0
2026-01-20 19:00:00,25.5,36,0.0,9.8,0.0
2026-01-20 20:00:00,24.6,39,0.0,9.1,0.0
2026-01-20 21:00:00,23.7,41,0.0,8.2,0.0
2026-01-20 22:00:00,22.9,44,0.0,7.6,0.0
2026-01-20 23:00:00,22.0,50,0.0,7.4,0.0
2026-01-21 00:00:00,21.4,52,0.0,7.6,0.0
2026-01-21 01:00:00,21.0,54,0.0,6.5,0.0
2026-01-21 02:00:00,20.0,57,0.0,9.0,0.0
2026-01-21 03:00:00,18.7,67,0.0,7.8,0.0
2026-01-21 04:00:00,18.0,78,0.0,7.2,0.0
2026-01-21 05:00:00,17.7,85,0.0,6.3,0.0
2026-01-21 06:00:00,17.9,85,0.0,7.0,0.0
2026-01-21 07:00:00,18.0,82,0.0,6.9,23.0
2026-01-21 08:00:00,19.5,71,0.0,7.3,191.0
2026-01-21 09:00:00,21.5,59,0.0,7.5,410.0
2026-01-21 10:00:00,24.1,44,0.0,9.2,604.0
2026-01-21 11:00:00,25.4,38,0.0,10.5,745.0
2026-01-21 12:00:00,26.6,33,0.0,11.1,814.0
2026-01-21 13:00:00,27.0,32,0.0,11.1,811.0
2026-01-21 14:00:00,27.1,32,0.0,10.6,732.0
2026-01-21 15:00:00,27.2,32,0.0,10.1,562.0
2026-01-21 16:00:00,26.8,32,0.0,10.0,320.0
2026-01-21 17:00:00,25.8,36,0.0,11.7,116.0
2026-01-21 18:00:00,25.4,38,0.0,10.8,13.0
2026-01-21 19:00:00,24.4,42,0.0,10.1,0.0
2026-01-21 20:00:00,23.5,43,0.0,9.7,0.0
2026-01-21 21:00:00,23.1,42,0.0,9.2,0.0
2026-01-21 22:00:00,22.8,42,0.0,8.4,0.0
2026-01-21 23:00:00,21.7,47,0.0,6.9,0.0
2026-01-22 00:00:00,21.1,49,0.0,9.5,0.0
2026-01-22 01:00:00,19.6,62,0.0,7.8,0.0
2026-01-22 02:00:00,18.8,69,0.0,6.4,0.0
2026-01-22 03:00:00,18.4,71,0.0,5.6,0.0
2026-01-22 04:00:00,18.0,72,0.0,5.8,0.0
2026-01-22 05:00:00,17.4,79,0.0,3.1,0.0
2026-01-22 06:00:00,18.1,71,0.0,6.0,0.0
2026-01-22 07:00:00,18.3,66,0.0,6.5,23.0
2026-01-22 08:00:00,20.0,57,0.0,5.2,192.0
2026-01-22 09:00:00,22.1,47,0.0,8.0,412.0
2026-01-22 10:00:00,24.0,38,0.0,9.4,605.0
2026-01-22 11:00:00,25.2,35,0.0,8.8,745.0
2026-01-22 12:00:00,26.3,31,0.0,9.0,817.0
2026-01-22 13:00:00,26.9,30,0.0,9.8,815.0
2026-01-22 14:00:00,27.0,30,0.0,10.5,736.0
2026-01-22 15:00:00,26.9,31,0.0,10.7,588.0
2026-01-22 16:00:00,26.3,33,0.0,10.9,344.0
2026-01-22 17:00:00,25.5,36,0.0,11.6,157.0
2026-01-22 18:00:00,24.8,38,0.0,10.8,15.0
2026-01-22 19:00:00,24.0,40,0.0,8.9,0.0
2026-01-22 20:00:00,23.3,43,0.0,7.6,0.0
2026-01-22 21:00:00,22.6,46,0.0,7.2,0.0
2026-01-22 22:00:00,22.2,46,0.0,7.6,0.0
2026-01-22 23:00:00,21.4,49,0.0,6.8,0.0
2026-01-23 00:00:00,20.8,51,0.0,8.3,0.0
2026-01-23 01:00:00,19.8,56,0.0,11.3,0.0
2026-01-23 02:00:00,19.0,70,0.0,11.3,0.0
2026-01-23 03:00:00,18.6,74,0.0,9.5,0.0
2026-01-23 04:00:00,18.2,75,0.0,7.6,0.0
2026-01-23 05:00:00,17.8,82,0.0,5.4,0.0
2026-01-23 06:00:00,18.0,79,0.0,6.7,0.0
2026-01-23 07:00:00,18.0,77,0.0,6.2,23.0
2026-01-23 08:00:00,19.6,68,0.0,4.6,191.0
2026-01-23 09:00:00,22.2,54,0.0,6.6,411.0
2026-01-23 10:00:00,24.3,40,0.0,7.9,605.0
2026-01-23 11:00:00,25.1,35,0.0,8.3,747.0
2026-01-23 12:00:00,26.2,31,0.0,7.9,821.0
2026-01-23 13:00:00,26.7,30,0.0,8.3,819.0
2026-01-23 14:00:00,26.8,29,0.0,8.5,741.0
2026-01-23 15:00:00,26.7,30,0.0,8.4,595.0
2026-01-23 16:00:00,26.3,31,0.0,9.3,399.0
2026-01-23 17:00:00,25.5,34,0.0,11.6,178.0
2026-01-23 18:00:00,24.8,35,0.0,10.8,18.0
2026-01-23 19:00:00,23.9,38,0.0,8.2,0.0
2026-01-23 20:00:00,23.3,39,0.0,5.8,0.0
2026-01-23 21:00:00,22.7,41,0.0,5.8,0.0
2026-01-23 22:00:00,22.2,43,0.0,6.7,0.0
2026-01-23 23:00:00,21.4,48,0.0,4.7,0.0
2026-01-24 00:00:00,21.0,50,0.0,6.7,0.0
2026-01-24 01:00:00,20.1,53,0.0,7.0,0.0
2026-01-24 02:00:00,19.1,59,0.0,6.4,0.0
2026-01-24 03:00:00,18.3,69,0.0,6.5,0.0
2026-01-24 04:00:00,17.7,82,0.0,6.4,0.0
2026-01-24 05:00:00,17.6,98,0.0,5.2,0.0
2026-01-24 06:00:00,17.9,96,0.0,6.1,0.0
2026-01-24 07:00:00,17.9,95,0.0,5.9,17.0
2026-01-24 08:00:00,18.9,88,0.0,7.2,153.0
2026-01-24 09:00:00,21.2,74,0.0,6.3,390.0
2026-01-24 10:00:00,23.3,59,0.0,6.6,580.0
2026-01-24 11:00:00,25.0,47,0.0,6.0,738.0
2026-01-24 12:00:00,26.4,38,0.0,6.1,757.0
2026-01-24 13:00:00,27.6,34,0.0,5.7,780.0
2026-01-24 14:00:00,28.2,31,0.0,6.6,669.0
2026-01-24 15:00:00,27.9,31,0.0,7.2,419.0
2026-01-24 16:00:00,27.3,33,0.0,9.7,280.0
2026-01-24 17:00:00,25.8,37,0.0,8.4,154.0
2026-01-24 18:00:00,24.9,41,0.0,11.2,18.0
2026-01-24 19:00:00,24.2,43,0.0,9.2,0.0
2026-01-24 20:00:00,23.7,44,0.0,7.9,0.0
2026-01-24 21:00:00,22.8,48,0.0,7.3,0.0
2026-01-24 22:00:00,21.7,56,0.0,6.2,0.0
2026-01-24 23:00:00,21.2,62,0.0,5.0,0.0
2026-01-25 00:00:00,20.9,63,0.0,4.8,0.0
2026-01-25 01:00:00,20.7,64,0.0,4.4,0.0
2026-01-25 02:00:00,20.3,66,0.0,3.6,0.0
2026-01-25 03:00:00,19.6,74,0.0,1.5,0.0
2026-01-25 04:00:00,19.2,76,0.0,0.7,0.0
2026-01-25 05:00:00,19.2,74,0.0,5.4,0.0
2026-01-25 06:00:00,19.3,74,0.0,7.0,0.0
2026-01-25 07:00:00,19.2,76,0.0,6.8,22.0
2026-01-25 08:00:00,20.7,72,0.0,5.4,186.0
2026-01-25 09:00:00,23.0,62,0.0,6.6,402.0
2026-01-25 10:00:00,25.1,50,0.0,8.5,595.0
2026-01-25 11:00:00,26.2,46,0.0,8.9,734.0
2026-01-25 12:00:00,27.8,40,0.0,7.7,805.0
2026-01-25 13:00:00,28.4,38,0.0,7.5,702.0
2026-01-25 14:00:00,28.6,37,0.0,6.9,529.0
2026-01-25 15:00:00,28.6,36,0.0,6.7,409.0
2026-01-25 16:00:00,28.2,37,0.0,5.6,289.0
2026-01-25 17:00:00,26.3,47,0.0,9.6,133.0
2026-01-25 18:00:00,26.1,48,0.0,8.8,14.0
2026-01-25 19:00:00,25.6,50,0.0,9.1,0.0
2026-01-25 20:00:00,24.9,53,0.0,8.4,0.0
2026-01-25 21:00:00,24.0,56,0.0,8.6,0.0
2026-01-25 22:00:00,23.5,57,0.0,7.2,0.0
2026-01-25 23:00:00,22.4,62,0.0,9.1,0.0
2026-01-26 00:00:00,21.9,62,0.0,9.5,0.0
2026-01-26 01:00:00,21.1,64,0.0,8.7,0.0
2026-01-26 02:00:00,20.5,68,0.0,8.3,0.0
2026-01-26 03:00:00,20.0,70,0.0,8.0,0.0
2026-01-26 04:00:00,19.6,69,0.0,7.5,0.0
2026-01-26 05:00:00,20.1,70,0.0,9.5,0.0
2026-01-26 06:00:00,19.7,73,0.0,9.8,0.0
2026-01-26 07:00:00,19.6,77,0.0,8.5,22.0
2026-01-26 08:00:00,20.9,74,0.0,8.4,189.0
2026-01-26 09:00:00,22.9,63,0.0,8.7,402.0
2026-01-26 10:00:00,25.1,51,0.0,9.9,583.0
2026-01-26 11:00:00,25.7,51,0.0,9.4,678.0
2026-01-26 12:00:00,27.0,45,0.0,8.2,717.0
2026-01-26 13:00:00,28.3,40,0.0,7.0,786.0
2026-01-26 14:00:00,28.7,37,0.0,6.4,657.0
2026-01-26 15:00:00,28.6,36,0.0,6.1,457.0
2026-01-26 16:00:00,28.2,37,0.0,6.8,193.0
2026-01-26 17:00:00,27.1,42,0.0,9.7,138.0
2026-01-26 18:00:00,26.2,48,0.0,10.9,14.0
2026-01-26 19:00:00,25.7,49,0.0,8.9,0.0
2026-01-26 20:00:00,24.9,51,0.0,7.4,0.0
2026-01-26 21:00:00,24.2,53,0.0,7.0,0.0
2026-01-26 22:00:00,23.7,54,0.0,7.1,0.0
2026-01-26 23:00:00,23.0,59,0.0,6.7,0.0
2026-01-27 00:00:00,22.5,60,0.0,9.5,0.0
2026-01-27 01:00:00,21.2,68,0.0,9.2,0.0
2026-01-27 02:00:00,20.5,70,0.0,8.5,0.0
2026-01-27 03:00:00,20.2,67,0.0,7.5,0.0
2026-01-27 04:00:00,19.8,65,0.0,7.2,0.0
2026-01-27 05:00:00,19.5,71,0.0,6.8,0.0
2026-01-27 06:00:00,19.8,66,0.0,7.3,0.0
2026-01-27 07:00:00,20.0,64,0.0,7.2,23.0
2026-01-27 08:00:00,21.3,59,0.0,6.6,184.0
2026-01-27 09:00:00,23.4,52,0.0,7.6,398.0
2026-01-27 10:00:00,25.3,46,0.0,9.2,589.0
2026-01-27 11:00:00,26.5,42,0.0,9.8,730.0
2026-01-27 12:00:00,27.5,40,0.0,9.4,803.0
2026-01-27 13:00:00,28.7,37,0.0,6.0,804.0
2026-01-27 14:00:00,28.1,37,0.0,6.0,399.0
2026-01-27 15:00:00,28.1,37,0.0,6.5,347.0
2026-01-27 16:00:00,28.2,37,0.0,5.0,262.0
2026-01-27 17:00:00,27.4,40,0.0,9.5,137.0
2026-01-27 18:00:00,26.6,43,0.0,10.5,8.0
2026-01-27 19:00:00,25.6,48,0.0,10.4,0.0
2026-01-27 20:00:00,24.6,51,0.0,8.0,0.0
2026-01-27 21:00:00,24.3,51,0.0,6.2,0.0
2026-01-27 22:00:00,23.8,53,0.0,7.1,0.0
2026-01-27 23:00:00,22.8,57,0.0,7.9,0.0
2026-01-28 00:00:00,22.4,58,0.0,6.7,0.0
2026-01-28 01:00:00,22.0,59,0.0,6.9,0.0
2026-01-28 02:00:00,21.2,62,0.0,5.8,0.0
2026-01-28 03:00:00,20.6,65,0.0,3.7,0.0
2026-01-28 04:00:00,20.1,67,0.0,2.7,0.0
2026-01-28 05:00:00,19.1,75,0.0,2.4,0.0
2026-01-28 06:00:00,19.5,71,0.0,3.6,0.0
2026-01-28 07:00:00,19.5,71,0.0,3.3,23.0
2026-01-28 08:00:00,21.2,62,0.0,1.9,186.0
2026-01-28 09:00:00,23.6,51,0.0,2.2,401.0
2026-01-28 10:00:00,25.8,44,0.0,2.7,597.0
2026-01-28 11:00:00,26.8,41,0.0,2.4,736.0
2026-01-28 12:00:00,28.8,35,0.0,1.1,811.0
2026-01-28 13:00:00,29.6,32,0.0,0.4,619.0
2026-01-28 14:00:00,30.1,29,0.0,1.7,546.0
2026-01-28 15:00:00,29.8,30,0.0,5.2,366.0
2026-01-28 16:00:00,28.8,34,0.0,9.7,189.0
2026-01-28 17:00:00,26.9,43,0.0,9.7,100.0
2026-01-28 18:00:00,27.0,42,0.0,6.5,16.0
2026-01-28 19:00:00,26.2,46,0.0,9.2,0.0
2026-01-28 20:00:00,24.9,51,0.0,9.1,0.0
2026-01-28 21:00:00,24.0,55,0.0,6.9,0.0
2026-01-28 22:00:00,23.5,56,0.0,6.0,0.0
2026-01-28 23:00:00,22.9,60,0.0,5.6,0.0
2026-01-29 00:00:00,22.6,62,0.0,5.4,0.0
2026-01-29 01:00:00,22.1,63,0.0,5.3,0.0
2026-01-29 02:00:00,21.6,66,0.0,6.5,0.0
2026-01-29 03:00:00,20.9,69,0.0,4.7,0.0
2026-01-29 04:00:00,20.5,72,0.0,3.3,0.0
2026-01-29 05:00:00,19.4,82,0.0,1.8,0.0
2026-01-29 06:00:00,19.9,78,0.0,4.7,0.0
2026-01-29 07:00:00,19.8,79,0.0,6.3,24.0
2026-01-29 08:00:00,20.9,75,0.0,5.8,191.0
2026-01-29 09:00:00,23.3,66,0.0,6.0,411.0
2026-01-29 10:00:00,25.6,53,0.0,7.3,606.0
2026-01-29 11:00:00,27.1,43,0.0,8.6,750.0
2026-01-29 12:00:00,28.3,35,0.0,9.0,826.0
2026-01-29 13:00:00,28.9,32,0.0,8.8,829.0
2026-01-29 14:00:00,29.2,31,0.0,9.0,751.0
2026-01-29 15:00:00,29.2,31,0.0,9.3,579.0
2026-01-29 16:00:00,28.8,30,0.0,9.6,332.0
2026-01-29 17:00:00,27.9,34,0.0,9.7,122.0
2026-01-29 18:00:00,27.1,39,0.0,10.7,17.0
2026-01-29 19:00:00,26.1,44,0.0,8.9,0.0
2026-01-29 20:00:00,25.0,50,0.0,8.1,0.0
2026-01-29 21:00:00,24.0,54,0.0,6.0,0.0
2026-01-29 22:00:00,23.2,58,0.0,6.5,0.0
2026-01-29 23:00:00,22.7,60,0.0,6.1,0.0
2026-01-30 00:00:00,22.3,61,0.0,5.4,0.0
2026-01-30 01:00:00,21.8,63,0.0,5.8,0.0
2026-01-30 02:00:00,21.4,64,0.0,6.1,0.0
2026-01-30 03:00:00,20.7,67,0.0,7.8,0.0
2026-01-30 04:00:00,20.1,70,0.0,4.8,0.0
2026-01-30 05:00:00,19.6,79,0.0,3.6,0.0
2026-01-30 06:00:00,19.6,79,0.0,9.7,0.0
2026-01-30 07:00:00,19.6,77,0.0,8.7,24.0
2026-01-30 08:00:00,20.2,76,0.0,7.0,195.0
2026-01-30 09:00:00,22.4,70,0.0,7.3,414.0
2026-01-30 10:00:00,24.8,58,0.0,7.9,610.0
2026-01-30 11:00:00,26.1,48,0.0,8.8,753.0
2026-01-30 12:00:00,27.5,40,0.0,9.5,827.0
2026-01-30 13:00:00,28.4,36,0.0,9.5,815.0
2026-01-30 14:00:00,28.6,34,0.0,9.8,665.0
2026-01-30 15:00:00,28.0,35,0.0,10.7,394.0
2026-01-30 16:00:00,27.4,37,0.0,10.5,197.0
2026-01-30 17:00:00,27.0,38,0.0,9.4,116.0
2026-01-30 18:00:00,26.5,40,0.0,10.1,14.0
2026-01-30 19:00:00,25.7,44,0.0,10.3,0.0
2026-01-30 20:00:00,24.6,48,0.0,7.4,0.0
2026-01-30 21:00:00,24.0,50,0.0,6.7,0.0
2026-01-30 22:00:00,23.8,49,0.0,7.6,0.0
2026-01-30 23:00:00,23.0,55,0.0,7.0,0.0
2026-01-31 00:00:00,22.4,57,0.0,6.7,0.0
2026-01-31 01:00:00,21.5,61,0.0,5.8,0.0
2026-01-31 02:00:00,20.5,65,0.0,8.5,0.0
2026-01-31 03:00:00,19.6,71,0.0,7.9,0.0
2026-01-31 04:00:00,19.0,76,0.0,7.0,0.0
2026-01-31 05:00:00,18.7,82,0.0,5.8,0.0
2026-01-31 06:00:00,18.9,79,0.0,6.0,0.0
2026-01-31 07:00:00,19.0,75,0.0,6.7,25.0
2026-01-31 08:00:00,20.5,64,0.0,6.4,197.0
2026-01-31 09:00:00,22.7,53,0.0,7.8,421.0
2026-01-31 10:00:00,24.6,46,0.0,9.6,618.0
2026-01-31 11:00:00,25.6,42,0.0,10.0,761.0
2026-01-31 12:00:00,26.8,38,0.0,10.5,836.0
2026-01-31 13:00:00,27.4,37,0.0,10.4,835.0
2026-01-31 14:00:00,27.7,36,0.0,9.9,757.0
2026-01-31 15:00:00,27.7,37,0.0,9.9,612.0
2026-01-31 16:00:00,27.4,38,0.0,10.0,411.0
2026-01-31 17:00:00,26.6,39,0.0,10.8,158.0
2026-01-31 18:00:00,25.9,42,0.0,10.9,15.0
2026-01-31 19:00:00,24.9,46,0.0,9.3,0.0
2026-01-31 20:00:00,24.2,47,0.0,7.8,0.0
2026-01-31 21:00:00,23.8,48,0.0,5.2,0.0
2026-01-31 22:00:00,23.4,50,0.0,5.2,0.0
2026-01-31 23:00:00,22.1,59,0.0,2.9,0.0
2026-02-01 00:00:00,22.0,58,0.0,4.6,0.0
2026-02-01 01:00:00,20.9,64,0.0,6.8,0.0
2026-02-01 02:00:00,19.7,73,0.0,5.6,0.0
2026-02-01 03:00:00,18.9,81,0.0,4.8,0.0
2026-02-01 04:00:00,18.2,87,0.0,6.2,0.0
2026-02-01 05:00:00,17.8,93,0.0,6.3,0.0
2026-02-01 06:00:00,17.8,94,0.0,5.2,0.0
2026-02-01 07:00:00,18.0,92,0.0,4.7,25.0
2026-02-01 08:00:00,19.7,82,0.0,2.8,196.0
2026-02-01 09:00:00,22.0,67,0.0,4.4,420.0
2026-02-01 10:00:00,24.1,55,0.0,6.4,617.0
2026-02-01 11:00:00,25.5,46,0.0,8.1,762.0
2026-02-01 12:00:00,26.9,39,0.0,9.8,836.0
2026-02-01 13:00:00,27.5,38,0.0,10.4,834.0
2026-02-01 14:00:00,27.7,38,0.0,10.3,752.0
2026-02-01 15:00:00,27.7,38,0.0,9.4,604.0
2026-02-01 16:00:00,27.4,38,0.0,9.1,407.0
2026-02-01 17:00:00,26.4,41,0.0,9.9,191.0
2026-02-01 18:00:00,25.8,42,0.0,9.4,23.0
2026-02-01 19:00:00,24.9,45,0.0,8.1,0.0
2026-02-01 20:00:00,24.2,48,0.0,6.7,0.0
2026-02-01 21:00:00,23.4,51,0.0,5.6,0.0
2026-02-01 22:00:00,22.7,54,0.0,5.6,0.0
2026-02-01 23:00:00,21.6,63,0.0,3.3,0.0
2026-02-02 00:00:00,21.4,64,0.0,3.4,0.0
2026-02-02 01:00:00,20.7,67,0.0,1.9,0.0
2026-02-02 02:00:00,19.9,73,0.0,0.5,0.0
2026-02-02 03:00:00,19.1,75,0.0,5.3,0.0
2026-02-02 04:00:00,18.8,77,0.0,0.4,0.0
2026-02-02 05:00:00,18.2,86,0.0,0.6,0.0
2026-02-02 06:00:00,18.3,85,0.0,1.8,0.0
2026-02-02 07:00:00,18.2,86,0.0,2.9,25.0
2026-02-02 08:00:00,20.2,72,0.0,4.5,199.0
2026-02-02 09:00:00,22.2,67,0.0,5.4,418.0
2026-02-02 10:00:00,24.3,58,0.0,6.2,614.0
2026-02-02 11:00:00,25.7,48,0.0,7.7,758.0
2026-02-02 12:00:00,27.2,38,0.0,9.0,835.0
2026-02-02 13:00:00,27.9,35,0.0,9.9,836.0
2026-02-02 14:00:00,28.1,36,0.0,10.5,758.0
2026-02-02 15:00:00,28.2,35,0.0,9.9,599.0
2026-02-02 16:00:00,27.9,36,0.0,10.0,354.0
2026-02-02 17:00:00,26.5,43,0.0,11.5,150.0
2026-02-02 18:00:00,25.9,46,0.0,10.2,23.0
2026-02-02 19:00:00,25.4,48,0.0,7.9,0.0
2026-02-02 20:00:00,24.8,51,0.0,6.8,0.0
2026-02-02 21:00:00,23.9,55,0.0,5.0,0.0
2026-02-02 22:00:00,23.1,58,0.0,4.9,0.0
2026-02-02 23:00:00,22.0,68,0.0,1.7,0.0
2026-02-03 00:00:00,22.2,64,0.0,2.8,0.0
2026-02-03 01:00:00,21.6,67,0.0,3.5,0.0
2026-02-03 02:00:00,20.8,71,0.0,8.1,0.0
2026-02-03 03:00:00,19.9,79,0.0,7.0,0.0
2026-02-03 04:00:00,19.2,87,0.0,6.9,0.0
2026-02-03 05:00:00,18.3,94,0.0,5.5,0.0
2026-02-03 06:00:00,18.5,94,0.0,5.6,0.0
2026-02-03 07:00:00,18.5,94,0.0,6.3,23.0
2026-02-03 08:00:00,19.7,81,0.0,5.0,181.0
2026-02-03 09:00:00,21.8,64,0.0,5.6,409.0
2026-02-03 10:00:00,24.0,51,0.0,6.7,610.0
2026-02-03 11:00:00,25.2,47,0.0,7.2,756.0
2026-02-03 12:00:00,26.7,41,0.0,8.3,830.0
2026-02-03 13:00:00,27.4,38,0.0,9.1,830.0
2026-02-03 14:00:00,28.1,36,0.0,8.5,752.0
2026-02-03 15:00:00,27.8,36,0.0,8.5,437.0
2026-02-03 16:00:00,27.0,39,0.0,9.2,184.0
2026-02-03 17:00:00,26.3,42,0.0,11.5,101.0
2026-02-03 18:00:00,25.9,43,0.0,11.2,16.0
2026-02-03 19:00:00,25.3,44,0.0,10.1,0.0
2026-02-03 20:00:00,24.5,48,0.0,7.9,0.0
2026-02-03 21:00:00,23.8,51,0.0,8.1,0.0
2026-02-03 22:00:00,23.4,52,0.0,6.5,0.0
2026-02-03 23:00:00,22.8,59,0.0,5.6,0.0
2026-02-04 00:00:00,22.5,60,0.0,5.6,0.0
2026-02-04 01:00:00,21.7,63,0.0,9.8,0.0
2026-02-04 02:00:00,20.3,74,0.0,7.5,0.0
2026-02-04 03:00:00,19.7,79,0.0,7.5,0.0
2026-02-04 04:00:00,19.0,85,0.0,7.1,0.0
2026-02-04 05:00:00,18.4,93,0.0,8.1,0.0
2026-02-04 06:00:00,18.4,92,0.0,7.5,0.0
2026-02-04 07:00:00,18.6,89,0.0,8.8,25.0
2026-02-04 08:00:00,19.9,81,0.0,9.7,188.0
2026-02-04 09:00:00,21.7,69,0.0,8.5,383.0
2026-02-04 10:00:00,24.1,52,0.0,8.8,606.0
2026-02-04 11:00:00,25.5,42,0.0,9.6,764.0
2026-02-04 12:00:00,26.9,38,0.0,9.1,841.0
2026-02-04 13:00:00,27.8,34,0.0,8.9,842.0
2026-02-04 14:00:00,28.1,33,0.0,9.4,765.0
2026-02-04 15:00:00,28.2,32,0.0,9.9,621.0
2026-02-04 16:00:00,27.7,34,0.0,9.9,421.0
2026-02-04 17:00:00,27.2,35,0.0,11.1,191.0
2026-02-04 18:00:00,26.4,39,0.0,11.2,22.0
2026-02-04 19:00:00,25.5,43,0.0,9.4,0.0
2026-02-04 20:00:00,25.0,44,0.0,7.4,0.0
2026-02-04 21:00:00,24.4,46,0.0,6.6,0.0
2026-02-04 22:00:00,24.1,47,0.0,5.1,0.0
2026-02-04 23:00:00,23.0,54,0.0,3.5,0.0
2026-02-05 00:00:00,22.9,52,0.0,5.4,0.0
2026-02-05 01:00:00,21.2,59,0.0,9.5,0.0
2026-02-05 02:00:00,19.9,69,0.0,6.7,0.0
2026-02-05 03:00:00,19.3,77,0.0,6.0,0.0
2026-02-05 04:00:00,19.0,82,0.0,5.4,0.0
2026-02-05 05:00:00,18.5,90,0.0,6.2,0.0
2026-02-05 06:00:00,18.6,89,0.0,6.6,0.0
2026-02-05 07:00:00,18.6,85,0.0,6.5,27.0
2026-02-05 08:00:00,20.1,71,0.0,7.0,202.0
2026-02-05 09:00:00,22.1,60,0.0,7.1,426.0
2026-02-05 10:00:00,24.3,48,0.0,7.9,625.0
2026-02-05 11:00:00,25.5,43,0.0,8.2,769.0
2026-02-05 12:00:00,27.0,37,0.0,8.5,845.0
2026-02-05 13:00:00,27.8,35,0.0,9.0,844.0
2026-02-05 14:00:00,28.1,33,0.0,9.0,764.0
2026-02-05 15:00:00,28.4,32,0.0,7.7,600.0
2026-02-05 16:00:00,28.3,31,0.0,8.0,397.0
2026-02-05 17:00:00,27.0,36,0.0,8.9,198.0
2026-02-05 18:00:00,26.5,37,0.0,9.2,25.0
2026-02-05 19:00:00,25.6,41,0.0,8.9,0.0
2026-02-05 20:00:00,24.7,46,0.0,8.0,0.0
2026-02-05 21:00:00,24.0,49,0.0,6.2,0.0
2026-02-05 22:00:00,23.3,51,0.0,5.1,0.0
2026-02-05 23:00:00,22.4,57,0.0,3.9,0.0
2026-02-06 00:00:00,22.4,57,0.0,3.6,0.0
2026-02-06 01:00:00,22.0,59,0.0,4.2,0.0
2026-02-06 02:00:00,21.0,63,0.0,8.6,0.0
2026-02-06 03:00:00,20.0,67,0.0,6.3,0.0
2026-02-06 04:00:00,19.3,71,0.0,5.6,0.0
2026-02-06 05:00:00,18.9,78,0.0,4.2,0.0
2026-02-06 06:00:00,19.0,79,0.0,4.2,0.0
2026-02-06 07:00:00,18.9,80,0.0,3.6,27.0
2026-02-06 08:00:00,21.1,66,0.0,2.6,203.0
2026-02-06 09:00:00,23.8,47,0.0,5.8,427.0
2026-02-06 10:00:00,25.7,38,0.0,7.7,627.0
2026-02-06 11:00:00,26.6,34,0.0,9.0,774.0
2026-02-06 12:00:00,27.7,32,0.0,9.2,852.0
2026-02-06 13:00:00,28.4,30,0.0,9.2,853.0
2026-02-06 14:00:00,28.8,30,0.0,9.7,776.0
2026-02-06 15:00:00,28.7,31,0.0,9.3,630.0
2026-02-06 16:00:00,28.2,32,0.0,9.9,430.0
2026-02-06 17:00:00,27.4,35,0.0,9.6,203.0
2026-02-06 18:00:00,26.9,37,0.0,8.8,28.0
2026-02-06 19:00:00,26.0,39,0.0,7.2,0.0
2026-02-06 20:00:00,24.9,43,0.0,5.8,0.0
2026-02-06 21:00:00,24.2,46,0.0,5.1,0.0
2026-02-06 22:00:00,23.5,48,0.0,4.2,0.0
2026-02-06 23:00:00,22.4,56,0.0,2.0,0.0
2026-02-07 00:00:00,22.3,52,0.0,2.3,0.0
2026-02-07 01:00:00,21.3,57,0.0,1.1,0.0
2026-02-07 02:00:00,20.5,63,0.0,2.9,0.0
2026-02-07 03:00:00,20.0,66,0.0,3.6,0.0
2026-02-07 04:00:00,19.5,69,0.0,2.6,0.0
2026-02-07 05:00:00,18.8,76,0.0,4.1,0.0
2026-02-07 06:00:00,18.6,79,0.0,2.3,0.0
2026-02-07 07:00:00,18.7,78,0.0,5.3,28.0
2026-02-07 08:00:00,21.5,61,0.0,2.9,209.0
2026-02-07 09:00:00,24.8,39,0.0,3.6,440.0
2026-02-07 10:00:00,26.9,28,0.0,5.7,644.0
2026-02-07 11:00:00,27.6,24,0.0,6.3,793.0
2026-02-07 12:00:00,28.9,22,0.0,5.9,873.0
2026-02-07 13:00:00,29.4,24,0.0,7.8,872.0
2026-02-07 14:00:00,29.4,26,0.0,9.1,790.0
2026-02-07 15:00:00,29.4,24,0.0,9.2,642.0
2026-02-07 16:00:00,29.0,24,0.0,9.3,441.0
2026-02-07 17:00:00,28.0,28,0.0,10.3,213.0
2026-02-07 18:00:00,27.2,30,0.0,9.5,30.0
2026-02-07 19:00:00,25.8,34,0.0,8.9,0.0
2026-02-07 20:00:00,24.7,36,0.0,8.5,0.0
2026-02-07 21:00:00,24.1,37,0.0,8.4,0.0
2026-02-07 22:00:00,23.7,37,0.0,7.4,0.0
2026-02-07 23:00:00,22.7,41,0.0,4.1,0.0
2026-02-08 00:00:00,22.6,41,0.0,4.4,0.0
2026-02-08 01:00:00,22.0,43,0.0,4.6,0.0
2026-02-08 02:00:00,21.7,44,0.0,3.9,0.0
2026-02-08 03:00:00,21.4,44,0.0,5.7,0.0
2026-02-08 04:00:00,21.1,43,0.0,7.1,0.0
2026-02-08 05:00:00,20.3,46,0.0,5.9,0.0
2026-02-08 06:00:00,20.5,45,0.0,6.4,0.0
2026-02-08 07:00:00,20.6,43,0.0,6.9,30.0
2026-02-08 08:00:00,22.6,36,0.0,4.6,216.0
2026-02-08 09:00:00,25.7,26,0.0,6.8,451.0
2026-02-08 10:00:00,27.2,22,0.0,7.5,656.0
2026-02-08 11:00:00,27.9,22,0.0,8.3,805.0
2026-02-08 12:00:00,28.8,21,0.0,8.8,880.0
2026-02-08 13:00:00,29.4,20,0.0,8.5,880.0
2026-02-08 14:00:00,29.6,20,0.0,8.4,802.0
2026-02-08 15:00:00,29.4,20,0.0,9.6,653.0
2026-02-08 16:00:00,28.7,22,0.0,10.6,449.0
2026-02-08 17:00:00,27.8,24,0.0,10.5,218.0
2026-02-08 18:00:00,26.8,26,0.0,9.6,31.0
2026-02-08 19:00:00,25.8,29,0.0,9.6,0.0
2026-02-08 20:00:00,24.7,32,0.0,8.0,0.0
2026-02-08 21:00:00,24.0,33,0.0,6.5,0.0
2026-02-08 22:00:00,23.3,35,0.0,5.7,0.0
2026-02-08 23:00:00,22.5,37,0.0,4.3,0.0
2026-02-09 00:00:00,22.5,36,0.0,4.3,0.0
2026-02-09 01:00:00,21.9,37,0.0,5.5,0.0
2026-02-09 02:00:00,21.3,38,0.0,4.4,0.0
2026-02-09 03:00:00,19.9,50,0.0,1.0,0.0
2026-02-09 04:00:00,19.3,50,0.0,0.8,0.0
2026-02-09 05:00:00,18.9,51,0.0,1.4,0.0
2026-02-09 06:00:00,19.4,44,0.0,5.9,0.0
2026-02-09 07:00:00,19.0,47,0.0,7.1,30.0
2026-02-09 08:00:00,20.9,41,0.0,4.5,215.0
2026-02-09 09:00:00,23.8,33,0.0,5.9,446.0
2026-02-09 10:00:00,25.9,27,0.0,7.0,649.0
2026-02-09 11:00:00,27.0,25,0.0,6.1,796.0
2026-02-09 12:00:00,28.4,23,0.0,4.2,873.0
2026-02-09 13:00:00,29.4,22,0.0,4.7,872.0
2026-02-09 14:00:00,29.9,21,0.0,6.1,793.0
2026-02-09 15:00:00,30.1,21,0.0,7.2,644.0
2026-02-09 16:00:00,29.8,22,0.0,8.7,441.0
2026-02-09 17:00:00,28.6,24,0.0,11.1,215.0
2026-02-09 18:00:00,27.8,25,0.0,7.7,32.0
2026-02-09 19:00:00,26.4,29,0.0,4.9,0.0
2026-02-09 20:00:00,25.2,34,0.0,6.0,0.0
2026-02-09 21:00:00,24.0,37,0.0,6.3,0.0
2026-02-09 22:00:00,23.3,38,0.0,4.9,0.0
2026-02-09 23:00:00,22.4,41,0.0,4.6,0.0
2026-02-10 00:00:00,22.3,41,0.0,7.0,0.0
2026-02-10 01:00:00,21.9,41,0.0,7.8,0.0
2026-02-10 02:00:00,21.4,41,0.0,4.8,0.0
2026-02-10 03:00:00,20.7,43,0.0,1.4,0.0
2026-02-10 04:00:00,20.0,49,0.0,0.5,0.0
2026-02-10 05:00:00,18.7,59,0.0,2.0,0.0
2026-02-10 06:00:00,19.1,55,0.0,4.6,0.0
2026-02-10 07:00:00,18.7,58,0.0,2.5,31.0
2026-02-10 08:00:00,20.7,50,0.0,1.5,218.0
2026-02-10 09:00:00,23.8,40,0.0,4.6,451.0
2026-02-10 10:00:00,26.6,28,0.0,7.4,655.0
2026-02-10 11:00:00,28.1,25,0.0,8.9,805.0
2026-02-10 12:00:00,29.1,23,0.0,8.6,882.0
2026-02-10 13:00:00,29.7,23,0.0,8.5,879.0
2026-02-10 14:00:00,30.0,25,0.0,8.9,800.0
2026-02-10 15:00:00,29.9,25,0.0,9.7,651.0
2026-02-10 16:00:00,29.3,27,0.0,10.7,449.0
2026-02-10 17:00:00,28.1,30,0.0,10.7,219.0
2026-02-10 18:00:00,27.2,33,0.0,9.4,33.0
2026-02-10 19:00:00,26.1,37,0.0,8.1,0.0
2026-02-10 20:00:00,25.0,41,0.0,7.7,0.0
2026-02-10 21:00:00,24.1,44,0.0,6.8,0.0
2026-02-10 22:00:00,23.2,47,0.0,6.4,0.0
2026-02-10 23:00:00,22.2,51,0.0,4.5,0.0
2026-02-11 00:00:00,22.1,52,0.0,3.7,0.0
2026-02-11 01:00:00,21.6,54,0.0,2.7,0.0
2026-02-11 02:00:00,21.0,57,0.0,4.7,0.0
2026-02-11 03:00:00,20.4,59,0.0,6.0,0.0
2026-02-11 04:00:00,19.6,63,0.0,5.4,0.0
2026-02-11 05:00:00,18.9,68,0.0,4.1,0.0
2026-02-11 06:00:00,18.8,68,0.0,6.1,0.0
2026-02-11 07:00:00,18.3,72,0.0,6.1,32.0
2026-02-11 08:00:00,19.4,74,0.0,5.7,215.0
2026-02-11 09:00:00,21.7,67,0.0,5.6,439.0
2026-02-11 10:00:00,24.4,54,0.0,6.2,643.0
2026-02-11 11:00:00,26.5,40,0.0,6.8,799.0
2026-02-11 12:00:00,28.3,32,0.0,8.1,879.0
2026-02-11 13:00:00,29.2,28,0.0,9.7,878.0
2026-02-11 14:00:00,29.5,27,0.0,10.5,801.0
2026-02-11 15:00:00,29.4,27,0.0,9.8,654.0
2026-02-11 16:00:00,28.9,29,0.0,9.9,451.0
2026-02-11 17:00:00,27.4,38,0.0,11.2,221.0
2026-02-11 18:00:00,26.6,43,0.0,9.6,33.0
2026-02-11 19:00:00,26.0,44,0.0,7.8,0.0
2026-02-11 20:00:00,25.4,45,0.0,7.2,0.0
2026-02-11 21:00:00,24.3,48,0.0,6.5,0.0
2026-02-11 22:00:00,23.2,52,0.0,5.2,0.0
2026-02-11 23:00:00,22.2,60,0.0,2.1,0.0
2026-02-12 00:00:00,22.0,56,0.0,3.9,0.0
2026-02-12 01:00:00,21.4,57,0.0,6.2,0.0
2026-02-12 02:00:00,20.5,61,0.0,6.3,0.0
2026-02-12 03:00:00,19.5,67,0.0,5.5,0.0
2026-02-12 04:00:00,18.8,72,0.0,5.2,0.0
2026-02-12 05:00:00,18.3,77,0.0,4.3,0.0
2026-02-12 06:00:00,18.3,79,0.0,5.6,0.0
2026-02-12 07:00:00,18.5,79,0.0,4.1,32.0
2026-02-12 08:00:00,20.3,69,0.0,4.1,217.0
2026-02-12 09:00:00,22.9,49,0.0,6.0,449.0
2026-02-12 10:00:00,25.3,40,0.0,6.0,655.0
2026-02-12 11:00:00,26.8,35,0.0,6.9,804.0
2026-02-12 12:00:00,28.4,30,0.0,8.6,882.0
2026-02-12 13:00:00,29.3,26,0.0,9.7,883.0
2026-02-12 14:00:00,29.6,25,0.0,10.1,805.0
2026-02-12 15:00:00,29.6,24,0.0,10.0,658.0
2026-02-12 16:00:00,29.1,24,0.0,10.2,456.0
2026-02-12 17:00:00,28.1,26,0.0,11.5,225.0
2026-02-12 18:00:00,27.2,30,0.0,9.5,34.0
2026-02-12 19:00:00,26.4,35,0.0,8.4,0.0
2026-02-12 20:00:00,25.5,39,0.0,7.4,0.0
2026-02-12 21:00:00,24.4,43,0.0,6.4,0.0
2026-02-12 22:00:00,23.3,47,0.0,6.5,0.0
2026-02-12 23:00:00,22.3,54,0.0,3.1,0.0
2026-02-13 00:00:00,22.1,52,0.0,3.5,0.0
2026-02-13 01:00:00,21.5,56,0.0,3.3,0.0
2026-02-13 02:00:00,21.0,57,0.0,6.1,0.0
2026-02-13 03:00:00,20.6,56,0.0,4.8,0.0
2026-02-13 04:00:00,19.9,58,0.0,3.8,0.0
2026-02-13 05:00:00,18.6,70,0.0,3.0,0.0
2026-02-13 06:00:00,19.0,69,0.0,4.7,0.0
2026-02-13 07:00:00,18.8,70,0.0,5.0,33.0
2026-02-13 08:00:00,20.8,61,0.0,3.0,220.0
2026-02-13 09:00:00,23.8,48,0.0,4.1,453.0
2026-02-13 10:00:00,26.4,36,0.0,5.4,658.0
2026-02-13 11:00:00,27.8,31,0.0,6.7,808.0
2026-02-13 12:00:00,29.2,25,0.0,7.5,884.0
2026-02-13 13:00:00,29.9,23,0.0,8.0,885.0
2026-02-13 14:00:00,30.2,22,0.0,8.7,807.0
2026-02-13 15:00:00,30.2,22,0.0,9.4,659.0
2026-02-13 16:00:00,29.7,23,0.0,9.7,455.0
2026-02-13 17:00:00,28.6,27,0.0,10.4,224.0
2026-02-13 18:00:00,27.6,29,0.0,9.3,35.0
2026-02-13 19:00:00,26.4,34,0.0,8.5,0.0
2026-02-13 20:00:00,25.3,38,0.0,7.4,0.0
2026-02-13 21:00:00,24.5,39,0.0,6.8,0.0
2026-02-13 22:00:00,23.9,40,0.0,6.4,0.0
2026-02-13 23:00:00,23.4,42,0.0,6.0,0.0
2026-02-14 00:00:00,23.2,42,0.0,6.1,0.0
2026-02-14 01:00:00,22.7,42,0.0,4.1,0.0
2026-02-14 02:00:00,21.7,46,0.0,5.7,0.0
2026-02-14 03:00:00,20.5,50,0.0,3.9,0.0
2026-02-14 04:00:00,19.8,55,0.0,4.0,0.0
2026-02-14 05:00:00,19.2,68,0.0,0.7,0.0
2026-02-14 06:00:00,19.8,61,0.0,3.4,0.0
2026-02-14 07:00:00,19.9,61,0.0,5.6,34.0
2026-02-14 08:00:00,21.9,53,0.0,4.2,224.0
2026-02-14 09:00:00,24.9,43,0.0,5.0,458.0
2026-02-14 10:00:00,27.6,30,0.0,6.9,663.0
2026-02-14 11:00:00,28.6,25,0.0,9.0,813.0
2026-02-14 12:00:00,29.7,23,0.0,8.8,889.0
2026-02-14 13:00:00,30.4,23,0.0,8.7,887.0
2026-02-14 14:00:00,30.5,24,0.0,9.3,807.0
2026-02-14 15:00:00,30.3,25,0.0,9.5,657.0
2026-02-14 16:00:00,29.9,26,0.0,9.1,453.0
2026-02-14 17:00:00,29.0,28,0.0,9.2,223.0
2026-02-14 18:00:00,28.0,30,0.0,9.4,35.0
2026-02-14 19:00:00,27.3,32,0.0,8.8,0.0
2026-02-14 20:00:00,26.4,33,0.0,6.5,0.0
2026-02-14 21:00:00,25.2,36,0.0,5.6,0.0
2026-02-14 22:00:00,24.6,37,0.0,6.1,0.0
2026-02-14 23:00:00,24.2,38,0.0,4.1,0.0
2026-02-15 00:00:00,24.2,38,0.0,7.0,0.0
2026-02-15 01:00:00,23.7,39,0.0,5.8,0.0
2026-02-15 02:00:00,23.0,40,0.0,2.8,0.0
2026-02-15 03:00:00,22.0,42,0.0,0.6,0.0
2026-02-15 04:00:00,20.5,54,0.0,1.7,0.0
2026-02-15 05:00:00,18.8,74,0.0,0.5,0.0
2026-02-15 06:00:00,18.8,74,0.0,2.5,0.0
2026-02-15 07:00:00,19.2,70,0.0,4.2,35.0
2026-02-15 08:00:00,22.3,54,0.0,2.2,223.0
2026-02-15 09:00:00,25.7,38,0.0,2.0,456.0
2026-02-15 10:00:00,28.2,29,0.0,3.4,660.0
2026-02-15 11:00:00,29.2,26,0.0,7.5,808.0
2026-02-15 12:00:00,30.2,24,0.0,8.0,886.0
2026-02-15 13:00:00,30.7,24,0.0,7.2,886.0
2026-02-15 14:00:00,31.1,23,0.0,7.3,808.0
2026-02-15 15:00:00,31.2,23,0.0,7.8,660.0
2026-02-15 16:00:00,30.8,24,0.0,8.6,457.0
2026-02-15 17:00:00,29.9,28,0.0,10.1,225.0
2026-02-15 18:00:00,29.1,30,0.0,10.3,36.0
2026-02-15 19:00:00,27.9,34,0.0,9.8,0.0
2026-02-15 20:00:00,26.9,35,0.0,9.7,0.0
2026-02-15 21:00:00,25.9,37,0.0,6.5,0.0
2026-02-15 22:00:00,25.1,39,0.0,5.2,0.0
2026-02-15 23:00:00,24.3,41,0.0,2.8,0.0
2026-02-16 00:00:00,24.0,42,0.0,3.6,0.0
2026-02-16 01:00:00,23.3,44,0.0,4.6,0.0
2026-02-16 02:00:00,22.8,44,0.0,5.3,0.0
2026-02-16 03:00:00,22.4,45,0.0,4.8,0.0
2026-02-16 04:00:00,22.0,45,0.0,3.3,0.0
2026-02-16 05:00:00,20.8,55,0.0,2.7,0.0
2026-02-16 06:00:00,21.7,49,0.0,3.0,0.0
2026-02-16 07:00:00,22.2,44,0.0,9.0,36.0
2026-02-16 08:00:00,23.7,40,0.0,6.7,227.0
2026-02-16 09:00:00,26.1,36,0.0,8.3,459.0
2026-02-16 10:00:00,28.1,31,0.0,8.6,663.0
2026-02-16 11:00:00,29.2,27,0.0,9.4,813.0
2026-02-16 12:00:00,30.2,25,0.0,9.7,890.0
2026-02-16 13:00:00,30.6,25,0.0,10.3,890.0
2026-02-16 14:00:00,30.7,25,0.0,10.9,812.0
2026-02-16 15:00:00,30.6,26,0.0,11.3,663.0
2026-02-16 16:00:00,30.0,27,0.0,11.3,458.0
2026-02-16 17:00:00,29.0,30,0.0,11.5,227.0
2026-02-16 18:00:00,28.3,33,0.0,10.0,37.0
2026-02-16 19:00:00,27.6,36,0.0,8.1,0.0
2026-02-16 20:00:00,26.5,40,0.0,7.6,0.0
2026-02-16 21:00:00,25.9,42,0.0,7.7,0.0
2026-02-16 22:00:00,25.5,42,0.0,7.8,0.0
2026-02-16 23:00:00,24.7,42,0.0,6.2,0.0
2026-02-17 00:00:00,24.0,44,0.0,11.1,0.0
2026-02-17 01:00:00,22.2,54,0.0,9.7,0.0
2026-02-17 02:00:00,21.3,58,0.0,6.8,0.0
2026-02-17 03:00:00,20.9,58,0.0,5.6,0.0
2026-02-17 04:00:00,20.6,58,0.0,5.6,0.0
2026-02-17 05:00:00,19.9,63,0.0,3.6,0.0
2026-02-17 06:00:00,19.9,60,0.0,6.5,0.0
2026-02-17 07:00:00,19.8,60,0.0,4.9,37.0
2026-02-17 08:00:00,21.7,51,0.0,2.8,230.0
2026-02-17 09:00:00,24.4,40,0.0,4.8,464.0
2026-02-17 10:00:00,26.8,34,0.0,6.8,670.0
2026-02-17 11:00:00,28.1,31,0.0,7.3,818.0
2026-02-17 12:00:00,29.3,29,0.0,8.5,894.0
2026-02-17 13:00:00,29.8,28,0.0,9.6,891.0
2026-02-17 14:00:00,30.0,29,0.0,10.2,811.0
2026-02-17 15:00:00,29.8,30,0.0,10.7,660.0
2026-02-17 16:00:00,29.2,31,0.0,10.4,452.0
2026-02-17 17:00:00,28.6,32,0.0,10.8,216.0
2026-02-17 18:00:00,27.8,34,0.0,10.7,33.0
2026-02-17 19:00:00,26.7,39,0.0,10.1,0.0
2026-02-17 20:00:00,25.9,41,0.0,7.1,0.0
2026-02-17 21:00:00,25.2,43,0.0,7.3,0.0
2026-02-17 22:00:00,24.7,44,0.0,6.8,0.0
2026-02-17 23:00:00,23.8,45,0.0,6.4,0.0
2026-02-18 00:00:00,22.4,54,0.0,11.2,0.0
2026-02-18 01:00:00,21.3,61,0.0,8.9,0.0
2026-02-18 02:00:00,20.5,65,0.0,7.1,0.0
2026-02-18 03:00:00,20.0,67,0.0,5.9,0.0
2026-02-18 04:00:00,19.7,69,0.0,5.6,0.0
2026-02-18 05:00:00,19.1,71,0.0,5.4,0.0
2026-02-18 06:00:00,18.9,72,0.0,6.9,0.0
2026-02-18 07:00:00,18.8,73,0.0,6.5,37.0
2026-02-18 08:00:00,20.4,66,0.0,5.9,229.0
2026-02-18 09:00:00,23.1,54,0.0,6.6,463.0
2026-02-18 10:00:00,25.8,44,0.0,8.8,667.0
2026-02-18 11:00:00,27.3,38,0.0,9.8,815.0
2026-02-18 12:00:00,28.6,32,0.0,10.2,887.0
2026-02-18 13:00:00,29.2,29,0.0,10.7,885.0
2026-02-18 14:00:00,29.4,29,0.0,10.2,805.0
2026-02-18 15:00:00,29.3,29,0.0,9.7,656.0
2026-02-18 16:00:00,28.9,30,0.0,9.2,454.0
2026-02-18 17:00:00,27.8,34,0.0,10.9,226.0
2026-02-18 18:00:00,27.2,36,0.0,10.0,37.0
2026-02-18 19:00:00,26.7,38,0.0,8.9,0.0
2026-02-18 20:00:00,26.1,39,0.0,6.4,0.0
2026-02-18 21:00:00,25.7,41,0.0,7.2,0.0
2026-02-18 22:00:00,25.0,43,0.0,6.6,0.0
2026-02-18 23:00:00,23.8,49,0.0,7.3,0.0
2026-02-19 00:00:00,22.9,53,0.0,8.9,0.0
2026-02-19 01:00:00,22.0,55,0.0,8.2,0.0
2026-02-19 02:00:00,21.2,58,0.0,6.7,0.0
2026-02-19 03:00:00,20.7,60,0.0,5.8,0.0
2026-02-19 04:00:00,20.4,62,0.0,5.1,0.0
2026-02-19 05:00:00,20.2,64,0.0,5.2,0.0
2026-02-19 06:00:00,20.4,63,0.0,6.6,0.0
2026-02-19 07:00:00,20.4,62,0.0,6.4,37.0
2026-02-19 08:00:00,21.7,55,0.0,6.6,224.0
2026-02-19 09:00:00,24.1,46,0.0,6.9,452.0
2026-02-19 10:00:00,26.4,39,0.0,8.7,655.0
2026-02-19 11:00:00,27.7,37,0.0,8.5,802.0
2026-02-19 12:00:00,29.1,32,0.0,8.8,878.0
2026-02-19 13:00:00,29.8,29,0.0,9.8,879.0
2026-02-19 14:00:00,30.0,30,0.0,10.8,802.0
2026-02-19 15:00:00,29.9,32,0.0,11.4,655.0
2026-02-19 16:00:00,29.3,34,0.0,11.8,453.0
2026-02-19 17:00:00,28.2,36,0.0,11.3,224.0
2026-02-19 18:00:00,27.6,35,0.0,9.4,38.0
2026-02-19 19:00:00,27.0,35,0.0,8.0,0.0
2026-02-19 20:00:00,26.3,37,0.0,7.0,0.0
2026-02-19 21:00:00,25.6,38,0.0,7.7,0.0
2026-02-19 22:00:00,25.1,40,0.0,7.9,0.0
2026-02-19 23:00:00,24.0,44,0.0,9.0,0.0
2026-02-20 00:00:00,23.0,50,0.0,10.9,0.0
2026-02-20 01:00:00,21.9,61,0.0,10.0,0.0
2026-02-20 02:00:00,21.1,70,0.0,9.6,0.0
2026-02-20 03:00:00,20.4,75,0.0,8.7,0.0
2026-02-20 04:00:00,19.8,78,0.0,8.2,0.0
2026-02-20 05:00:00,19.5,82,0.0,8.2,0.0
2026-02-20 06:00:00,19.6,82,0.0,8.1,0.0
2026-02-20 07:00:00,19.8,77,0.0,7.0,39.0
2026-02-20 08:00:00,21.6,66,0.0,7.2,232.0
2026-02-20 09:00:00,24.1,51,0.0,8.7,465.0
2026-02-20 10:00:00,26.4,39,0.0,10.9,669.0
2026-02-20 11:00:00,27.9,35,0.0,10.6,817.0
2026-02-20 12:00:00,29.5,29,0.0,9.9,892.0
2026-02-20 13:00:00,30.6,26,0.0,9.4,892.0
2026-02-20 14:00:00,31.0,25,0.0,9.0,815.0
2026-02-20 15:00:00,31.0,25,0.0,8.8,667.0
2026-02-20 16:00:00,30.6,27,0.0,9.1,463.0
2026-02-20 17:00:00,29.3,35,0.0,11.8,232.0
2026-02-20 18:00:00,28.5,37,0.0,10.8,39.0
2026-02-20 19:00:00,27.8,40,0.0,8.2,0.0
2026-02-20 20:00:00,27.0,44,0.0,7.1,0.0
2026-02-20 21:00:00,26.4,45,0.0,7.1,0.0
2026-02-20 22:00:00,25.9,46,0.0,6.7,0.0
2026-02-20 23:00:00,25.2,46,0.0,6.6,0.0
2026-02-21 00:00:00,24.5,50,0.0,9.9,0.0
2026-02-21 01:00:00,23.1,60,0.0,7.6,0.0
2026-02-21 02:00:00,22.4,65,0.0,5.8,0.0
2026-02-21 03:00:00,21.8,68,0.0,4.9,0.0
2026-02-21 04:00:00,21.4,70,0.0,5.6,0.0
2026-02-21 05:00:00,20.9,75,0.0,6.0,0.0
2026-02-21 06:00:00,20.9,74,0.0,6.0,0.0
2026-02-21 07:00:00,21.0,74,0.0,5.4,40.0
2026-02-21 08:00:00,22.9,63,0.0,4.7,232.0
2026-02-21 09:00:00,25.4,52,0.0,5.4,463.0
2026-02-21 10:00:00,27.8,43,0.0,6.7,666.0
2026-02-21 11:00:00,29.0,36,0.0,8.4,813.0
2026-02-21 12:00:00,30.4,31,0.0,8.4,891.0
2026-02-21 13:00:00,31.1,29,0.0,8.0,891.0
2026-02-21 14:00:00,31.4,28,0.0,7.5,813.0
2026-02-21 15:00:00,31.5,28,0.0,7.9,665.0
2026-02-21 16:00:00,31.2,29,0.0,8.4,455.0
2026-02-21 17:00:00,30.5,31,0.0,10.8,216.0
2026-02-21 18:00:00,29.7,33,0.0,9.9,35.0
2026-02-21 19:00:00,29.1,35,0.0,9.0,0.0
2026-02-21 20:00:00,28.2,38,0.0,8.7,0.0
2026-02-21 21:00:00,27.2,40,0.0,7.1,0.0
2026-02-21 22:00:00,26.2,43,0.0,4.4,0.0
2026-02-21 23:00:00,25.5,45,0.0,4.8,0.0
2026-02-22 00:00:00,25.0,46,0.0,6.6,0.0
2026-02-22 01:00:00,24.3,50,0.0,8.3,0.0
2026-02-22 02:00:00,22.9,60,0.0,6.5,0.0
2026-02-22 03:00:00,22.3,64,0.0,5.1,0.0
2026-02-22 04:00:00,21.9,66,0.0,3.2,0.0
2026-02-22 05:00:00,21.8,74,0.0,3.4,0.0
2026-02-22 06:00:00,22.1,73,0.0,5.6,0.0
2026-02-22 07:00:00,22.2,71,0.0,5.2,38.0
2026-02-22 08:00:00,23.4,65,0.0,4.0,131.0
2026-02-22 09:00:00,24.5,60,0.0,4.1,174.0
2026-02-22 10:00:00,27.4,47,0.0,7.3,470.0
2026-02-22 11:00:00,28.8,41,0.0,5.9,687.0
2026-02-22 12:00:00,30.2,34,0.0,3.9,752.0
2026-02-22 13:00:00,30.8,30,0.0,3.6,668.0
2026-02-22 14:00:00,31.9,26,0.0,2.3,737.0
2026-02-22 15:00:00,31.8,25,0.0,3.3,410.0
2026-02-22 16:00:00,31.2,27,0.0,5.4,237.0
2026-02-22 17:00:00,30.2,32,0.0,12.1,129.0
2026-02-22 18:00:00,29.4,36,0.0,8.1,22.0
2026-02-22 19:00:00,28.3,39,0.0,8.4,0.0
2026-02-22 20:00:00,27.1,43,0.0,7.2,0.0
2026-02-22 21:00:00,26.4,46,0.0,6.0,0.0
2026-02-22 22:00:00,25.9,48,0.0,4.3,0.0
2026-02-22 23:00:00,25.5,52,0.0,4.3,0.0
2026-02-23 00:00:00,24.8,54,0.0,3.2,0.0
2026-02-23 01:00:00,24.2,57,0.0,5.5,0.0
2026-02-23 02:00:00,23.5,61,0.0,4.8,0.0
2026-02-23 03:00:00,22.8,66,0.0,4.0,0.0
2026-02-23 04:00:00,22.5,71,0.0,4.9,0.0
2026-02-23 05:00:00,21.8,84,0.0,2.0,0.0
2026-02-23 06:00:00,21.7,86,0.0,4.5,0.0
2026-02-23 07:00:00,21.8,86,0.0,3.6,36.0
2026-02-23 08:00:00,22.9,79,0.0,5.2,188.0
2026-02-23 09:00:00,24.9,67,0.0,6.4,424.0
2026-02-23 10:00:00,26.9,57,0.0,5.0,628.0
2026-02-23 11:00:00,27.9,49,0.0,4.9,639.0
2026-02-23 12:00:00,29.5,41,0.0,6.6,793.0
2026-02-23 13:00:00,30.7,36,0.0,7.5,797.0
2026-02-23 14:00:00,31.4,33,0.0,7.5,696.0
2026-02-23 15:00:00,27.4,49,1.3,2.0,266.0
2026-02-23 16:00:00,25.0,58,0.6,12.5,253.0
2026-02-23 17:00:00,27.6,44,0.0,2.2,195.0
2026-02-23 18:00:00,27.9,43,0.0,2.6,34.0
2026-02-23 19:00:00,27.5,45,0.0,5.6,0.0
2026-02-23 20:00:00,27.2,48,0.0,7.1,0.0
2026-02-23 21:00:00,26.2,52,0.0,5.7,0.0
2026-02-23 22:00:00,25.5,55,0.0,5.6,0.0
2026-02-23 23:00:00,22.8,72,0.0,9.8,0.0
2026-02-24 00:00:00,22.0,75,0.0,7.9,0.0
2026-02-24 01:00:00,21.3,76,0.0,4.3,0.0
2026-02-24 02:00:00,20.6,79,0.3,9.4,0.0
2026-02-24 03:00:00,20.0,84,0.6,2.1,0.0
2026-02-24 04:00:00,19.5,93,2.2,9.4,0.0
2026-02-24 05:00:00,19.9,96,0.5,6.9,0.0
2026-02-24 06:00:00,20.2,94,0.1,6.0,0.0
2026-02-24 07:00:00,20.2,92,0.0,4.5,29.0
2026-02-24 08:00:00,21.5,85,0.0,7.0,206.0
2026-02-24 09:00:00,23.5,73,0.0,7.9,433.0
2026-02-24 10:00:00,25.0,64,0.0,8.4,639.0
2026-02-24 11:00:00,25.8,59,0.0,6.4,801.0
2026-02-24 12:00:00,27.1,53,0.0,3.8,854.0
2026-02-24 13:00:00,27.9,49,0.0,1.7,785.0
2026-02-24 14:00:00,28.3,45,0.0,2.7,766.0
2026-02-24 15:00:00,28.8,41,0.0,2.7,562.0
2026-02-24 16:00:00,28.9,37,0.0,4.3,363.0
2026-02-24 17:00:00,28.9,38,0.0,2.4,208.0
2026-02-24 18:00:00,27.6,43,0.0,4.5,34.0
2026-02-24 19:00:00,26.2,49,0.0,5.4,0.0
2026-02-24 20:00:00,25.1,56,0.0,3.6,0.0
2026-02-24 21:00:00,24.4,59,0.0,4.1,0.0
2026-02-24 22:00:00,23.3,65,0.0,3.7,0.0
2026-02-24 23:00:00,22.2,77,0.0,3.4,0.0
2026-02-25 00:00:00,22.2,75,0.0,4.3,0.0
2026-02-25 01:00:00,21.7,77,0.0,4.2,0.0
2026-02-25 02:00:00,21.4,78,0.0,5.3,0.0
2026-02-25 03:00:00,21.2,79,0.0,5.5,0.0
2026-02-25 04:00:00,20.8,80,0.0,4.7,0.0
2026-02-25 05:00:00,20.9,86,0.0,2.6,0.0
2026-02-25 06:00:00,21.0,84,0.0,3.0,0.0
2026-02-25 07:00:00,21.2,84,0.0,4.1,43.0
2026-02-25 08:00:00,22.9,79,0.0,3.3,236.0
2026-02-25 09:00:00,25.1,67,0.0,4.1,466.0
2026-02-25 10:00:00,27.1,55,0.0,5.1,667.0
2026-02-25 11:00:00,28.6,43,0.0,6.2,791.0
2026-02-25 12:00:00,28.7,39,0.0,5.6,625.0
2026-02-25 13:00:00,29.0,37,0.0,3.5,630.0
2026-02-25 14:00:00,29.0,36,0.0,3.7,534.0
2026-02-25 15:00:00,29.0,36,0.0,2.6,438.0
2026-02-25 16:00:00,28.6,36,0.0,3.7,292.0
2026-02-25 17:00:00,27.7,44,0.0,4.0,222.0
2026-02-25 18:00:00,26.3,50,0.0,5.6,34.0
2026-02-25 19:00:00,26.0,50,0.0,6.1,0.0
2026-02-25 20:00:00,25.4,61,0.0,2.3,0.0
2026-02-25 21:00:00,24.9,61,0.0,1.6,0.0
2026-02-25 22:00:00,23.8,61,0.0,3.5,0.0
2026-02-25 23:00:00,22.9,70,0.0,1.9,0.0
2026-02-26 00:00:00,22.6,70,0.0,3.4,0.0
2026-02-26 01:00:00,22.0,72,0.0,4.7,0.0
2026-02-26 02:00:00,21.6,74,0.0,4.3,0.0
2026-02-26 03:00:00,21.1,74,0.0,6.4,0.0
2026-02-26 04:00:00,20.7,76,0.0,3.5,0.0
2026-02-26 05:00:00,20.4,81,0.0,3.9,0.0
2026-02-26 06:00:00,21.0,80,0.0,2.7,0.0
2026-02-26 07:00:00,21.1,81,0.0,4.6,41.0
2026-02-26 08:00:00,22.8,77,0.0,3.8,220.0
2026-02-26 09:00:00,25.3,63,0.0,1.2,397.0
2026-02-26 10:00:00,27.0,51,0.0,5.3,550.0
2026-02-26 11:00:00,28.5,43,0.0,4.3,810.0
2026-02-26 12:00:00,28.7,40,0.0,1.7,700.0
2026-02-26 13:00:00,29.2,39,0.0,1.9,794.0
2026-02-26 14:00:00,29.6,37,0.0,2.7,783.0
2026-02-26 15:00:00,29.7,36,0.0,4.4,607.0
2026-02-26 16:00:00,29.6,37,0.0,5.5,393.0
2026-02-26 17:00:00,29.2,42,0.0,2.0,144.0
2026-02-26 18:00:00,27.2,46,0.0,7.7,41.0
2026-02-26 19:00:00,25.4,53,0.0,8.1,0.0
2026-02-26 20:00:00,24.3,56,0.0,7.8,0.0
2026-02-26 21:00:00,23.7,58,0.0,6.0,0.0
2026-02-26 22:00:00,23.5,59,0.0,7.0,0.0
2026-02-26 23:00:00,22.7,67,0.0,4.8,0.0
2026-02-27 00:00:00,23.1,64,0.0,4.1,0.0
2026-02-27 01:00:00,22.5,69,0.0,3.8,0.0
2026-02-27 02:00:00,22.3,68,0.0,3.2,0.0
2026-02-27 03:00:00,21.9,67,0.0,5.2,0.0
2026-02-27 04:00:00,21.5,69,0.0,5.5,0.0
2026-02-27 05:00:00,21.6,76,0.0,2.9,0.0
2026-02-27 06:00:00,22.6,69,0.0,3.7,0.0
2026-02-27 07:00:00,22.9,68,0.0,4.8,32.0
2026-02-27 08:00:00,24.0,65,0.0,3.6,156.0
2026-02-27 09:00:00,25.6,58,0.0,7.4,377.0
2026-02-27 10:00:00,26.9,51,0.0,8.4,634.0
2026-02-27 11:00:00,28.3,44,0.0,6.1,816.0
2026-02-27 12:00:00,29.3,41,0.0,4.5,892.0
2026-02-27 13:00:00,30.2,38,0.0,4.4,882.0
2026-02-27 14:00:00,30.4,36,0.0,4.5,727.0
2026-02-27 15:00:00,30.4,34,0.0,4.5,517.0
2026-02-27 16:00:00,30.1,35,0.0,2.9,306.0
2026-02-27 17:00:00,30.2,37,0.0,2.5,144.0
2026-02-27 18:00:00,29.0,44,0.0,1.4,29.0
2026-02-27 19:00:00,27.4,51,0.0,6.7,0.0
2026-02-27 20:00:00,26.4,50,0.0,10.4,0.0
2026-02-27 21:00:00,25.4,53,0.0,7.5,0.0
2026-02-27 22:00:00,24.5,56,0.0,7.7,0.0
2026-02-27 23:00:00,24.0,60,0.0,7.0,0.0
2026-02-28 00:00:00,23.9,61,0.0,7.4,0.0
2026-02-28 01:00:00,23.4,62,0.0,8.1,0.0
2026-02-28 02:00:00,22.8,63,0.0,7.4,0.0
2026-02-28 03:00:00,22.4,65,0.0,6.7,0.0
2026-02-28 04:00:00,21.5,74,0.0,2.6,0.0
2026-02-28 05:00:00,20.8,78,0.0,2.3,0.0
2026-02-28 06:00:00,22.0,70,0.0,6.2,0.0
2026-02-28 07:00:00,22.3,68,0.0,6.8,48.0
2026-02-28 08:00:00,23.6,64,0.0,9.3,247.0
2026-02-28 09:00:00,25.4,56,0.0,9.4,476.0
2026-02-28 10:00:00,27.7,47,0.0,7.5,678.0
2026-02-28 11:00:00,29.2,40,0.0,8.8,826.0
2026-02-28 12:00:00,30.5,36,0.0,8.0,901.0
2026-02-28 13:00:00,31.0,34,0.0,6.9,797.0
2026-02-28 14:00:00,31.2,32,0.0,6.5,681.0
2026-02-28 15:00:00,31.6,30,0.0,5.6,642.0
2026-02-28 16:00:00,31.4,28,0.0,5.6,412.0
2026-02-28 17:00:00,31.3,29,0.0,4.8,211.0
2026-02-28 18:00:00,30.4,32,0.0,5.7,42.0
2026-02-28 19:00:00,28.6,40,0.0,6.5,0.0
2026-02-28 20:00:00,27.3,45,0.0,7.5,0.0
2026-02-28 21:00:00,26.3,47,0.0,6.2,0.0
2026-02-28 22:00:00,25.4,50,0.0,7.3,0.0
2026-02-28 23:00:00,24.5,59,0.0,9.1,0.0
2026-03-01 00:00:00,24.2,63,0.0,8.8,0.0
2026-03-01 01:00:00,23.6,64,0.0,7.2,0.0
2026-03-01 02:00:00,23.1,66,0.0,5.8,0.0
2026-03-01 03:00:00,22.7,66,0.0,4.8,0.0
2026-03-01 04:00:00,22.6,63,0.0,6.0,0.0
2026-03-01 05:00:00,21.9,72,0.0,3.4,0.0
2026-03-01 06:00:00,21.8,71,0.0,10.8,0.0
2026-03-01 07:00:00,22.0,71,0.0,8.1,49.0
2026-03-01 08:00:00,24.0,59,0.0,10.3,228.0
2026-03-01 09:00:00,26.3,48,0.0,9.3,478.0
2026-03-01 10:00:00,28.6,39,0.0,9.1,678.0
2026-03-01 11:00:00,30.2,35,0.0,9.3,827.0
2026-03-01 12:00:00,31.7,31,0.0,8.4,903.0
2026-03-01 13:00:00,32.6,27,0.0,8.5,813.0
2026-03-01 14:00:00,31.9,28,0.0,9.9,402.0
2026-03-01 15:00:00,32.5,27,0.0,7.6,501.0
2026-03-01 16:00:00,32.7,25,0.0,5.5,415.0
2026-03-01 17:00:00,32.4,26,0.0,3.6,215.0
2026-03-01 18:00:00,31.5,27,0.0,1.2,30.0
2026-03-01 19:00:00,30.6,30,0.0,4.7,0.0
2026-03-01 20:00:00,29.3,37,0.0,8.7,0.0
2026-03-01 21:00:00,28.0,42,0.0,7.1,0.0
2026-03-01 22:00:00,26.6,46,0.0,7.0,0.0
2026-03-01 23:00:00,25.8,51,0.0,6.5,0.0
2026-03-02 00:00:00,25.0,57,0.0,6.0,0.0
2026-03-02 01:00:00,24.5,61,0.0,6.5,0.0
2026-03-02 02:00:00,24.3,62,0.0,6.6,0.0
2026-03-02 03:00:00,23.9,62,0.0,4.9,0.0
2026-03-02 04:00:00,23.5,63,0.0,3.1,0.0
2026-03-02 05:00:00,22.9,67,0.0,5.9,0.0
2026-03-02 06:00:00,23.0,67,0.0,3.1,0.0
2026-03-02 07:00:00,23.2,66,0.0,2.4,51.0
2026-03-02 08:00:00,25.8,54,0.0,1.0,249.0
2026-03-02 09:00:00,28.6,43,0.0,2.5,479.0
2026-03-02 10:00:00,30.6,36,0.0,3.3,677.0
2026-03-02 11:00:00,31.2,33,0.0,1.9,824.0
2026-03-02 12:00:00,33.0,28,0.0,1.3,832.0
2026-03-02 13:00:00,33.8,25,0.0,1.3,759.0
2026-03-02 14:00:00,33.9,24,0.0,2.3,563.0
2026-03-02 15:00:00,34.1,23,0.0,5.1,513.0
2026-03-02 16:00:00,33.4,25,0.0,7.1,257.0
2026-03-02 17:00:00,31.8,32,0.0,11.3,136.0
2026-03-02 18:00:00,31.0,35,0.0,10.8,36.0
2026-03-02 19:00:00,30.2,37,0.0,9.8,0.0
2026-03-02 20:00:00,29.2,40,0.0,7.4,0.0
2026-03-02 21:00:00,28.0,45,0.0,6.1,0.0
2026-03-02 22:00:00,27.2,48,0.0,5.2,0.0
2026-03-02 23:00:00,26.7,51,0.0,3.8,0.0
2026-03-03 00:00:00,26.5,51,0.0,2.7,0.0
2026-03-03 01:00:00,25.8,54,0.0,0.9,0.0
2026-03-03 02:00:00,25.1,56,0.0,1.7,0.0
2026-03-03 03:00:00,24.7,58,0.0,2.3,0.0
2026-03-03 04:00:00,23.9,61,0.0,4.8,0.0
2026-03-03 05:00:00,22.8,73,0.0,1.5,0.0
2026-03-03 06:00:00,22.8,73,0.0,2.1,0.0
2026-03-03 07:00:00,23.0,73,0.0,2.2,54.0
2026-03-03 08:00:00,26.2,56,0.0,0.7,258.0
2026-03-03 09:00:00,29.4,39,0.0,3.7,495.0
2026-03-03 10:00:00,31.9,23,0.0,8.9,701.0
2026-03-03 11:00:00,32.5,23,0.0,9.7,849.0
2026-03-03 12:00:00,33.4,22,0.0,9.9,925.0
2026-03-03 13:00:00,34.0,22,0.0,10.2,921.0
2026-03-03 14:00:00,34.1,22,0.0,10.6,840.0
2026-03-03 15:00:00,33.9,22,0.0,10.8,688.0
2026-03-03 16:00:00,33.3,23,0.0,10.8,481.0
2026-03-03 17:00:00,32.5,24,0.0,10.4,246.0
2026-03-03 18:00:00,31.7,26,0.0,9.7,46.0
2026-03-03 19:00:00,30.6,29,0.0,9.0,0.0
2026-03-03 20:00:00,29.5,31,0.0,7.8,0.0
2026-03-03 21:00:00,28.5,33,0.0,6.3,0.0
2026-03-03 22:00:00,28.1,33,0.0,6.4,0.0
2026-03-03 23:00:00,26.7,40,0.0,1.4,0.0
2026-03-04 00:00:00,26.6,37,0.0,1.5,0.0
2026-03-04 01:00:00,25.6,40,0.0,1.8,0.0
2026-03-04 02:00:00,24.3,46,0.0,2.1,0.0
2026-03-04 03:00:00,23.0,56,0.0,3.9,0.0
2026-03-04 04:00:00,22.0,64,0.0,3.4,0.0
2026-03-04 05:00:00,20.9,81,0.0,1.1,0.0
2026-03-04 06:00:00,21.9,69,0.0,3.1,0.0
2026-03-04 07:00:00,23.1,56,0.0,4.0,56.0
2026-03-04 08:00:00,26.3,39,0.0,1.7,265.0
2026-03-04 09:00:00,29.1,29,0.0,6.2,502.0
2026-03-04 10:00:00,30.9,24,0.0,9.5,709.0
2026-03-04 11:00:00,31.9,22,0.0,11.5,858.0
2026-03-04 12:00:00,32.9,19,0.0,12.1,934.0
2026-03-04 13:00:00,33.4,19,0.0,11.7,932.0
2026-03-04 14:00:00,33.6,18,0.0,11.3,851.0
2026-03-04 15:00:00,33.4,18,0.0,11.8,699.0
2026-03-04 16:00:00,32.9,19,0.0,11.2,491.0
2026-03-04 17:00:00,32.0,20,0.0,11.2,252.0
2026-03-04 18:00:00,31.2,21,0.0,9.2,48.0
2026-03-04 19:00:00,30.1,25,0.0,8.1,0.0
2026-03-04 20:00:00,29.0,28,0.0,6.1,0.0
2026-03-04 21:00:00,28.7,28,0.0,3.3,0.0
2026-03-04 22:00:00,27.9,30,0.0,0.6,0.0
2026-03-04 23:00:00,26.3,41,0.0,0.4,0.0
2026-03-05 00:00:00,26.3,34,0.0,1.2,0.0
2026-03-05 01:00:00,25.4,36,0.0,3.1,0.0
2026-03-05 02:00:00,24.3,40,0.0,3.6,0.0
2026-03-05 03:00:00,23.1,47,0.0,4.0,0.0
2026-03-05 04:00:00,22.2,53,0.0,4.0,0.0
2026-03-05 05:00:00,21.0,65,0.0,2.7,0.0
2026-03-05 06:00:00,21.7,59,0.0,6.0,0.0
2026-03-05 07:00:00,22.6,51,0.0,5.9,60.0
2026-03-05 08:00:00,26.2,38,0.0,2.7,274.0
2026-03-05 09:00:00,30.1,26,0.0,2.7,515.0
2026-03-05 10:00:00,32.6,14,0.0,8.9,722.0
2026-03-05 11:00:00,33.0,14,0.0,11.1,872.0
2026-03-05 12:00:00,33.8,14,0.0,10.9,948.0
2026-03-05 13:00:00,34.2,14,0.0,10.1,944.0
2026-03-05 14:00:00,34.5,14,0.0,9.3,860.0
2026-03-05 15:00:00,34.3,14,0.0,10.0,706.0
2026-03-05 16:00:00,33.8,14,0.0,10.6,496.0
2026-03-05 17:00:00,32.8,16,0.0,10.5,256.0
2026-03-05 18:00:00,32.1,18,0.0,8.5,49.0
2026-03-05 19:00:00,31.2,21,0.0,6.4,0.0
2026-03-05 20:00:00,30.0,24,0.0,2.2,0.0
2026-03-05 21:00:00,28.4,27,0.0,0.6,0.0
2026-03-05 22:00:00,27.3,30,0.0,3.6,0.0
2026-03-05 23:00:00,25.8,38,0.0,1.8,0.0
2026-03-06 00:00:00,25.5,36,0.0,2.9,0.0
2026-03-06 01:00:00,24.4,42,0.0,6.0,0.0
2026-03-06 02:00:00,24.1,43,0.0,6.2,0.0
2026-03-06 03:00:00,24.4,36,0.0,6.2,0.0
2026-03-06 04:00:00,24.5,32,0.0,5.9,0.0
2026-03-06 05:00:00,21.9,48,0.0,3.6,0.0
2026-03-06 06:00:00,22.7,42,0.0,5.9,0.0
2026-03-06 07:00:00,23.2,39,0.0,8.3,62.0
2026-03-06 08:00:00,25.7,32,0.0,4.5,277.0
2026-03-06 09:00:00,29.4,24,0.0,4.7,518.0
2026-03-06 10:00:00,32.3,16,0.0,6.8,726.0
2026-03-06 11:00:00,33.6,13,0.0,8.0,874.0
2026-03-06 12:00:00,34.5,13,0.0,9.2,950.0
2026-03-06 13:00:00,34.9,13,0.0,9.4,946.0
2026-03-06 14:00:00,35.1,14,0.0,8.7,861.0
2026-03-06 15:00:00,35.1,14,0.0,7.9,705.0
2026-03-06 16:00:00,34.6,15,0.0,8.6,494.0
2026-03-06 17:00:00,33.5,17,0.0,9.4,254.0
2026-03-06 18:00:00,32.4,19,0.0,8.9,49.0
2026-03-06 19:00:00,31.1,22,0.0,8.5,0.0
2026-03-06 20:00:00,30.0,25,0.0,6.5,0.0
2026-03-06 21:00:00,29.1,27,0.0,5.1,0.0
2026-03-06 22:00:00,28.7,27,0.0,4.4,0.0
2026-03-06 23:00:00,27.3,36,0.0,0.9,0.0
2026-03-07 00:00:00,27.1,29,0.0,2.8,0.0
2026-03-07 01:00:00,25.9,32,0.0,2.1,0.0
2026-03-07 02:00:00,23.8,40,0.0,7.6,0.0
2026-03-07 03:00:00,22.9,44,0.0,6.4,0.0
2026-03-07 04:00:00,22.8,45,0.0,5.1,0.0
2026-03-07 05:00:00,21.8,58,0.0,1.3,0.0
2026-03-07 06:00:00,21.6,59,0.0,4.5,0.0
2026-03-07 07:00:00,22.0,59,0.0,3.2,63.0
2026-03-07 08:00:00,26.8,39,0.0,1.7,280.0
2026-03-07 09:00:00,30.8,23,0.0,4.3,521.0
2026-03-07 10:00:00,32.6,19,0.0,8.3,727.0
2026-03-07 11:00:00,33.4,17,0.0,8.3,872.0
2026-03-07 12:00:00,34.5,16,0.0,8.4,946.0
2026-03-07 13:00:00,35.1,16,0.0,9.5,941.0
2026-03-07 14:00:00,35.3,16,0.0,9.8,858.0
2026-03-07 15:00:00,35.2,16,0.0,8.8,704.0
2026-03-07 16:00:00,34.8,17,0.0,8.2,493.0
2026-03-07 17:00:00,33.8,18,0.0,11.0,253.0
2026-03-07 18:00:00,32.8,19,0.0,8.7,49.0
2026-03-07 19:00:00,31.5,22,0.0,6.4,0.0
2026-03-07 20:00:00,30.3,25,0.0,5.3,0.0
2026-03-07 21:00:00,29.4,27,0.0,3.6,0.0
2026-03-07 22:00:00,28.2,30,0.0,4.3,0.0
2026-03-07 23:00:00,26.7,34,0.0,3.8,0.0
2026-03-08 00:00:00,26.4,37,0.0,3.2,0.0
2026-03-08 01:00:00,25.8,39,0.0,2.1,0.0
2026-03-08 02:00:00,24.8,43,0.0,3.4,0.0
2026-03-08 03:00:00,24.0,48,0.0,5.4,0.0
2026-03-08 04:00:00,23.9,48,0.0,3.4,0.0
2026-03-08 05:00:00,23.0,56,0.0,1.4,0.0
2026-03-08 06:00:00,23.5,52,0.0,3.8,0.0
2026-03-08 07:00:00,23.6,51,0.0,2.0,64.0
2026-03-08 08:00:00,25.9,43,0.0,3.1,277.0
2026-03-08 09:00:00,28.5,38,0.0,4.6,515.0
2026-03-08 10:00:00,31.2,29,0.0,6.2,720.0
2026-03-08 11:00:00,32.0,26,0.0,8.4,868.0
2026-03-08 12:00:00,33.5,22,0.0,9.8,942.0
2026-03-08 13:00:00,34.2,20,0.0,10.1,938.0
2026-03-08 14:00:00,34.5,20,0.0,9.6,855.0
2026-03-08 15:00:00,34.4,20,0.0,10.0,700.0
2026-03-08 16:00:00,34.0,20,0.0,10.8,490.0
2026-03-08 17:00:00,32.9,22,0.0,11.5,253.0
2026-03-08 18:00:00,32.1,23,0.0,9.4,49.0
2026-03-08 19:00:00,30.5,31,0.0,6.9,0.0
2026-03-08 20:00:00,29.3,40,0.0,6.6,0.0
2026-03-08 21:00:00,28.2,45,0.0,5.1,0.0
2026-03-08 22:00:00,27.3,48,0.0,4.2,0.0
2026-03-08 23:00:00,26.1,54,0.0,2.8,0.0
2026-03-09 00:00:00,25.6,57,0.0,3.8,0.0
2026-03-09 01:00:00,24.9,60,0.0,4.0,0.0
2026-03-09 02:00:00,24.1,65,0.0,3.0,0.0
2026-03-09 03:00:00,23.2,69,0.0,4.4,0.0
2026-03-09 04:00:00,22.5,74,0.0,3.4,0.0
2026-03-09 05:00:00,22.9,76,0.0,5.5,0.0
2026-03-09 06:00:00,22.9,74,0.0,7.2,0.0
2026-03-09 07:00:00,22.9,77,0.0,5.7,64.0
2026-03-09 08:00:00,24.6,72,0.0,5.6,270.0
2026-03-09 09:00:00,27.2,60,0.0,6.7,508.0
2026-03-09 10:00:00,30.0,45,0.0,6.4,709.0
2026-03-09 11:00:00,31.6,33,0.0,8.2,858.0
2026-03-09 12:00:00,33.1,26,0.0,9.9,928.0
2026-03-09 13:00:00,33.7,24,0.0,11.4,920.0
2026-03-09 14:00:00,33.6,25,0.0,12.5,801.0
2026-03-09 15:00:00,33.3,27,0.0,10.9,645.0
2026-03-09 16:00:00,32.8,29,0.0,11.4,446.0
2026-03-09 17:00:00,31.5,33,0.0,12.9,235.0
2026-03-09 18:00:00,30.4,40,0.0,11.2,46.0
2026-03-09 19:00:00,29.2,46,0.0,9.4,0.0
2026-03-09 20:00:00,28.1,51,0.0,8.6,0.0
2026-03-09 21:00:00,26.9,55,0.0,7.5,0.0
2026-03-09 22:00:00,26.2,58,0.0,7.5,0.0
2026-03-09 23:00:00,25.3,66,0.0,7.5,0.0
2026-03-10 00:00:00,24.7,70,0.0,6.8,0.0
2026-03-10 01:00:00,24.1,75,0.0,5.6,0.0
2026-03-10 02:00:00,23.7,78,0.0,3.5,0.0
2026-03-10 03:00:00,23.3,80,0.0,4.7,0.0
2026-03-10 04:00:00,22.8,83,0.0,6.4,0.0
2026-03-10 05:00:00,22.4,84,0.0,6.3,0.0
2026-03-10 06:00:00,22.7,82,0.0,5.8,0.0
2026-03-10 07:00:00,23.2,78,0.0,5.5,63.0
2026-03-10 08:00:00,25.3,64,0.0,6.5,269.0
2026-03-10 09:00:00,27.7,48,0.0,8.4,501.0
2026-03-10 10:00:00,29.8,37,0.0,9.4,704.0
2026-03-10 11:00:00,30.8,34,0.0,9.7,850.0
2026-03-10 12:00:00,32.0,31,0.0,10.2,924.0
2026-03-10 13:00:00,32.5,31,0.0,10.7,919.0
2026-03-10 14:00:00,32.5,31,0.0,11.0,837.0
2026-03-10 15:00:00,32.2,31,0.0,11.2,685.0
2026-03-10 16:00:00,31.8,33,0.0,11.5,480.0
2026-03-10 17:00:00,30.5,37,0.0,11.4,245.0
2026-03-10 18:00:00,29.6,41,0.0,10.1,49.0
2026-03-10 19:00:00,28.8,43,0.0,9.1,0.0
2026-03-10 20:00:00,28.1,46,0.0,7.6,0.0
2026-03-10 21:00:00,27.2,49,0.0,7.1,0.0
2026-03-10 22:00:00,26.5,52,0.0,5.8,0.0
2026-03-10 23:00:00,25.7,55,0.0,4.6,0.0
2026-03-11 00:00:00,25.2,57,0.0,5.2,0.0
2026-03-11 01:00:00,24.7,57,0.0,6.4,0.0
2026-03-11 02:00:00,24.1,53,0.0,5.6,0.0
2026-03-11 03:00:00,23.6,51,0.0,4.0,0.0
2026-03-11 04:00:00,23.1,53,0.0,3.8,0.0
2026-03-11 05:00:00,22.8,53,0.0,4.1,0.0
2026-03-11 06:00:00,23.1,52,0.0,6.4,0.0
2026-03-11 07:00:00,23.8,49,0.0,6.0,66.0
2026-03-11 08:00:00,26.0,40,0.0,5.3,274.0
2026-03-11 09:00:00,28.7,31,0.0,7.7,507.0
2026-03-11 10:00:00,30.8,25,0.0,6.8,710.0
2026-03-11 11:00:00,31.4,25,0.0,5.1,857.0
2026-03-11 12:00:00,33.0,23,0.0,4.2,932.0
2026-03-11 13:00:00,34.0,22,0.0,7.3,927.0
2026-03-11 14:00:00,34.3,22,0.0,12.3,843.0
2026-03-11 15:00:00,33.9,22,0.0,13.1,688.0
2026-03-11 16:00:00,33.5,22,0.0,10.7,484.0
2026-03-11 17:00:00,32.7,25,0.0,9.0,251.0
2026-03-11 18:00:00,31.8,27,0.0,9.3,50.0
2026-03-11 19:00:00,30.7,31,0.0,8.3,0.0
2026-03-11 20:00:00,29.4,34,0.0,7.5,0.0
2026-03-11 21:00:00,28.3,37,0.0,6.0,0.0
2026-03-11 22:00:00,27.6,39,0.0,5.2,0.0
2026-03-11 23:00:00,26.8,43,0.0,4.1,0.0
2026-03-12 00:00:00,26.5,44,0.0,4.3,0.0
2026-03-12 01:00:00,25.4,47,0.0,2.8,0.0
2026-03-12 02:00:00,24.0,55,0.0,5.1,0.0
2026-03-12 03:00:00,23.0,61,0.0,5.8,0.0
2026-03-12 04:00:00,22.2,65,0.0,5.7,0.0
2026-03-12 05:00:00,21.1,75,0.0,3.1,0.0
2026-03-12 06:00:00,21.5,73,0.0,4.4,0.0
2026-03-12 07:00:00,22.7,66,0.0,3.3,71.0
2026-03-12 08:00:00,27.2,48,0.0,0.6,289.0
2026-03-12 09:00:00,31.8,23,0.0,4.8,527.0
2026-03-12 10:00:00,33.7,17,0.0,8.7,732.0
2026-03-12 11:00:00,33.9,17,0.0,10.3,877.0
2026-03-12 12:00:00,34.8,17,0.0,10.3,949.0
2026-03-12 13:00:00,35.2,16,0.0,11.0,943.0
2026-03-12 14:00:00,35.3,16,0.0,11.4,859.0
2026-03-12 15:00:00,35.1,17,0.0,11.2,703.0
2026-03-12 16:00:00,34.6,18,0.0,9.4,492.0
2026-03-12 17:00:00,33.8,19,0.0,10.4,254.0
2026-03-12 18:00:00,33.0,20,0.0,8.0,51.0
2026-03-12 19:00:00,31.8,24,0.0,6.1,0.0
2026-03-12 20:00:00,30.6,28,0.0,5.9,0.0
2026-03-12 21:00:00,29.6,31,0.0,4.4,0.0
2026-03-12 22:00:00,28.3,33,0.0,4.4,0.0
2026-03-12 23:00:00,27.1,35,0.0,6.2,0.0
2026-03-13 00:00:00,27.3,33,0.0,5.4,0.0
2026-03-13 01:00:00,26.4,34,0.0,5.2,0.0
2026-03-13 02:00:00,25.7,35,0.0,3.8,0.0
2026-03-13 03:00:00,25.2,36,0.0,4.4,0.0
2026-03-13 04:00:00,24.6,38,0.0,6.0,0.0
2026-03-13 05:00:00,23.6,45,0.0,3.6,0.0
2026-03-13 06:00:00,24.8,39,0.0,2.5,0.0
2026-03-13 07:00:00,24.7,42,0.0,1.5,73.0
2026-03-13 08:00:00,28.7,31,0.0,1.3,292.0
2026-03-13 09:00:00,32.2,20,0.0,2.7,531.0
2026-03-13 10:00:00,34.3,15,0.0,5.0,736.0
2026-03-13 11:00:00,34.9,13,0.0,6.3,882.0
2026-03-13 12:00:00,35.9,13,0.0,9.4,957.0
2026-03-13 13:00:00,36.1,13,0.0,13.2,951.0
2026-03-13 14:00:00,35.9,13,0.0,14.6,863.0
2026-03-13 15:00:00,35.6,14,0.0,12.8,707.0
2026-03-13 16:00:00,35.0,16,0.0,11.4,496.0
2026-03-13 17:00:00,34.2,18,0.0,13.0,255.0
2026-03-13 18:00:00,33.2,21,0.0,12.1,51.0
2026-03-13 19:00:00,31.7,26,0.0,11.1,0.0
2026-03-13 20:00:00,30.1,31,0.0,9.5,0.0
2026-03-13 21:00:00,29.2,35,0.0,7.6,0.0
2026-03-13 22:00:00,28.5,36,0.0,7.8,0.0
2026-03-13 23:00:00,27.1,42,0.0,10.3,0.0
2026-03-14 00:00:00,25.8,53,0.0,9.3,0.0
2026-03-14 01:00:00,25.2,58,0.0,7.7,0.0
2026-03-14 02:00:00,24.6,61,0.0,7.2,0.0
2026-03-14 03:00:00,24.3,59,0.0,6.8,0.0
2026-03-14 04:00:00,24.3,56,0.0,7.6,0.0
2026-03-14 05:00:00,23.9,61,0.0,6.4,0.0
2026-03-14 06:00:00,23.9,61,0.0,6.6,0.0
2026-03-14 07:00:00,24.5,59,0.0,5.1,73.0
2026-03-14 08:00:00,27.2,48,0.0,2.9,288.0
2026-03-14 09:00:00,30.4,37,0.0,5.3,523.0
2026-03-14 10:00:00,32.7,27,0.0,8.5,724.0
2026-03-14 11:00:00,33.4,24,0.0,10.7,868.0
2026-03-14 12:00:00,34.6,20,0.0,9.5,940.0
2026-03-14 13:00:00,35.5,17,0.0,7.9,892.0
2026-03-14 14:00:00,35.4,17,0.0,9.7,626.0
2026-03-14 15:00:00,35.4,17,0.0,10.1,549.0
2026-03-14 16:00:00,34.7,18,0.0,10.1,300.0
2026-03-14 17:00:00,33.9,19,0.0,11.1,155.0
2026-03-14 18:00:00,32.5,24,0.0,12.3,27.0
2026-03-14 19:00:00,31.7,28,0.0,12.6,0.0
2026-03-14 20:00:00,30.8,30,0.0,12.0,0.0
2026-03-14 21:00:00,29.7,33,0.0,11.5,0.0
2026-03-14 22:00:00,28.0,42,0.0,11.6,0.0
2026-03-14 23:00:00,26.6,46,0.0,9.8,0.0
2026-03-15 00:00:00,25.8,52,0.0,8.4,0.0
2026-03-15 01:00:00,25.0,58,0.0,5.1,0.0
2026-03-15 02:00:00,24.5,61,0.0,5.9,0.0
2026-03-15 03:00:00,23.8,66,0.0,6.4,0.0
2026-03-15 04:00:00,23.3,70,0.0,6.0,0.0
2026-03-15 05:00:00,22.8,76,0.0,4.4,0.0
2026-03-15 06:00:00,23.0,74,0.0,3.6,0.0
2026-03-15 07:00:00,23.9,68,0.0,3.8,50.0
2026-03-15 08:00:00,25.4,58,0.0,6.1,136.0
2026-03-15 09:00:00,28.0,47,0.0,7.3,397.0
2026-03-15 10:00:00,31.1,32,0.0,11.8,707.0
2026-03-15 11:00:00,31.7,28,0.0,14.7,851.0
2026-03-15 12:00:00,33.1,24,0.0,13.6,932.0
2026-03-15 13:00:00,33.8,22,0.0,10.8,885.0
2026-03-15 14:00:00,33.8,22,0.0,10.4,631.0
2026-03-15 15:00:00,33.9,21,0.0,10.2,574.0
2026-03-15 16:00:00,33.8,21,0.0,9.1,439.0
2026-03-15 17:00:00,33.2,22,0.0,11.0,230.0
2026-03-15 18:00:00,32.6,23,0.0,8.9,45.0
2026-03-15 19:00:00,30.8,30,0.0,10.0,0.0
2026-03-15 20:00:00,29.6,31,0.0,8.2,0.0
2026-03-15 21:00:00,29.2,29,0.0,6.8,0.0
2026-03-15 22:00:00,28.3,31,0.0,6.7,0.0
2026-03-15 23:00:00,27.7,34,0.0,9.4,0.0
2026-03-16 00:00:00,25.6,49,0.0,9.3,0.0
2026-03-16 01:00:00,24.8,53,0.0,6.1,0.0
2026-03-16 02:00:00,24.6,53,0.0,5.4,0.0
2026-03-16 03:00:00,24.6,53,0.0,7.5,0.0
2026-03-16 04:00:00,24.0,57,0.0,8.2,0.0
2026-03-16 05:00:00,23.6,64,0.0,4.8,0.0
2026-03-16 06:00:00,23.6,68,0.0,4.5,0.0
2026-03-16 07:00:00,24.1,66,0.0,4.4,58.0
2026-03-16 08:00:00,26.1,57,0.0,3.8,263.0
2026-03-16 09:00:00,28.8,44,0.0,4.4,506.0
2026-03-16 10:00:00,31.4,32,0.0,6.8,712.0
2026-03-16 11:00:00,31.8,29,0.0,9.6,851.0
2026-03-16 12:00:00,33.0,26,0.0,10.5,910.0
2026-03-16 13:00:00,33.4,25,0.0,9.4,835.0
2026-03-16 14:00:00,33.3,25,0.0,9.8,739.0
2026-03-16 15:00:00,33.2,25,0.1,8.2,633.0
2026-03-16 16:00:00,30.0,36,0.2,13.4,317.0
2026-03-16 17:00:00,32.5,22,0.0,2.0,168.0
2026-03-16 18:00:00,30.7,28,0.0,4.0,36.0
2026-03-16 19:00:00,30.3,34,0.0,2.4,0.0
2026-03-16 20:00:00,26.7,49,0.0,13.9,0.0
2026-03-16 21:00:00,25.7,50,0.0,5.4,0.0
2026-03-16 22:00:00,26.0,48,0.0,9.2,0.0
2026-03-16 23:00:00,26.7,45,0.0,11.3,0.0
2026-03-17 00:00:00,25.8,51,0.0,10.7,0.0
2026-03-17 01:00:00,24.7,57,0.0,9.6,0.0
2026-03-17 02:00:00,24.3,56,0.0,8.1,0.0
2026-03-17 03:00:00,23.6,58,0.0,7.3,0.0
2026-03-17 04:00:00,23.0,60,0.0,6.4,0.0
2026-03-17 05:00:00,22.3,72,0.0,6.0,0.0
2026-03-17 06:00:00,22.3,72,0.0,4.5,0.0
2026-03-17 07:00:00,22.9,68,0.0,5.1,73.0
2026-03-17 08:00:00,24.7,59,0.0,4.1,265.0
2026-03-17 09:00:00,27.1,49,0.0,4.7,425.0
2026-03-17 10:00:00,29.2,41,0.0,6.5,589.0
2026-03-17 11:00:00,30.9,35,0.0,5.7,811.0
2026-03-17 12:00:00,31.0,31,0.0,7.8,847.0
2026-03-17 13:00:00,30.4,30,0.0,6.7,314.0
2026-03-17 14:00:00,30.5,31,0.0,5.9,536.0
2026-03-17 15:00:00,30.4,29,0.4,2.9,384.0
2026-03-17 16:00:00,30.0,31,0.0,6.3,313.0
2026-03-17 17:00:00,29.2,41,0.0,9.3,227.0
2026-03-17 18:00:00,28.6,41,0.0,7.0,47.0
2026-03-17 19:00:00,27.5,44,0.0,8.3,0.0
2026-03-17 20:00:00,26.4,50,0.0,7.2,0.0
2026-03-17 21:00:00,25.5,54,0.0,6.4,0.0
2026-03-17 22:00:00,24.8,57,0.0,8.6,0.0
2026-03-17 23:00:00,24.7,64,0.0,7.4,0.0
2026-03-18 00:00:00,22.9,70,0.0,15.1,0.0
2026-03-18 01:00:00,21.5,76,0.0,8.4,0.0
2026-03-18 02:00:00,21.0,79,0.7,12.8,0.0
2026-03-18 03:00:00,20.6,78,0.7,11.8,0.0
2026-03-18 04:00:00,20.6,80,1.0,10.2,0.0
2026-03-18 05:00:00,20.4,81,0.9,8.8,0.0
2026-03-18 06:00:00,20.6,78,0.2,6.4,0.0
2026-03-18 07:00:00,20.7,76,0.2,8.7,36.0
2026-03-18 08:00:00,21.6,73,0.0,3.2,119.0
2026-03-18 09:00:00,23.1,65,0.1,3.4,270.0
2026-03-18 10:00:00,25.2,49,0.0,6.5,328.0
2026-03-18 11:00:00,23.2,66,0.0,13.7,563.0
2026-03-18 12:00:00,25.6,55,0.0,13.4,533.0
2026-03-18 13:00:00,27.0,44,0.0,12.4,846.0
2026-03-18 14:00:00,27.8,42,0.0,8.0,727.0
2026-03-18 15:00:00,27.7,42,0.0,7.4,514.0
2026-03-18 16:00:00,27.7,40,0.0,6.4,445.0
2026-03-18 17:00:00,26.7,45,0.0,10.6,233.0
2026-03-18 18:00:00,25.8,50,0.0,8.4,50.0
2026-03-18 19:00:00,24.8,55,0.0,8.9,0.0
2026-03-18 20:00:00,23.9,59,0.0,8.9,0.0
2026-03-18 21:00:00,23.1,62,0.0,8.6,0.0
2026-03-18 22:00:00,22.2,65,0.0,8.6,0.0
2026-03-18 23:00:00,21.6,70,0.0,7.5,0.0
2026-03-19 00:00:00,21.1,78,0.0,6.6,0.0
2026-03-19 01:00:00,20.8,83,0.0,5.8,0.0
2026-03-19 02:00:00,20.8,84,0.0,3.4,0.0
2026-03-19 03:00:00,20.5,88,0.0,2.4,0.0
2026-03-19 04:00:00,20.5,87,0.0,3.3,0.0
2026-03-19 05:00:00,19.8,87,0.0,3.8,0.0
2026-03-19 06:00:00,20.2,86,0.0,4.0,0.0
2026-03-19 07:00:00,20.8,84,0.0,1.6,75.0
2026-03-19 08:00:00,22.6,74,0.0,2.7,272.0
2026-03-19 09:00:00,24.5,65,0.0,4.0,485.0
2026-03-19 10:00:00,26.4,57,0.0,5.7,696.0
2026-03-19 11:00:00,27.3,54,0.0,3.6,806.0
2026-03-19 12:00:00,28.9,47,0.0,2.4,873.0
2026-03-19 13:00:00,29.8,43,0.0,0.6,894.0
2026-03-19 14:00:00,30.4,39,0.0,3.1,790.0
2026-03-19 15:00:00,30.0,38,0.0,3.5,568.0
2026-03-19 16:00:00,29.9,34,0.0,3.3,400.0
2026-03-19 17:00:00,29.8,32,0.0,6.3,215.0
2026-03-19 18:00:00,27.7,43,0.0,12.2,42.0
2026-03-19 19:00:00,26.5,49,0.0,8.3,0.0
2026-03-19 20:00:00,26.0,50,0.0,8.6,0.0
2026-03-19 21:00:00,25.1,53,0.0,8.4,0.0
2026-03-19 22:00:00,24.2,55,0.0,9.4,0.0
2026-03-19 23:00:00,23.6,62,0.0,4.9,0.0
2026-03-20 00:00:00,23.4,64,0.0,3.3,0.0
2026-03-20 01:00:00,23.1,66,0.0,4.3,0.0
2026-03-20 02:00:00,22.7,68,0.0,4.6,0.0
2026-03-20 03:00:00,22.0,70,0.0,8.0,0.0
2026-03-20 04:00:00,21.2,75,0.0,6.7,0.0
2026-03-20 05:00:00,20.0,87,0.0,2.2,0.0
2026-03-20 06:00:00,20.4,86,0.0,4.1,0.0
2026-03-20 07:00:00,21.0,83,0.0,4.3,80.0
2026-03-20 08:00:00,22.5,75,0.0,2.6,291.0
2026-03-20 09:00:00,25.1,61,0.0,2.4,524.0
2026-03-20 10:00:00,27.2,48,0.0,2.0,725.0
2026-03-20 11:00:00,27.7,47,0.0,1.5,868.0
2026-03-20 12:00:00,29.0,42,0.0,1.8,889.0
2026-03-20 13:00:00,29.8,36,0.0,2.6,874.0
2026-03-20 14:00:00,30.2,33,0.0,4.7,786.0
2026-03-20 15:00:00,30.4,32,0.0,5.5,633.0
2026-03-20 16:00:00,30.1,31,0.0,4.8,450.0
2026-03-20 17:00:00,30.8,29,0.0,7.0,234.0
2026-03-20 18:00:00,30.0,31,0.0,3.4,49.0
2026-03-20 19:00:00,28.4,36,0.0,6.2,0.0
2026-03-20 20:00:00,27.3,43,0.0,7.9,0.0
2026-03-20 21:00:00,27.1,44,0.0,6.7,0.0
2026-03-20 22:00:00,25.6,51,0.0,7.6,0.0
2026-03-20 23:00:00,25.4,54,0.0,7.2,0.0
2026-03-21 00:00:00,25.1,54,0.0,7.8,0.0
2026-03-21 01:00:00,24.2,58,0.0,6.4,0.0
2026-03-21 02:00:00,23.4,62,0.0,6.8,0.0
2026-03-21 03:00:00,23.0,65,0.0,6.0,0.0
2026-03-21 04:00:00,22.6,67,0.0,4.7,0.0
2026-03-21 05:00:00,22.0,74,0.0,3.1,0.0
2026-03-21 06:00:00,22.5,72,0.0,4.1,0.0
2026-03-21 07:00:00,23.4,68,0.0,3.1,62.0
2026-03-21 08:00:00,25.7,59,0.0,4.1,249.0
2026-03-21 09:00:00,27.2,54,0.0,5.8,495.0
2026-03-21 10:00:00,29.0,44,0.0,3.0,706.0
2026-03-21 11:00:00,28.5,46,0.1,0.6,751.0
2026-03-21 12:00:00,29.9,42,0.0,0.6,861.0
2026-03-21 13:00:00,30.7,39,0.0,1.3,853.0
2026-03-21 14:00:00,30.9,37,0.0,1.4,733.0
2026-03-21 15:00:00,31.2,34,0.0,2.4,610.0
2026-03-21 16:00:00,30.6,36,0.0,2.9,417.0
2026-03-21 17:00:00,32.5,25,0.0,4.5,215.0
2026-03-21 18:00:00,30.5,30,0.0,2.3,43.0
2026-03-21 19:00:00,28.2,45,0.0,7.8,0.0
2026-03-21 20:00:00,27.2,53,0.0,9.4,0.0
2026-03-21 21:00:00,25.7,63,0.0,8.1,0.0
2026-03-21 22:00:00,25.0,68,0.0,7.7,0.0
2026-03-21 23:00:00,25.0,72,0.0,7.1,0.0
2026-03-22 00:00:00,25.0,71,0.0,6.5,0.0
2026-03-22 01:00:00,24.5,75,0.0,4.3,0.0
2026-03-22 02:00:00,24.0,79,0.0,3.9,0.0
2026-03-22 03:00:00,23.4,83,0.0,2.4,0.0
2026-03-22 04:00:00,23.0,85,0.0,3.1,0.0
2026-03-22 05:00:00,22.5,88,0.0,0.6,0.0
2026-03-22 06:00:00,22.9,85,0.0,2.8,1.0
2026-03-22 07:00:00,23.5,82,0.0,3.3,85.0
2026-03-22 08:00:00,25.3,72,0.0,4.4,300.0
2026-03-22 09:00:00,27.5,59,0.0,5.6,531.0
2026-03-22 10:00:00,29.5,43,0.0,6.1,720.0
2026-03-22 11:00:00,30.5,38,0.0,5.6,802.0
2026-03-22 12:00:00,30.8,38,0.1,4.7,823.0
2026-03-22 13:00:00,31.0,38,0.1,3.1,844.0
2026-03-22 14:00:00,31.1,38,0.2,2.9,717.0
2026-03-22 15:00:00,31.4,37,0.0,1.8,613.0
2026-03-22 16:00:00,31.1,38,0.0,0.2,430.0
2026-03-22 17:00:00,29.7,43,0.0,10.5,222.0
2026-03-22 18:00:00,29.8,42,0.0,5.9,43.0
2026-03-22 19:00:00,29.3,45,0.0,7.5,0.0
2026-03-22 20:00:00,28.2,52,0.0,8.6,0.0
2026-03-22 21:00:00,27.5,55,0.0,8.6,0.0
2026-03-22 22:00:00,26.9,58,0.0,8.7,0.0
2026-03-22 23:00:00,26.4,62,0.0,7.4,0.0
2026-03-23 00:00:00,25.2,67,0.2,9.9,0.0
2026-03-23 01:00:00,24.5,71,0.0,7.4,0.0
2026-03-23 02:00:00,24.0,74,0.0,5.9,0.0
2026-03-23 03:00:00,23.6,76,0.0,5.8,0.0
2026-03-23 04:00:00,23.3,78,0.0,4.3,0.0
2026-03-23 05:00:00,23.7,78,0.0,5.0,0.0
2026-03-23 06:00:00,23.7,79,0.0,5.1,1.0
2026-03-23 07:00:00,24.4,76,0.0,4.3,85.0
2026-03-23 08:00:00,26.5,63,0.0,5.3,289.0
2026-03-23 09:00:00,29.1,46,0.0,8.6,530.0
2026-03-23 10:00:00,31.0,36,0.0,7.3,732.0
2026-03-23 11:00:00,31.5,33,0.0,7.1,800.0
2026-03-23 12:00:00,32.8,29,0.0,5.4,911.0
2026-03-23 13:00:00,33.5,28,0.0,5.0,817.0
2026-03-23 14:00:00,34.0,27,0.0,7.8,745.0
2026-03-23 15:00:00,33.4,29,0.0,7.1,536.0
2026-03-23 16:00:00,32.7,32,0.0,6.8,352.0
2026-03-23 17:00:00,31.7,31,0.0,8.9,179.0
2026-03-23 18:00:00,31.6,31,0.0,8.8,48.0
2026-03-23 19:00:00,30.2,35,0.0,9.7,0.0
2026-03-23 20:00:00,29.4,38,0.0,7.4,0.0
2026-03-23 21:00:00,28.3,43,0.0,7.5,0.0
2026-03-23 22:00:00,27.7,46,0.0,6.8,0.0
2026-03-23 23:00:00,27.2,48,0.0,8.3,0.0
2026-03-24 00:00:00,26.3,52,0.0,8.0,0.0
2026-03-24 01:00:00,25.3,60,0.0,5.6,0.0
2026-03-24 02:00:00,24.9,65,0.0,4.3,0.0
2026-03-24 03:00:00,24.5,68,0.0,4.7,0.0
2026-03-24 04:00:00,23.7,72,0.0,5.8,0.0
2026-03-24 05:00:00,23.9,72,0.0,4.3,0.0
2026-03-24 06:00:00,24.1,72,0.0,4.1,1.0
2026-03-24 07:00:00,24.8,68,0.0,2.5,92.0
2026-03-24 08:00:00,27.0,57,0.0,4.8,307.0
2026-03-24 09:00:00,29.7,44,0.0,6.3,538.0
2026-03-24 10:00:00,31.7,34,0.0,5.6,735.0
2026-03-24 11:00:00,32.1,33,0.0,6.1,792.0
2026-03-24 12:00:00,32.9,32,0.0,5.9,834.0
2026-03-24 13:00:00,33.5,31,0.0,6.0,826.0
2026-03-24 14:00:00,33.7,31,0.0,6.0,754.0
2026-03-24 15:00:00,33.6,31,0.0,4.5,613.0
2026-03-24 16:00:00,33.7,30,0.0,3.5,429.0
2026-03-24 17:00:00,30.8,37,0.1,4.2,121.0
2026-03-24 18:00:00,30.2,39,0.0,2.7,37.0
2026-03-24 19:00:00,28.6,45,0.3,6.7,0.0
2026-03-24 20:00:00,27.1,55,0.2,4.9,0.0
2026-03-24 21:00:00,26.0,65,0.1,5.0,0.0
2026-03-24 22:00:00,25.5,70,0.0,3.1,0.0
2026-03-24 23:00:00,25.7,71,0.0,6.9,0.0
2026-03-25 00:00:00,25.1,69,0.0,7.8,0.0
2026-03-25 01:00:00,25.2,68,0.0,5.4,0.0
2026-03-25 02:00:00,25.1,67,0.0,3.2,0.0
2026-03-25 03:00:00,24.9,68,0.0,4.6,0.0
2026-03-25 04:00:00,24.4,70,0.0,5.5,0.0
2026-03-25 05:00:00,24.1,77,0.0,4.8,0.0
2026-03-25 06:00:00,24.4,77,0.0,4.1,1.0
2026-03-25 07:00:00,25.3,71,0.0,3.5,80.0
2026-03-25 08:00:00,28.0,56,0.0,5.1,290.0
2026-03-25 09:00:00,30.3,44,0.0,6.5,484.0
2026-03-25 10:00:00,32.0,36,0.0,6.2,669.0
2026-03-25 11:00:00,32.1,38,0.0,5.7,713.0
2026-03-25 12:00:00,32.5,36,0.0,3.9,826.0
2026-03-25 13:00:00,33.0,34,0.1,4.4,819.0
2026-03-25 14:00:00,33.3,33,0.0,4.0,729.0
2026-03-25 15:00:00,33.5,32,0.0,3.4,641.0
2026-03-25 16:00:00,33.0,32,0.0,4.0,445.0
2026-03-25 17:00:00,31.3,35,0.0,1.0,220.0
2026-03-25 18:00:00,30.2,40,0.0,9.0,41.0
2026-03-25 19:00:00,28.8,49,0.0,6.1,0.0
2026-03-25 20:00:00,28.4,51,0.0,6.0,0.0
2026-03-25 21:00:00,28.3,51,0.0,7.5,0.0
2026-03-25 22:00:00,28.3,48,0.0,6.5,0.0
2026-03-25 23:00:00,27.3,52,0.0,4.9,0.0
2026-03-26 00:00:00,27.3,49,0.0,6.9,0.0
2026-03-26 01:00:00,26.6,53,0.0,7.2,0.0
2026-03-26 02:00:00,25.9,57,0.0,4.6,0.0
2026-03-26 03:00:00,25.4,62,0.0,3.2,0.0
2026-03-26 04:00:00,24.9,66,0.0,2.8,0.0
2026-03-26 05:00:00,24.1,72,0.0,0.7,0.0
2026-03-26 06:00:00,24.6,68,0.0,2.2,1.0
2026-03-26 07:00:00,25.5,66,0.0,2.4,96.0
2026-03-26 08:00:00,28.0,53,0.0,3.6,312.0
2026-03-26 09:00:00,30.7,39,0.0,4.3,543.0
2026-03-26 10:00:00,32.6,32,0.0,2.4,740.0
2026-03-26 11:00:00,33.2,32,0.0,1.9,879.0
2026-03-26 12:00:00,33.9,30,0.0,2.7,832.0
2026-03-26 13:00:00,34.5,27,0.0,3.1,823.0
2026-03-26 14:00:00,34.9,22,0.0,5.2,681.0
2026-03-26 15:00:00,35.1,22,0.0,7.4,539.0
2026-03-26 16:00:00,34.9,22,0.0,10.4,441.0
2026-03-26 17:00:00,34.2,24,0.0,10.2,229.0
2026-03-26 18:00:00,32.8,29,0.0,9.0,50.0
2026-03-26 19:00:00,31.2,35,0.0,9.3,0.0
2026-03-26 20:00:00,29.9,39,0.0,7.5,0.0
2026-03-26 21:00:00,29.0,41,0.0,5.9,0.0
2026-03-26 22:00:00,28.2,43,0.0,5.8,0.0
2026-03-26 23:00:00,27.3,48,0.0,5.1,0.0
2026-03-27 00:00:00,26.8,50,0.0,5.4,0.0
2026-03-27 01:00:00,26.0,55,0.0,5.4,0.0
2026-03-27 02:00:00,25.6,56,0.0,6.5,0.0
2026-03-27 03:00:00,25.0,62,0.0,3.2,0.0
2026-03-27 04:00:00,24.7,62,0.0,2.4,0.0
2026-03-27 05:00:00,23.9,70,0.0,3.5,0.0
2026-03-27 06:00:00,24.7,61,0.0,5.8,2.0
2026-03-27 07:00:00,25.5,60,0.0,5.3,99.0
2026-03-27 08:00:00,27.9,51,0.0,4.3,317.0
2026-03-27 09:00:00,30.7,41,0.0,5.1,548.0
2026-03-27 10:00:00,33.0,32,0.0,5.0,741.0
2026-03-27 11:00:00,33.4,31,0.0,5.8,764.0
2026-03-27 12:00:00,34.2,29,0.0,6.9,856.0
2026-03-27 13:00:00,35.0,27,0.0,7.8,895.0
2026-03-27 14:00:00,35.4,26,0.0,9.1,806.0
2026-03-27 15:00:00,35.5,25,0.0,10.2,678.0
2026-03-27 16:00:00,35.1,25,0.0,10.2,463.0
2026-03-27 17:00:00,35.0,24,0.0,7.8,231.0
2026-03-27 18:00:00,33.8,27,0.0,5.6,46.0
2026-03-27 19:00:00,32.5,32,0.0,5.7,0.0
2026-03-27 20:00:00,31.3,34,0.0,4.5,0.0
2026-03-27 21:00:00,30.3,36,0.0,5.8,0.0
2026-03-27 22:00:00,29.3,40,0.0,10.6,0.0
2026-03-27 23:00:00,27.2,46,0.0,11.5,0.0
2026-03-28 00:00:00,26.3,50,0.0,11.5,0.0
2026-03-28 01:00:00,26.6,50,0.0,7.8,0.0
2026-03-28 02:00:00,26.7,50,0.0,5.4,0.0
2026-03-28 03:00:00,26.2,51,0.0,5.8,0.0
2026-03-28 04:00:00,26.0,52,0.0,5.1,0.0
2026-03-28 05:00:00,25.2,57,0.0,10.0,0.0
2026-03-28 06:00:00,25.7,53,0.0,8.6,1.0
2026-03-28 07:00:00,26.5,50,0.0,7.5,75.0
2026-03-28 08:00:00,28.0,48,0.0,6.9,184.0
2026-03-28 09:00:00,31.1,36,0.0,9.2,517.0
2026-03-28 10:00:00,33.1,25,0.0,9.9,737.0
2026-03-28 11:00:00,33.0,27,0.0,9.0,890.0
2026-03-28 12:00:00,33.9,25,0.0,7.7,955.0
2026-03-28 13:00:00,34.8,23,0.0,7.2,945.0
2026-03-28 14:00:00,35.1,22,0.0,8.5,856.0
2026-03-28 15:00:00,35.2,22,0.0,9.6,701.0
2026-03-28 16:00:00,34.8,22,0.0,10.3,492.0
2026-03-28 17:00:00,34.3,24,0.0,15.0,257.0
2026-03-28 18:00:00,33.4,27,0.0,11.1,42.0
2026-03-28 19:00:00,32.9,28,0.0,5.2,0.0
2026-03-28 20:00:00,31.9,31,0.0,5.7,0.0
2026-03-28 21:00:00,30.4,35,0.0,5.1,0.0
2026-03-28 22:00:00,29.9,37,0.0,3.5,0.0
2026-03-28 23:00:00,28.3,43,0.0,3.2,0.0
2026-03-29 00:00:00,28.3,42,0.0,4.8,0.0
2026-03-29 01:00:00,27.8,44,0.0,5.1,0.0
2026-03-29 02:00:00,27.0,48,0.0,4.7,0.0
2026-03-29 03:00:00,26.0,51,0.0,3.2,0.0
2026-03-29 04:00:00,25.4,54,0.0,4.1,0.0
2026-03-29 05:00:00,25.2,52,0.0,8.4,0.0
2026-03-29 06:00:00,25.3,48,0.0,7.8,2.0
2026-03-29 07:00:00,26.1,42,0.0,5.1,105.0
2026-03-29 08:00:00,28.2,35,0.0,4.5,326.0
2026-03-29 09:00:00,30.6,31,0.0,5.4,558.0
2026-03-29 10:00:00,32.7,28,0.0,6.1,754.0
2026-03-29 11:00:00,33.4,26,0.0,5.6,892.0
2026-03-29 12:00:00,35.1,23,0.0,5.6,955.0
2026-03-29 13:00:00,35.6,21,0.0,6.4,826.0
2026-03-29 14:00:00,36.3,20,0.0,6.7,819.0
2026-03-29 15:00:00,36.6,20,0.0,7.9,682.0
2026-03-29 16:00:00,36.0,21,0.0,8.8,464.0
2026-03-29 17:00:00,35.1,22,0.0,10.0,228.0
2026-03-29 18:00:00,34.5,23,0.0,6.9,51.0
2026-03-29 19:00:00,33.6,24,0.0,6.1,0.0
2026-03-29 20:00:00,32.3,29,0.0,6.2,0.0
2026-03-29 21:00:00,31.3,32,0.0,5.2,0.0
2026-03-29 22:00:00,30.5,34,0.0,4.2,0.0
2026-03-29 23:00:00,29.3,38,0.0,6.4,0.0
2026-03-30 00:00:00,28.7,40,0.0,7.5,0.0
2026-03-30 01:00:00,28.1,43,0.0,7.1,0.0
2026-03-30 02:00:00,27.4,46,0.0,4.5,0.0
2026-03-30 03:00:00,27.0,49,0.0,4.6,0.0
2026-03-30 04:00:00,26.5,51,0.0,4.8,0.0
2026-03-30 05:00:00,26.2,60,0.0,1.8,0.0
2026-03-30 06:00:00,26.6,57,0.0,3.8,2.0
2026-03-30 07:00:00,27.3,55,0.0,3.1,106.0
2026-03-30 08:00:00,29.5,47,0.0,4.4,324.0
2026-03-30 09:00:00,31.8,40,0.0,7.4,553.0
2026-03-30 10:00:00,33.8,34,0.0,9.0,748.0
2026-03-30 11:00:00,34.3,30,0.0,10.1,865.0
2026-03-30 12:00:00,35.8,26,0.0,10.5,925.0
2026-03-30 13:00:00,36.3,23,0.0,9.7,817.0
2026-03-30 14:00:00,33.5,27,0.0,4.1,235.0
2026-03-30 15:00:00,30.2,43,0.3,12.1,231.0
2026-03-30 16:00:00,30.8,40,0.0,7.7,212.0
2026-03-30 17:00:00,32.6,34,0.0,4.3,121.0
2026-03-30 18:00:00,32.5,33,0.0,8.6,51.0
2026-03-30 19:00:00,31.6,35,0.0,8.3,0.0
2026-03-30 20:00:00,30.7,36,0.0,6.3,0.0
2026-03-30 21:00:00,30.0,39,0.0,5.1,0.0
2026-03-30 22:00:00,29.0,42,0.0,6.9,0.0
2026-03-30 23:00:00,27.8,50,0.0,8.6,0.0
2026-03-31 00:00:00,27.2,56,0.0,9.1,0.0
2026-03-31 01:00:00,27.0,59,0.0,8.8,0.0
2026-03-31 02:00:00,23.2,74,1.3,10.6,0.0
2026-03-31 03:00:00,24.0,75,0.0,5.5,0.0
2026-03-31 04:00:00,24.1,74,0.0,2.2,0.0
2026-03-31 05:00:00,23.6,70,0.0,12.0,0.0
2026-03-31 06:00:00,23.3,69,0.0,8.6,2.0
2026-03-31 07:00:00,23.3,69,0.0,12.1,84.0
2026-03-31 08:00:00,24.9,63,0.0,10.1,287.0
2026-03-31 09:00:00,27.2,55,0.0,8.4,488.0
2026-03-31 10:00:00,29.6,44,0.0,9.0,736.0
2026-03-31 11:00:00,29.2,47,0.0,15.1,873.0
2026-03-31 12:00:00,29.9,46,0.0,12.3,886.0
2026-03-31 13:00:00,31.1,43,0.0,8.3,899.0
2026-03-31 14:00:00,31.1,42,0.0,6.2,776.0
2026-03-31 15:00:00,31.5,40,0.0,5.6,554.0
2026-03-31 16:00:00,31.3,38,0.0,2.1,417.0
2026-03-31 17:00:00,32.0,37,0.0,2.8,178.0
2026-03-31 18:00:00,30.7,41,0.2,7.4,47.0
2026-03-31 19:00:00,29.4,48,0.0,7.5,0.0
2026-03-31 20:00:00,28.4,53,0.0,5.2,0.0
2026-03-31 21:00:00,27.7,56,0.0,5.8,0.0
2026-03-31 22:00:00,27.3,58,0.0,5.2,0.0
2026-03-31 23:00:00,27.1,59,0.0,5.7,0.0
2026-04-01 00:00:00,26.5,61,0.0,6.5,0.0
2026-04-01 01:00:00,26.0,63,0.0,5.5,0.0
2026-04-01 02:00:00,25.4,66,0.0,6.4,0.0
2026-04-01 03:00:00,24.7,71,0.0,6.7,0.0
2026-04-01 04:00:00,24.2,77,0.0,4.2,0.0
2026-04-01 05:00:00,23.9,83,0.0,2.3,0.0
2026-04-01 06:00:00,24.5,78,0.0,4.0,3.0
2026-04-01 07:00:00,24.8,78,0.0,5.6,109.0
2026-04-01 08:00:00,26.4,70,0.0,5.0,326.0
2026-04-01 09:00:00,28.7,58,0.0,5.2,554.0
2026-04-01 10:00:00,30.8,47,0.0,5.4,748.0
2026-04-01 11:00:00,31.6,46,0.0,5.6,874.0
2026-04-01 12:00:00,32.0,44,0.0,5.4,789.0
2026-04-01 13:00:00,32.8,37,0.0,5.8,833.0
2026-04-01 14:00:00,33.1,33,0.0,5.4,737.0
2026-04-01 15:00:00,33.4,31,0.0,3.3,624.0
2026-04-01 16:00:00,33.5,30,0.0,4.0,464.0
2026-04-01 17:00:00,33.0,30,0.0,12.3,239.0
2026-04-01 18:00:00,31.9,35,0.0,11.6,53.0
2026-04-01 19:00:00,31.2,39,0.0,9.1,0.0
2026-04-01 20:00:00,30.2,42,0.0,7.3,0.0
2026-04-01 21:00:00,29.3,45,0.0,9.1,0.0
2026-04-01 22:00:00,28.6,46,0.0,10.2,0.0
2026-04-01 23:00:00,27.4,51,0.0,9.5,0.0
2026-04-02 00:00:00,26.4,56,0.0,9.1,0.0
2026-04-02 01:00:00,25.9,57,0.0,6.6,0.0
2026-04-02 02:00:00,25.3,57,0.0,5.7,0.0
2026-04-02 03:00:00,24.9,55,0.0,4.6,0.0
2026-04-02 04:00:00,24.6,54,0.0,4.6,0.0
2026-04-02 05:00:00,23.7,64,0.0,1.9,0.0
2026-04-02 06:00:00,24.1,63,0.0,4.4,3.0
2026-04-02 07:00:00,25.0,57,0.0,4.8,114.0
2026-04-02 08:00:00,26.8,48,0.0,5.5,336.0
2026-04-02 09:00:00,29.0,39,0.0,5.2,566.0
2026-04-02 10:00:00,30.9,33,0.0,6.2,761.0
2026-04-02 11:00:00,31.2,37,0.0,8.0,897.0
2026-04-02 12:00:00,32.0,36,0.0,7.7,949.0
2026-04-02 13:00:00,32.4,35,0.0,6.0,749.0
2026-04-02 14:00:00,33.0,33,0.0,4.9,754.0
2026-04-02 15:00:00,33.5,32,0.0,6.6,647.0
2026-04-02 16:00:00,33.3,32,0.0,9.2,463.0
2026-04-02 17:00:00,32.3,33,0.0,10.4,244.0
2026-04-02 18:00:00,31.5,35,0.0,9.7,53.0
2026-04-02 19:00:00,30.8,36,0.0,8.9,0.0
2026-04-02 20:00:00,30.0,40,0.0,7.4,0.0
2026-04-02 21:00:00,29.4,42,0.0,7.4,0.0
2026-04-02 22:00:00,28.9,43,0.0,5.6,0.0
2026-04-02 23:00:00,28.1,48,0.0,7.9,0.0
2026-04-03 00:00:00,27.6,50,0.0,6.6,0.0
2026-04-03 01:00:00,26.9,53,0.0,6.2,0.0
2026-04-03 02:00:00,26.2,56,0.0,7.3,0.0
2026-04-03 03:00:00,25.4,61,0.0,6.9,0.0
2026-04-03 04:00:00,24.9,65,0.0,6.2,0.0
2026-04-03 05:00:00,24.4,71,0.0,1.1,0.0
2026-04-03 06:00:00,24.9,63,0.0,9.1,4.0
2026-04-03 07:00:00,25.7,59,0.0,5.7,115.0
2026-04-03 08:00:00,27.9,50,0.0,3.4,335.0
2026-04-03 09:00:00,29.9,44,0.0,3.1,565.0
2026-04-03 10:00:00,31.4,39,0.0,4.2,747.0
2026-04-03 11:00:00,32.0,35,0.0,2.9,813.0
2026-04-03 12:00:00,33.3,31,0.0,2.5,825.0
2026-04-03 13:00:00,34.5,27,0.0,4.2,883.0
2026-04-03 14:00:00,34.9,27,0.0,6.6,766.0
2026-04-03 15:00:00,34.9,28,0.0,7.0,681.0
2026-04-03 16:00:00,34.4,29,0.0,7.0,464.0
2026-04-03 17:00:00,34.3,27,0.0,7.5,225.0
2026-04-03 18:00:00,33.4,28,0.0,7.5,50.0
2026-04-03 19:00:00,32.1,32,0.0,7.2,0.0
2026-04-03 20:00:00,31.2,34,0.0,6.1,0.0
2026-04-03 21:00:00,30.7,35,0.0,6.0,0.0
2026-04-03 22:00:00,30.1,35,0.0,4.7,0.0
2026-04-03 23:00:00,29.5,36,0.0,7.6,0.0
2026-04-04 00:00:00,29.1,36,0.0,8.4,0.0
2026-04-04 01:00:00,28.1,41,0.0,7.5,0.0
2026-04-04 02:00:00,27.1,44,0.0,10.5,0.0
2026-04-04 03:00:00,26.9,47,0.0,3.1,0.0
2026-04-04 04:00:00,26.1,51,0.0,5.2,0.0
2026-04-04 05:00:00,26.3,54,0.0,5.5,0.0
2026-04-04 06:00:00,26.3,53,0.0,10.3,3.0
2026-04-04 07:00:00,27.1,52,0.0,6.4,98.0
2026-04-04 08:00:00,28.6,49,0.0,5.3,291.0
2026-04-04 09:00:00,30.7,40,0.0,5.4,555.0
2026-04-04 10:00:00,32.2,34,0.0,4.7,701.0
2026-04-04 11:00:00,31.8,35,0.0,4.1,791.0
2026-04-04 12:00:00,33.3,32,0.0,3.6,828.0
2026-04-04 13:00:00,34.5,29,0.0,3.8,840.0
2026-04-04 14:00:00,34.6,29,0.0,4.7,676.0
2026-04-04 15:00:00,34.4,29,0.0,3.7,584.0
2026-04-04 16:00:00,33.8,30,0.0,3.0,360.0
2026-04-04 17:00:00,33.1,31,0.0,8.8,224.0
2026-04-04 18:00:00,33.0,31,0.1,4.8,45.0
2026-04-04 19:00:00,32.7,31,0.0,4.6,0.0
2026-04-04 20:00:00,32.2,32,0.0,5.7,0.0
2026-04-04 21:00:00,31.1,36,0.0,5.9,0.0
2026-04-04 22:00:00,30.8,37,0.0,2.9,0.0
2026-04-04 23:00:00,29.9,41,0.0,1.7,0.0
2026-04-05 00:00:00,29.7,42,0.0,6.6,0.0
2026-04-05 01:00:00,28.9,45,0.0,4.2,0.0
2026-04-05 02:00:00,28.0,49,0.0,5.5,0.0
2026-04-05 03:00:00,27.3,53,0.0,6.0,0.0
2026-04-05 04:00:00,27.1,53,0.0,4.9,0.0
2026-04-05 05:00:00,27.5,52,0.0,2.8,0.0
2026-04-05 06:00:00,27.4,53,0.0,6.9,4.0
2026-04-05 07:00:00,28.6,46,0.0,0.9,97.0
2026-04-05 08:00:00,30.2,41,0.0,5.1,331.0
2026-04-05 09:00:00,31.0,39,0.0,8.5,530.0
2026-04-05 10:00:00,31.7,37,0.1,6.3,631.0
2026-04-05 11:00:00,31.5,39,0.4,6.5,747.0
2026-04-05 12:00:00,31.9,39,0.8,6.0,747.0
2026-04-05 13:00:00,32.4,39,0.7,5.3,794.0
2026-04-05 14:00:00,32.3,40,0.2,4.0,695.0
2026-04-05 15:00:00,32.3,40,0.1,3.8,532.0
2026-04-05 16:00:00,32.6,38,0.0,4.8,418.0
2026-04-05 17:00:00,33.9,27,0.0,5.4,209.0
2026-04-05 18:00:00,33.4,27,0.0,4.5,50.0
2026-04-05 19:00:00,32.1,31,0.0,5.8,0.0
2026-04-05 20:00:00,31.3,36,0.0,6.2,0.0
2026-04-05 21:00:00,30.4,42,0.0,7.6,0.0
2026-04-05 22:00:00,29.3,47,0.0,6.5,0.0
2026-04-05 23:00:00,29.4,49,0.0,3.2,0.0
2026-04-06 00:00:00,29.1,50,0.0,4.2,0.0
2026-04-06 01:00:00,28.6,52,0.0,4.6,0.0
2026-04-06 02:00:00,27.9,53,0.0,5.4,0.0
2026-04-06 03:00:00,27.3,54,0.0,5.1,0.0
2026-04-06 04:00:00,26.3,58,0.0,5.5,0.0
2026-04-06 05:00:00,25.2,66,0.0,8.2,0.0
2026-04-06 06:00:00,25.1,62,0.0,9.7,5.0
2026-04-06 07:00:00,26.2,48,0.0,8.6,123.0
2026-04-06 08:00:00,28.2,39,0.0,10.1,348.0
2026-04-06 09:00:00,30.2,33,0.0,9.8,577.0
2026-04-06 10:00:00,31.9,30,0.0,8.6,769.0
2026-04-06 11:00:00,32.4,30,0.0,7.8,898.0
2026-04-06 12:00:00,33.8,28,0.0,7.3,941.0
2026-04-06 13:00:00,34.3,26,0.0,9.6,878.0
2026-04-06 14:00:00,34.4,26,0.0,11.1,799.0
2026-04-06 15:00:00,34.3,25,0.0,8.9,636.0
2026-04-06 16:00:00,34.6,24,0.0,8.2,468.0
2026-04-06 17:00:00,34.7,21,0.0,13.1,254.0
2026-04-06 18:00:00,33.8,23,0.0,15.4,57.0
2026-04-06 19:00:00,32.9,25,0.0,13.9,0.0
2026-04-06 20:00:00,31.9,27,0.0,10.1,0.0
2026-04-06 21:00:00,30.8,29,0.0,7.8,0.0
2026-04-06 22:00:00,29.7,30,0.0,7.5,0.0
2026-04-06 23:00:00,29.0,29,0.0,9.4,0.0
2026-04-07 00:00:00,28.5,29,0.0,7.0,0.0
2026-04-07 01:00:00,27.5,30,0.0,6.8,0.0
2026-04-07 02:00:00,27.3,28,0.0,6.7,0.0
2026-04-07 03:00:00,26.3,30,0.0,8.9,0.0
2026-04-07 04:00:00,25.6,33,0.0,7.1,0.0
2026-04-07 05:00:00,24.7,41,0.0,2.2,0.0
2026-04-07 06:00:00,25.3,38,0.0,5.2,5.0
2026-04-07 07:00:00,26.2,36,0.0,4.5,129.0
2026-04-07 08:00:00,28.3,31,0.0,5.2,358.0
2026-04-07 09:00:00,30.9,27,0.0,9.1,590.0
2026-04-07 10:00:00,32.0,25,0.0,10.5,783.0
2026-04-07 11:00:00,32.3,26,0.0,7.6,916.0
2026-04-07 12:00:00,33.7,23,0.0,7.1,977.0
2026-04-07 13:00:00,34.5,21,0.0,8.7,961.0
2026-04-07 14:00:00,34.6,21,0.0,11.6,870.0
2026-04-07 15:00:00,34.0,23,0.0,12.4,711.0
2026-04-07 16:00:00,33.6,24,0.0,9.8,498.0
2026-04-07 17:00:00,33.6,23,0.0,7.3,262.0
2026-04-07 18:00:00,33.3,23,0.0,7.0,59.0
2026-04-07 19:00:00,31.7,28,0.0,10.7,0.0
2026-04-07 20:00:00,31.3,28,0.0,9.1,0.0
2026-04-07 21:00:00,30.9,28,0.0,7.0,0.0
2026-04-07 22:00:00,30.3,29,0.0,5.1,0.0
2026-04-07 23:00:00,29.8,30,0.0,1.4,0.0
2026-04-08 00:00:00,29.2,32,0.0,1.5,0.0
2026-04-08 01:00:00,28.7,32,0.0,3.8,0.0
2026-04-08 02:00:00,27.6,34,0.0,4.4,0.0
2026-04-08 03:00:00,26.8,36,0.0,2.6,0.0
2026-04-08 04:00:00,26.2,37,0.0,4.9,0.0
2026-04-08 05:00:00,25.2,43,0.0,8.7,0.0
2026-04-08 06:00:00,25.8,41,0.0,9.6,6.0
2026-04-08 07:00:00,26.6,40,0.0,8.7,131.0
2026-04-08 08:00:00,28.9,31,0.0,8.9,361.0
2026-04-08 09:00:00,30.9,27,0.0,8.5,592.0
2026-04-08 10:00:00,32.5,24,0.0,7.1,779.0
2026-04-08 11:00:00,33.3,23,0.0,5.2,919.0
2026-04-08 12:00:00,34.8,20,0.0,7.1,981.0
2026-04-08 13:00:00,35.4,19,0.0,9.6,965.0
2026-04-08 14:00:00,35.6,19,0.0,11.2,873.0
2026-04-08 15:00:00,35.2,20,0.0,13.0,713.0
2026-04-08 16:00:00,34.9,21,0.0,10.6,484.0
2026-04-08 17:00:00,34.7,21,0.0,9.7,246.0
2026-04-08 18:00:00,34.4,21,0.0,3.2,57.0
2026-04-08 19:00:00,33.0,24,0.0,5.9,0.0
2026-04-08 20:00:00,31.9,27,0.0,8.0,0.0
2026-04-08 21:00:00,31.4,27,0.0,5.7,0.0
2026-04-08 22:00:00,30.9,27,0.0,7.0,0.0
2026-04-08 23:00:00,29.3,32,0.0,4.3,0.0
2026-04-09 00:00:00,28.4,36,0.0,4.6,0.0
2026-04-09 01:00:00,28.1,36,0.0,6.6,0.0
2026-04-09 02:00:00,27.9,38,0.0,5.0,0.0
2026-04-09 03:00:00,27.6,42,0.0,3.4,0.0
2026-04-09 04:00:00,26.5,45,0.0,7.3,0.0
2026-04-09 05:00:00,26.0,47,0.0,4.7,0.0
2026-04-09 06:00:00,25.9,49,0.0,5.1,6.0
2026-04-09 07:00:00,27.0,45,0.0,4.2,128.0
2026-04-09 08:00:00,29.3,36,0.0,4.9,354.0
2026-04-09 09:00:00,31.4,29,0.0,6.6,584.0
2026-04-09 10:00:00,33.0,25,0.0,6.5,778.0
2026-04-09 11:00:00,33.5,26,0.0,6.3,912.0
2026-04-09 12:00:00,35.1,23,0.0,5.1,970.0
2026-04-09 13:00:00,36.3,20,0.0,8.8,902.0
2026-04-09 14:00:00,36.3,20,0.0,13.9,785.0
2026-04-09 15:00:00,35.9,22,0.0,13.5,611.0
2026-04-09 16:00:00,35.5,22,0.0,15.9,491.0
2026-04-09 17:00:00,34.6,23,0.0,11.5,246.0
2026-04-09 18:00:00,33.9,24,0.0,9.5,59.0
2026-04-09 19:00:00,33.4,26,0.0,7.3,0.0
2026-04-09 20:00:00,32.7,27,0.0,5.8,0.0
2026-04-09 21:00:00,31.8,29,0.0,4.9,0.0
2026-04-09 22:00:00,31.1,31,0.0,5.2,0.0
2026-04-09 23:00:00,30.2,34,0.0,3.3,0.0
2026-04-10 00:00:00,29.8,35,0.0,3.7,0.0
2026-04-10 01:00:00,28.3,39,0.0,9.2,0.0
2026-04-10 02:00:00,27.0,49,0.0,5.7,0.0
2026-04-10 03:00:00,26.3,53,0.0,4.5,0.0
2026-04-10 04:00:00,26.1,55,0.0,2.1,0.0
2026-04-10 05:00:00,25.7,60,0.0,5.8,0.0
2026-04-10 06:00:00,26.2,56,0.0,4.7,7.0
2026-04-10 07:00:00,27.8,46,0.0,3.4,132.0
2026-04-10 08:00:00,30.2,34,0.0,3.7,359.0
2026-04-10 09:00:00,32.1,30,0.0,2.8,588.0
2026-04-10 10:00:00,33.8,27,0.0,2.2,779.0
2026-04-10 11:00:00,34.5,27,0.0,5.2,912.0
2026-04-10 12:00:00,35.8,25,0.0,6.3,970.0
2026-04-10 13:00:00,36.8,23,0.0,9.2,950.0
2026-04-10 14:00:00,36.8,22,0.0,12.2,842.0
2026-04-10 15:00:00,36.4,22,0.0,11.3,680.0
2026-04-10 16:00:00,36.1,21,0.0,10.2,475.0
2026-04-10 17:00:00,35.1,24,0.0,10.1,258.0
2026-04-10 18:00:00,34.5,24,0.0,10.2,59.0
2026-04-10 19:00:00,33.6,26,0.0,8.4,0.0
2026-04-10 20:00:00,32.8,30,0.0,6.9,0.0
2026-04-10 21:00:00,31.8,33,0.0,6.0,0.0
2026-04-10 22:00:00,31.1,34,0.0,5.9,0.0
2026-04-10 23:00:00,30.3,36,0.0,4.2,0.0
2026-04-11 00:00:00,30.0,37,0.0,4.1,0.0
2026-04-11 01:00:00,29.5,38,0.0,1.3,0.0
2026-04-11 02:00:00,28.7,40,0.0,4.2,0.0
2026-04-11 03:00:00,27.8,42,0.0,3.6,0.0
2026-04-11 04:00:00,26.6,51,0.0,4.5,0.0
2026-04-11 05:00:00,26.2,60,0.0,1.5,0.0
2026-04-11 06:00:00,26.7,58,0.0,1.5,7.0
2026-04-11 07:00:00,27.7,58,0.0,1.5,134.0
2026-04-11 08:00:00,29.9,53,0.0,1.1,359.0
2026-04-11 09:00:00,32.2,40,0.0,2.6,585.0
2026-04-11 10:00:00,34.0,31,0.0,2.4,775.0
2026-04-11 11:00:00,34.5,30,0.0,3.1,907.0
2026-04-11 12:00:00,36.5,25,0.0,1.8,926.0
2026-04-11 13:00:00,37.4,23,0.0,2.1,876.0
2026-04-11 14:00:00,37.9,22,0.0,3.5,842.0
2026-04-11 15:00:00,37.6,24,0.0,7.5,690.0
2026-04-11 16:00:00,36.8,24,0.0,9.7,478.0
2026-04-11 17:00:00,36.0,26,0.0,10.7,256.0
2026-04-11 18:00:00,35.2,28,0.0,10.5,58.0
2026-04-11 19:00:00,34.1,31,0.0,9.8,0.0
2026-04-11 20:00:00,33.0,34,0.0,7.9,0.0
2026-04-11 21:00:00,32.1,36,0.0,8.0,0.0
2026-04-11 22:00:00,31.3,36,0.0,6.0,0.0
2026-04-11 23:00:00,30.4,40,0.0,6.2,0.0
2026-04-12 00:00:00,30.3,39,0.0,5.2,0.0
2026-04-12 01:00:00,29.6,41,0.0,3.8,0.0
2026-04-12 02:00:00,28.9,44,0.0,3.0,0.0
2026-04-12 03:00:00,28.5,45,0.0,1.8,0.0
2026-04-12 04:00:00,28.0,47,0.0,0.8,0.0
2026-04-12 05:00:00,27.3,53,0.0,3.7,0.0
2026-04-12 06:00:00,27.4,55,0.0,4.0,8.0
2026-04-12 07:00:00,28.4,53,0.0,2.3,137.0
2026-04-12 08:00:00,30.5,46,0.0,4.4,363.0
2026-04-12 09:00:00,32.9,36,0.0,5.9,591.0
2026-04-12 10:00:00,34.8,30,0.0,6.2,782.0
2026-04-12 11:00:00,35.6,28,0.0,6.7,912.0
2026-04-12 12:00:00,37.2,24,0.0,4.0,969.0
2026-04-12 13:00:00,38.1,21,0.0,4.9,839.0
2026-04-12 14:00:00,38.3,19,0.0,5.6,650.0
2026-04-12 15:00:00,37.5,20,0.0,2.7,381.0
2026-04-12 16:00:00,36.8,21,0.0,1.8,202.0
2026-04-12 17:00:00,36.6,23,0.0,7.3,208.0
2026-04-12 18:00:00,35.5,25,0.0,9.2,56.0
2026-04-12 19:00:00,34.5,29,0.0,10.6,0.0
2026-04-12 20:00:00,33.6,32,0.0,9.6,0.0
2026-04-12 21:00:00,32.2,34,0.0,10.1,0.0
2026-04-12 22:00:00,30.8,41,0.0,12.8,0.0
2026-04-12 23:00:00,29.2,50,0.0,10.7,0.0
2026-04-13 00:00:00,28.8,53,0.0,8.8,0.0
2026-04-13 01:00:00,28.4,53,0.0,8.3,0.0
2026-04-13 02:00:00,28.1,53,0.0,7.5,0.0
2026-04-13 03:00:00,27.7,51,0.0,7.6,0.0
2026-04-13 04:00:00,27.5,50,0.0,7.6,0.0
2026-04-13 05:00:00,27.4,54,0.0,6.6,0.0
2026-04-13 06:00:00,27.7,54,0.0,5.9,8.0
2026-04-13 07:00:00,28.6,51,0.0,6.8,137.0
2026-04-13 08:00:00,30.3,48,0.0,12.0,358.0
2026-04-13 09:00:00,33.0,38,0.0,13.6,583.0
2026-04-13 10:00:00,35.2,31,0.0,12.8,772.0
2026-04-13 11:00:00,35.6,30,0.0,11.8,798.0
2026-04-13 12:00:00,36.6,27,0.0,10.2,883.0
2026-04-13 13:00:00,37.2,26,0.0,9.6,869.0
2026-04-13 14:00:00,37.3,26,0.0,8.9,789.0
2026-04-13 15:00:00,37.4,25,0.0,8.3,643.0
2026-04-13 16:00:00,37.2,25,0.0,9.2,456.0
2026-04-13 17:00:00,37.1,23,0.0,6.5,240.0
2026-04-13 18:00:00,36.4,24,0.0,8.0,57.0
2026-04-13 19:00:00,35.6,26,0.0,8.4,0.0
2026-04-13 20:00:00,34.1,31,0.0,7.7,0.0
2026-04-13 21:00:00,33.0,32,0.0,7.0,0.0
2026-04-13 22:00:00,32.2,30,0.0,11.1,0.0
2026-04-13 23:00:00,30.1,44,0.0,10.5,0.0
2026-04-14 00:00:00,29.3,50,0.0,8.4,0.0
2026-04-14 01:00:00,28.8,51,0.0,6.5,0.0
2026-04-14 02:00:00,28.4,51,0.0,4.6,0.0
2026-04-14 03:00:00,28.0,51,0.0,4.9,0.0
2026-04-14 04:00:00,27.8,51,0.0,4.9,0.0
2026-04-14 05:00:00,27.5,55,0.0,7.9,0.0
2026-04-14 06:00:00,27.9,55,0.0,8.7,9.0
2026-04-14 07:00:00,29.3,50,0.0,8.1,138.0
2026-04-14 08:00:00,31.7,43,0.0,8.3,363.0
2026-04-14 09:00:00,34.1,35,0.0,8.5,589.0
2026-04-14 10:00:00,36.0,29,0.0,7.6,779.0
2026-04-14 11:00:00,36.2,28,0.0,6.8,898.0
2026-04-14 12:00:00,37.4,25,0.0,6.3,880.0
2026-04-14 13:00:00,38.2,23,0.0,8.4,917.0
2026-04-14 14:00:00,38.3,23,0.0,10.4,727.0
2026-04-14 15:00:00,38.4,21,0.0,9.4,583.0
2026-04-14 16:00:00,38.1,22,0.0,9.0,404.0
2026-04-14 17:00:00,37.1,24,0.0,11.0,210.0
2026-04-14 18:00:00,36.0,27,0.0,11.6,50.0
2026-04-14 19:00:00,35.8,27,0.0,8.7,0.0
2026-04-14 20:00:00,34.7,30,0.0,9.1,0.0
2026-04-14 21:00:00,33.4,32,0.0,10.1,0.0
2026-04-14 22:00:00,32.2,33,0.0,11.3,0.0
2026-04-14 23:00:00,30.8,38,0.0,9.6,0.0
2026-04-15 00:00:00,30.2,41,0.0,7.8,0.0
2026-04-15 01:00:00,29.7,43,0.0,5.5,0.0
2026-04-15 02:00:00,29.2,45,0.0,6.1,0.0
2026-04-15 03:00:00,28.6,47,0.0,5.6,0.0
2026-04-15 04:00:00,28.0,49,0.0,5.7,0.0
2026-04-15 05:00:00,27.7,53,0.0,5.4,0.0
2026-04-15 06:00:00,28.1,50,0.0,8.8,9.0
2026-04-15 07:00:00,29.5,43,0.0,6.9,144.0
2026-04-15 08:00:00,31.9,36,0.0,9.9,371.0
2026-04-15 09:00:00,34.1,30,0.0,10.3,598.0
2026-04-15 10:00:00,36.1,23,0.0,10.2,787.0
2026-04-15 11:00:00,36.7,22,0.0,10.3,917.0
2026-04-15 12:00:00,38.0,20,0.0,9.7,975.0
2026-04-15 13:00:00,38.4,20,0.0,10.6,835.0
2026-04-15 14:00:00,38.6,19,0.0,10.2,825.0
2026-04-15 15:00:00,38.6,19,0.0,9.2,663.0
2026-04-15 16:00:00,38.2,19,0.0,10.5,485.0
2026-04-15 17:00:00,37.9,18,0.0,10.8,258.0
2026-04-15 18:00:00,37.5,19,0.0,8.6,62.0
2026-04-15 19:00:00,35.9,23,0.0,6.9,0.0
2026-04-15 20:00:00,34.4,27,0.0,1.2,0.0
2026-04-15 21:00:00,33.7,28,0.0,6.5,0.0
2026-04-15 22:00:00,33.2,29,0.0,6.7,0.0
2026-04-15 23:00:00,31.1,36,0.0,12.4,0.0
2026-04-16 00:00:00,30.3,45,0.0,8.7,0.0
2026-04-16 01:00:00,29.6,51,0.0,6.9,0.0
2026-04-16 02:00:00,28.6,56,0.0,5.2,0.0
2026-04-16 03:00:00,28.3,58,0.0,5.0,0.0
2026-04-16 04:00:00,27.9,59,0.0,4.3,0.0
2026-04-16 05:00:00,27.4,62,0.0,8.8,0.0
2026-04-16 06:00:00,27.9,60,0.0,10.1,10.0
2026-04-16 07:00:00,29.5,51,0.0,8.2,145.0
2026-04-16 08:00:00,31.4,44,0.0,7.9,372.0
2026-04-16 09:00:00,33.4,36,0.0,3.4,595.0
2026-04-16 10:00:00,35.4,30,0.0,4.4,784.0
2026-04-16 11:00:00,36.2,28,0.0,7.8,852.0
2026-04-16 12:00:00,37.4,23,0.0,7.0,888.0
2026-04-16 13:00:00,38.0,21,0.0,6.8,828.0
2026-04-16 14:00:00,38.3,20,0.0,8.1,737.0
2026-04-16 15:00:00,38.4,19,0.0,8.5,612.0
2026-04-16 16:00:00,38.3,19,0.0,10.0,444.0
2026-04-16 17:00:00,37.7,21,0.0,10.7,178.0
2026-04-16 18:00:00,37.1,22,0.0,4.9,38.0
2026-04-16 19:00:00,36.5,23,0.0,8.2,0.0
2026-04-16 20:00:00,34.9,26,0.0,10.0,0.0
2026-04-16 21:00:00,33.6,28,0.0,11.8,0.0
2026-04-16 22:00:00,31.3,39,0.0,11.7,0.0
2026-04-16 23:00:00,30.3,51,0.0,8.4,0.0
2026-04-17 00:00:00,29.8,59,0.0,7.3,0.0
2026-04-17 01:00:00,29.5,62,0.0,7.4,0.0
2026-04-17 02:00:00,29.2,63,0.0,5.7,0.0
2026-04-17 03:00:00,28.8,63,0.0,5.3,0.0
2026-04-17 04:00:00,28.5,64,0.0,5.4,0.0
2026-04-17 05:00:00,27.9,72,0.0,4.6,0.0
2026-04-17 06:00:00,28.3,69,0.0,7.5,9.0
2026-04-17 07:00:00,29.5,62,0.0,6.8,128.0
2026-04-17 08:00:00,32.0,48,0.0,7.1,368.0
2026-04-17 09:00:00,34.6,35,0.0,8.5,593.0
2026-04-17 10:00:00,36.6,26,0.0,7.5,774.0
2026-04-17 11:00:00,36.7,26,0.0,6.0,835.0
2026-04-17 12:00:00,38.0,21,0.0,4.7,818.0
2026-04-17 13:00:00,39.1,18,0.0,5.9,856.0
2026-04-17 14:00:00,39.5,17,0.0,8.0,679.0
2026-04-17 15:00:00,39.0,18,0.0,8.3,472.0
2026-04-17 16:00:00,38.4,19,0.0,7.7,318.0
2026-04-17 17:00:00,38.2,18,0.0,8.4,134.0
2026-04-17 18:00:00,37.3,20,0.0,9.5,34.0
2026-04-17 19:00:00,36.1,23,0.0,8.8,0.0
2026-04-17 20:00:00,35.0,24,0.0,8.6,0.0
2026-04-17 21:00:00,34.1,26,0.0,7.6,0.0
2026-04-17 22:00:00,33.1,29,0.0,7.1,0.0
2026-04-17 23:00:00,32.0,34,0.0,6.7,0.0
2026-04-18 00:00:00,30.9,39,0.0,7.8,0.0
2026-04-18 01:00:00,30.0,44,0.0,7.1,0.0
2026-04-18 02:00:00,29.2,51,0.0,6.3,0.0
2026-04-18 03:00:00,28.3,58,0.0,4.9,0.0
2026-04-18 04:00:00,27.7,62,0.0,5.3,0.0
2026-04-18 05:00:00,27.4,65,0.0,4.9,0.0
2026-04-18 06:00:00,27.4,65,0.0,6.8,11.0
2026-04-18 07:00:00,28.4,60,0.0,5.0,130.0
2026-04-18 08:00:00,31.3,49,0.0,5.2,350.0
2026-04-18 09:00:00,34.0,37,0.0,7.2,567.0
2026-04-18 10:00:00,36.3,28,0.0,5.7,789.0
2026-04-18 11:00:00,36.6,25,0.0,3.1,887.0
2026-04-18 12:00:00,38.0,20,0.0,3.6,781.0
2026-04-18 13:00:00,38.9,19,0.0,4.9,786.0
2026-04-18 14:00:00,39.0,19,0.0,4.4,671.0
2026-04-18 15:00:00,38.9,19,0.0,4.0,602.0
2026-04-18 16:00:00,37.9,21,0.0,6.3,375.0
2026-04-18 17:00:00,37.5,22,0.0,9.2,208.0
2026-04-18 18:00:00,35.9,27,0.0,7.8,56.0
2026-04-18 19:00:00,34.6,32,0.0,7.0,0.0
2026-04-18 20:00:00,33.8,34,0.0,5.7,0.0
2026-04-18 21:00:00,33.1,35,0.0,8.0,0.0
2026-04-18 22:00:00,32.2,36,0.0,8.2,0.0
2026-04-18 23:00:00,31.1,40,0.0,9.9,0.0
2026-04-19 00:00:00,29.3,53,0.0,9.3,0.0
2026-04-19 01:00:00,28.4,61,0.0,7.6,0.0
2026-04-19 02:00:00,27.9,63,0.0,6.1,0.0
2026-04-19 03:00:00,27.5,64,0.0,4.2,0.0
2026-04-19 04:00:00,27.2,64,0.0,3.2,0.0
2026-04-19 05:00:00,26.7,71,0.0,4.3,0.0
2026-04-19 06:00:00,26.6,72,0.0,5.9,12.0
2026-04-19 07:00:00,27.9,65,0.0,3.1,150.0
2026-04-19 08:00:00,30.2,55,0.0,5.1,374.0
2026-04-19 09:00:00,32.5,44,0.0,7.0,597.0
2026-04-19 10:00:00,34.4,38,0.0,7.7,783.0
2026-04-19 11:00:00,35.2,35,0.0,7.1,909.0
2026-04-19 12:00:00,36.9,28,0.0,5.1,951.0
2026-04-19 13:00:00,37.7,24,0.0,4.2,872.0
2026-04-19 14:00:00,38.1,22,0.0,5.4,702.0
2026-04-19 15:00:00,38.3,22,0.0,5.2,561.0
2026-04-19 16:00:00,37.6,22,0.0,7.5,379.0
2026-04-19 17:00:00,36.7,24,0.0,9.4,195.0
2026-04-19 18:00:00,35.5,26,0.0,5.2,48.0
2026-04-19 19:00:00,34.7,30,0.0,7.9,0.0
2026-04-19 20:00:00,34.2,31,0.0,4.3,0.0
2026-04-19 21:00:00,33.1,33,0.0,7.1,0.0
2026-04-19 22:00:00,31.8,36,0.0,6.4,0.0
2026-04-19 23:00:00,29.8,39,0.0,8.5,0.0
2026-04-20 00:00:00,29.5,40,0.0,6.4,0.0
2026-04-20 01:00:00,29.2,40,0.0,7.2,0.0
2026-04-20 02:00:00,28.8,41,0.0,8.9,0.0
2026-04-20 03:00:00,28.4,39,0.0,11.4,0.0
2026-04-20 04:00:00,27.8,39,0.0,10.7,0.0
2026-04-20 05:00:00,26.6,55,0.0,7.1,0.0
2026-04-20 06:00:00,26.9,53,0.0,4.9,8.0
2026-04-20 07:00:00,27.9,48,0.0,2.5,95.0
2026-04-20 08:00:00,29.9,41,0.0,4.6,318.0
2026-04-20 09:00:00,32.1,34,0.0,6.1,599.0
2026-04-20 10:00:00,34.4,28,0.0,6.1,784.0
2026-04-20 11:00:00,35.1,28,0.0,8.3,912.0
2026-04-20 12:00:00,36.6,24,0.0,8.8,969.0
2026-04-20 13:00:00,36.8,23,0.0,8.9,713.0
2026-04-20 14:00:00,37.1,22,0.0,6.6,635.0
2026-04-20 15:00:00,37.1,23,0.0,7.5,607.0
2026-04-20 16:00:00,36.8,23,0.0,8.8,437.0
2026-04-20 17:00:00,36.2,21,0.0,10.1,195.0
2026-04-20 18:00:00,35.7,23,0.0,10.2,38.0
2026-04-20 19:00:00,34.8,26,0.0,10.3,0.0
2026-04-20 20:00:00,33.9,28,0.0,9.0,0.0
2026-04-20 21:00:00,32.9,31,0.0,8.9,0.0
2026-04-20 22:00:00,31.7,37,0.0,6.8,0.0
2026-04-20 23:00:00,30.9,41,0.0,7.0,0.0
2026-04-21 00:00:00,30.5,42,0.0,7.5,0.0
2026-04-21 01:00:00,30.2,44,0.0,5.5,0.0
2026-04-21 02:00:00,29.4,46,0.0,5.4,0.0
2026-04-21 03:00:00,28.8,51,0.0,6.1,0.0
2026-04-21 04:00:00,28.2,57,0.0,3.5,0.0
2026-04-21 05:00:00,27.3,67,0.0,4.8,0.0
2026-04-21 06:00:00,27.4,65,0.0,5.2,8.0
2026-04-21 07:00:00,28.4,60,0.0,4.6,125.0
2026-04-21 08:00:00,30.4,50,0.0,5.1,361.0
2026-04-21 09:00:00,33.5,33,0.0,7.7,593.0
2026-04-21 10:00:00,35.0,27,0.0,9.1,779.0
2026-04-21 11:00:00,34.9,28,0.0,6.6,640.0
2026-04-21 12:00:00,36.1,26,0.0,6.3,912.0
2026-04-21 13:00:00,36.6,25,0.0,4.6,796.0
2026-04-21 14:00:00,36.6,25,0.0,4.8,650.0
2026-04-21 15:00:00,36.2,25,0.0,8.5,554.0
2026-04-21 16:00:00,36.1,25,0.0,7.2,418.0
2026-04-21 17:00:00,34.9,26,0.0,6.8,230.0
2026-04-21 18:00:00,35.0,26,0.0,4.9,24.0
2026-04-21 19:00:00,34.2,27,0.0,2.4,0.0
2026-04-21 20:00:00,32.3,37,0.0,13.7,0.0
2026-04-21 21:00:00,28.7,55,0.0,10.7,0.0
2026-04-21 22:00:00,28.4,55,0.0,9.4,0.0
2026-04-21 23:00:00,27.9,57,0.2,6.7,0.0
2026-04-22 00:00:00,28.3,55,0.0,6.0,0.0
2026-04-22 01:00:00,27.7,60,0.0,6.9,0.0
2026-04-22 02:00:00,27.1,63,0.0,6.9,0.0
2026-04-22 03:00:00,26.4,64,0.0,5.9,0.0
2026-04-22 04:00:00,26.3,63,0.0,7.3,0.0
2026-04-22 05:00:00,26.5,59,0.0,1.1,0.0
2026-04-22 06:00:00,27.3,54,0.0,3.3,13.0
2026-04-22 07:00:00,28.6,43,0.0,6.0,146.0
2026-04-22 08:00:00,30.8,32,0.0,5.4,329.0
2026-04-22 09:00:00,33.8,22,0.0,4.8,601.0
2026-04-22 10:00:00,35.7,20,0.0,2.9,787.0
2026-04-22 11:00:00,34.6,29,0.0,5.5,913.0
2026-04-22 12:00:00,36.2,26,0.0,3.3,896.0
2026-04-22 13:00:00,37.2,22,0.0,3.0,859.0
2026-04-22 14:00:00,37.3,22,0.0,5.5,647.0
2026-04-22 15:00:00,37.2,22,0.0,6.4,590.0
2026-04-22 16:00:00,36.5,22,0.0,10.0,407.0
2026-04-22 17:00:00,37.8,18,0.0,10.0,185.0
2026-04-22 18:00:00,33.1,33,0.0,11.6,52.0
2026-04-22 19:00:00,33.5,32,0.0,4.4,0.0
2026-04-22 20:00:00,33.0,33,0.0,5.0,0.0
2026-04-22 21:00:00,32.5,36,0.0,6.3,0.0
2026-04-22 22:00:00,31.4,37,0.0,7.5,0.0
2026-04-22 23:00:00,30.2,43,0.0,7.3,0.0
2026-04-23 00:00:00,29.8,46,0.0,6.9,0.0
2026-04-23 01:00:00,29.1,49,0.0,7.4,0.0
2026-04-23 02:00:00,28.4,51,0.0,5.6,0.0
2026-04-23 03:00:00,27.9,54,0.0,4.2,0.0
2026-04-23 04:00:00,27.7,55,0.0,5.1,0.0
2026-04-23 05:00:00,26.9,67,0.0,2.5,0.0
2026-04-23 06:00:00,27.6,58,0.0,3.1,12.0
2026-04-23 07:00:00,28.5,56,0.0,2.2,146.0
2026-04-23 08:00:00,30.9,46,0.0,2.9,381.0
2026-04-23 09:00:00,33.5,36,0.0,3.4,586.0
2026-04-23 10:00:00,35.5,29,0.0,3.1,756.0
2026-04-23 11:00:00,36.1,26,0.0,3.6,906.0
2026-04-23 12:00:00,37.1,21,0.0,2.4,758.0
2026-04-23 13:00:00,37.3,20,0.0,7.0,775.0
2026-04-23 14:00:00,36.2,24,0.0,11.3,770.0
2026-04-23 15:00:00,36.2,23,0.0,9.6,549.0
2026-04-23 16:00:00,36.0,23,0.0,9.4,414.0
2026-04-23 17:00:00,36.0,20,0.0,8.6,247.0
2026-04-23 18:00:00,35.4,21,0.0,7.4,62.0
2026-04-23 19:00:00,34.2,25,0.0,5.6,0.0
2026-04-23 20:00:00,33.2,27,0.0,3.4,0.0
2026-04-23 21:00:00,32.6,29,0.0,5.0,0.0
2026-04-23 22:00:00,31.7,32,0.0,4.7,0.0
2026-04-23 23:00:00,30.6,37,0.0,5.2,0.0
2026-04-24 00:00:00,29.2,43,0.0,5.6,0.0
2026-04-24 01:00:00,28.2,48,0.0,5.4,0.0
2026-04-24 02:00:00,27.7,49,0.0,4.2,0.0
2026-04-24 03:00:00,26.9,53,0.0,6.5,0.0
2026-04-24 04:00:00,27.2,51,0.0,7.6,0.0
2026-04-24 05:00:00,26.4,56,0.0,5.6,0.0
2026-04-24 06:00:00,26.9,57,0.0,2.7,14.0
2026-04-24 07:00:00,28.5,51,0.0,3.8,153.0
2026-04-24 08:00:00,31.5,38,0.0,6.3,371.0
2026-04-24 09:00:00,33.4,31,0.0,9.1,601.0
2026-04-24 10:00:00,35.3,26,0.0,6.1,784.0
2026-04-24 11:00:00,35.8,25,0.0,1.3,908.0
2026-04-24 12:00:00,37.1,24,0.0,3.3,926.0
2026-04-24 13:00:00,37.7,23,0.0,7.3,908.0
2026-04-24 14:00:00,35.2,29,0.0,8.8,780.0
2026-04-24 15:00:00,36.1,24,0.0,4.7,575.0
2026-04-24 16:00:00,36.4,23,0.0,6.2,409.0
2026-04-24 17:00:00,36.2,21,0.0,8.2,240.0
2026-04-24 18:00:00,35.4,23,0.0,8.8,64.0
2026-04-24 19:00:00,34.3,26,0.0,6.2,0.0
2026-04-24 20:00:00,33.6,28,0.0,4.7,0.0
2026-04-24 21:00:00,32.6,31,0.0,7.6,0.0
2026-04-24 22:00:00,31.9,33,0.0,8.2,0.0
2026-04-24 23:00:00,31.3,36,0.0,6.9,0.0
2026-04-25 00:00:00,30.3,38,0.0,7.4,0.0
2026-04-25 01:00:00,29.6,41,0.0,7.7,0.0
2026-04-25 02:00:00,28.7,45,0.0,6.6,0.0
2026-04-25 03:00:00,28.3,47,0.0,5.6,0.0
2026-04-25 04:00:00,27.8,50,0.0,4.7,0.0
2026-04-25 05:00:00,26.9,62,0.0,3.0,0.0
2026-04-25 06:00:00,27.2,63,0.0,5.5,15.0
2026-04-25 07:00:00,28.7,55,0.0,3.1,161.0
2026-04-25 08:00:00,31.5,43,0.0,3.3,385.0
2026-04-25 09:00:00,33.9,34,0.0,3.9,600.0
2026-04-25 10:00:00,35.6,28,0.0,3.1,750.0
2026-04-25 11:00:00,36.1,27,0.0,4.0,846.0
2026-04-25 12:00:00,37.6,22,0.0,1.5,923.0
2026-04-25 13:00:00,37.9,21,0.0,1.1,663.0
2026-04-25 14:00:00,38.0,20,0.0,4.4,611.0
2026-04-25 15:00:00,38.2,20,0.0,6.7,580.0
2026-04-25 16:00:00,38.0,20,0.0,9.9,467.0
2026-04-25 17:00:00,36.9,21,0.0,11.4,207.0
2026-04-25 18:00:00,36.1,22,0.0,10.4,59.0
2026-04-25 19:00:00,35.2,24,0.0,8.6,0.0
2026-04-25 20:00:00,33.7,29,0.0,7.6,0.0
2026-04-25 21:00:00,32.9,31,0.0,6.8,0.0
2026-04-25 22:00:00,32.1,33,0.0,6.7,0.0
2026-04-25 23:00:00,32.0,35,0.0,6.6,0.0
2026-04-26 00:00:00,31.4,38,0.0,8.6,0.0
2026-04-26 01:00:00,29.9,50,0.0,8.8,0.0
2026-04-26 02:00:00,29.0,57,0.0,7.5,0.0
2026-04-26 03:00:00,28.5,60,0.0,6.2,0.0
2026-04-26 04:00:00,28.2,60,0.0,4.4,0.0
2026-04-26 05:00:00,27.9,62,0.0,5.4,0.0
2026-04-26 06:00:00,28.4,58,0.0,4.7,14.0
2026-04-26 07:00:00,29.7,52,0.0,3.5,146.0
2026-04-26 08:00:00,32.2,43,0.0,5.5,380.0
2026-04-26 09:00:00,34.5,34,0.0,8.1,593.0
2026-04-26 10:00:00,36.2,29,0.0,8.4,760.0
2026-04-26 11:00:00,36.2,29,0.0,8.3,909.0
2026-04-26 12:00:00,37.6,26,0.0,8.2,945.0
2026-04-26 13:00:00,37.6,25,0.0,10.7,909.0
2026-04-26 14:00:00,36.8,25,0.0,8.4,514.0
2026-04-26 15:00:00,37.7,24,0.0,6.7,638.0
2026-04-26 16:00:00,37.6,23,0.0,7.4,391.0
2026-04-26 17:00:00,37.0,23,0.0,11.7,203.0
2026-04-26 18:00:00,36.0,24,0.0,12.9,54.0
2026-04-26 19:00:00,36.1,24,0.0,9.4,0.0
2026-04-26 20:00:00,35.4,25,0.0,6.3,0.0
2026-04-26 21:00:00,33.6,29,0.0,6.6,0.0
2026-04-26 22:00:00,32.6,32,0.0,4.0,0.0
2026-04-26 23:00:00,32.0,34,0.0,7.1,0.0
2026-04-27 00:00:00,31.5,35,0.0,6.5,0.0
2026-04-27 01:00:00,30.2,38,0.0,6.5,0.0
2026-04-27 02:00:00,29.0,48,0.0,5.0,0.0
2026-04-27 03:00:00,28.5,54,0.0,6.6,0.0
2026-04-27 04:00:00,28.0,58,0.0,5.2,0.0
2026-04-27 05:00:00,27.6,59,0.0,7.9,0.0
2026-04-27 06:00:00,27.7,56,0.0,10.2,16.0
2026-04-27 07:00:00,28.9,55,0.0,8.2,147.0
2026-04-27 08:00:00,31.6,45,0.0,9.2,380.0
2026-04-27 09:00:00,34.5,34,0.0,11.4,602.0
2026-04-27 10:00:00,36.5,27,0.0,11.8,788.0
2026-04-27 11:00:00,36.8,27,0.0,9.8,914.0
2026-04-27 12:00:00,38.3,24,0.0,9.3,963.0
2026-04-27 13:00:00,39.1,22,0.0,8.3,894.0
2026-04-27 14:00:00,39.1,21,0.0,7.7,793.0
2026-04-27 15:00:00,38.7,21,0.0,7.9,566.0
2026-04-27 16:00:00,38.5,20,0.0,9.6,395.0
2026-04-27 17:00:00,37.6,22,0.0,10.9,226.0
2026-04-27 18:00:00,36.7,24,0.0,11.6,58.0
2026-04-27 19:00:00,34.6,30,0.0,11.4,0.0
2026-04-27 20:00:00,34.2,30,0.0,8.6,0.0
2026-04-27 21:00:00,34.2,30,0.0,8.9,0.0
2026-04-27 22:00:00,34.0,29,0.0,8.5,0.0
2026-04-27 23:00:00,32.8,33,0.0,5.3,0.0
2026-04-28 00:00:00,31.9,35,0.0,5.5,0.0
2026-04-28 01:00:00,30.8,38,0.0,7.2,0.0
2026-04-28 02:00:00,29.4,45,0.0,6.4,0.0
2026-04-28 03:00:00,28.7,51,0.0,2.6,0.0
2026-04-28 04:00:00,28.3,55,0.0,1.6,0.0
2026-04-28 05:00:00,27.3,68,0.0,5.2,0.0
2026-04-28 06:00:00,27.9,60,0.0,4.5,16.0
2026-04-28 07:00:00,29.3,48,0.0,4.3,130.0
2026-04-28 08:00:00,31.3,41,0.0,4.1,265.0
2026-04-28 09:00:00,34.2,34,0.0,5.7,583.0
2026-04-28 10:00:00,36.4,28,0.0,7.6,759.0
2026-04-28 11:00:00,36.3,30,0.0,8.4,895.0
2026-04-28 12:00:00,37.4,26,0.0,7.0,843.0
2026-04-28 13:00:00,38.8,20,0.0,5.4,873.0
2026-04-28 14:00:00,39.3,18,0.0,7.3,817.0
2026-04-28 15:00:00,39.1,18,0.0,10.5,572.0
2026-04-28 16:00:00,38.6,19,0.0,11.2,451.0
2026-04-28 17:00:00,38.9,16,0.0,7.0,238.0
2026-04-28 18:00:00,36.3,26,0.0,12.2,49.0
2026-04-28 19:00:00,33.8,38,0.0,8.0,0.0
2026-04-28 20:00:00,33.2,41,0.0,10.7,0.0
2026-04-28 21:00:00,32.3,44,0.0,8.0,0.0
2026-04-28 22:00:00,31.7,46,0.0,9.5,0.0
2026-04-28 23:00:00,29.9,47,0.0,8.4,0.0
2026-04-29 00:00:00,29.7,45,0.0,6.4,0.0
2026-04-29 01:00:00,29.2,45,0.0,8.5,0.0
2026-04-29 02:00:00,29.1,45,0.0,7.0,0.0
2026-04-29 03:00:00,28.6,47,0.0,6.9,0.0
2026-04-29 04:00:00,28.1,48,0.0,7.6,0.0
2026-04-29 05:00:00,28.0,51,0.0,8.2,0.0
2026-04-29 06:00:00,28.1,49,0.0,7.3,12.0
2026-04-29 07:00:00,29.1,47,0.0,7.5,103.0
2026-04-29 08:00:00,31.7,41,0.0,7.8,373.0
2026-04-29 09:00:00,34.4,33,0.0,9.1,613.0
2026-04-29 10:00:00,36.5,27,0.0,8.6,795.0
2026-04-29 11:00:00,35.5,28,0.0,6.6,908.0
2026-04-29 12:00:00,37.5,23,0.0,5.3,971.0
2026-04-29 13:00:00,38.5,20,0.0,4.9,884.0
2026-04-29 14:00:00,39.2,18,0.0,6.0,817.0
2026-04-29 15:00:00,39.4,18,0.0,7.4,678.0
2026-04-29 16:00:00,39.0,18,0.0,8.7,477.0
2026-04-29 17:00:00,38.1,19,0.0,2.7,245.0
2026-04-29 18:00:00,37.2,21,0.0,3.1,57.0
2026-04-29 19:00:00,35.9,25,0.0,10.4,0.0
2026-04-29 20:00:00,34.3,29,0.0,9.7,0.0
2026-04-29 21:00:00,33.3,32,0.0,8.0,0.0
2026-04-29 22:00:00,32.6,33,0.0,6.3,0.0
2026-04-29 23:00:00,31.9,36,0.0,5.7,0.0
2026-04-30 00:00:00,31.3,38,0.0,8.1,0.0
2026-04-30 01:00:00,30.6,39,0.0,7.3,0.0
2026-04-30 02:00:00,30.4,39,0.0,7.8,0.0
2026-04-30 03:00:00,30.5,39,0.0,11.8,0.0
2026-04-30 04:00:00,30.0,40,0.0,10.8,0.0
2026-04-30 05:00:00,29.1,45,0.0,7.9,0.0
2026-04-30 06:00:00,29.3,46,0.0,6.2,18.0
2026-04-30 07:00:00,30.1,45,0.0,6.2,168.0
2026-04-30 08:00:00,32.3,39,0.0,7.5,393.0
2026-04-30 09:00:00,35.2,24,0.0,10.8,615.0
2026-04-30 10:00:00,36.9,19,0.0,9.1,799.0
2026-04-30 11:00:00,36.5,20,0.0,9.0,924.0
2026-04-30 12:00:00,37.8,19,0.0,9.4,978.0
2026-04-30 13:00:00,38.5,18,0.0,10.6,957.0
2026-04-30 14:00:00,38.8,16,0.0,11.9,863.0
2026-04-30 15:00:00,38.9,15,0.0,12.3,706.0
2026-04-30 16:00:00,38.5,16,0.0,8.8,501.0
2026-04-30 17:00:00,38.2,16,0.0,7.4,270.0
2026-04-30 18:00:00,38.1,16,0.0,5.3,69.0
2026-04-30 19:00:00,36.5,17,0.0,3.4,0.0
2026-04-30 20:00:00,35.5,19,0.0,1.6,0.0
2026-04-30 21:00:00,34.2,22,0.0,6.7,0.0
2026-04-30 22:00:00,33.6,24,0.0,4.0,0.0
2026-04-30 23:00:00,31.8,30,0.0,8.1,0.0
2026-05-01 00:00:00,31.3,32,0.0,8.8,0.0
2026-05-01 01:00:00,31.4,30,0.0,10.6,0.0
2026-05-01 02:00:00,31.4,27,0.0,10.4,0.0
2026-05-01 03:00:00,29.8,30,0.0,6.9,0.0
2026-05-01 04:00:00,28.5,34,0.0,6.4,0.0
2026-05-01 05:00:00,27.3,50,0.0,9.3,0.0
2026-05-01 06:00:00,28.1,41,0.0,8.1,19.0
2026-05-01 07:00:00,29.3,34,0.0,7.1,171.0
2026-05-01 08:00:00,31.1,31,0.0,9.9,398.0
2026-05-01 09:00:00,33.3,25,0.0,12.8,621.0
2026-05-01 10:00:00,34.9,21,0.0,13.2,806.0
2026-05-01 11:00:00,34.2,23,0.0,12.6,933.0
2026-05-01 12:00:00,35.7,20,0.0,12.1,986.0
2026-05-01 13:00:00,36.5,20,0.0,12.3,966.0
2026-05-01 14:00:00,37.0,21,0.0,12.2,870.0
2026-05-01 15:00:00,37.7,20,0.0,10.7,708.0
2026-05-01 16:00:00,37.9,18,0.0,10.9,499.0
2026-05-01 17:00:00,37.6,18,0.0,13.8,269.0
2026-05-01 18:00:00,37.1,18,0.0,10.3,64.0
2026-05-01 19:00:00,35.8,20,0.0,6.5,0.0
2026-05-01 20:00:00,34.7,22,0.0,4.5,0.0
2026-05-01 21:00:00,33.3,26,0.0,5.3,0.0
2026-05-01 22:00:00,31.9,30,0.0,6.3,0.0
2026-05-01 23:00:00,30.3,35,0.0,6.4,0.0
2026-05-02 00:00:00,29.6,39,0.0,7.5,0.0
2026-05-02 01:00:00,29.4,39,0.0,8.6,0.0
2026-05-02 02:00:00,29.6,30,0.0,10.4,0.0
2026-05-02 03:00:00,29.4,29,0.0,13.2,0.0
2026-05-02 04:00:00,28.7,33,0.0,11.1,0.0
2026-05-02 05:00:00,28.2,39,0.0,9.3,0.0
2026-05-02 06:00:00,28.9,39,0.0,8.5,19.0
2026-05-02 07:00:00,30.1,37,0.0,8.9,173.0
2026-05-02 08:00:00,32.1,33,0.0,11.1,399.0
2026-05-02 09:00:00,34.1,28,0.0,10.9,620.0
2026-05-02 10:00:00,36.1,24,0.0,9.5,802.0
2026-05-02 11:00:00,36.5,21,0.0,7.7,905.0
2026-05-02 12:00:00,37.8,19,0.0,7.0,907.0
2026-05-02 13:00:00,38.4,18,0.0,7.5,874.0
2026-05-02 14:00:00,38.8,16,0.0,9.5,839.0
2026-05-02 15:00:00,38.9,16,0.0,11.9,697.0
2026-05-02 16:00:00,38.5,15,0.0,12.7,500.0
2026-05-02 17:00:00,37.6,17,0.0,9.6,261.0
2026-05-02 18:00:00,37.7,17,0.0,5.5,68.0
2026-05-02 19:00:00,36.9,18,0.0,6.4,0.0
2026-05-02 20:00:00,35.7,20,0.0,2.6,0.0
2026-05-02 21:00:00,34.7,22,0.0,5.8,0.0
2026-05-02 22:00:00,34.1,23,0.0,5.2,0.0
2026-05-02 23:00:00,32.3,29,0.0,12.5,0.0
2026-05-03 00:00:00,32.2,28,0.0,13.2,0.0
2026-05-03 01:00:00,31.6,28,0.0,11.5,0.0
2026-05-03 02:00:00,30.5,29,0.0,12.6,0.0
2026-05-03 03:00:00,29.7,29,0.0,13.7,0.0
2026-05-03 04:00:00,29.2,27,0.0,11.5,0.0
2026-05-03 05:00:00,28.8,35,0.0,6.5,0.0
2026-05-03 06:00:00,29.2,34,0.0,3.6,20.0
2026-05-03 07:00:00,30.5,30,0.0,5.3,174.0
2026-05-03 08:00:00,32.5,26,0.0,8.9,400.0
2026-05-03 09:00:00,34.9,22,0.0,10.9,620.0
2026-05-03 10:00:00,36.5,21,0.0,11.2,802.0
2026-05-03 11:00:00,36.2,22,0.0,9.4,925.0
2026-05-03 12:00:00,37.6,20,0.0,9.3,967.0
2026-05-03 13:00:00,38.2,18,0.0,9.5,849.0
2026-05-03 14:00:00,38.7,17,0.0,8.7,830.0
2026-05-03 15:00:00,38.8,17,0.0,7.3,646.0
2026-05-03 16:00:00,38.2,17,0.0,7.3,432.0
2026-05-03 17:00:00,37.3,18,0.0,9.9,245.0
2026-05-03 18:00:00,37.4,18,0.0,5.2,70.0
2026-05-03 19:00:00,36.9,18,0.0,6.9,0.0
2026-05-03 20:00:00,34.4,28,0.0,13.5,0.0
2026-05-03 21:00:00,31.4,42,0.0,9.1,0.0
2026-05-03 22:00:00,30.5,45,0.0,7.1,0.0
2026-05-03 23:00:00,28.7,51,0.0,9.9,0.0
2026-05-04 00:00:00,28.1,51,0.0,9.3,0.0
2026-05-04 01:00:00,27.6,53,0.0,7.3,0.0
2026-05-04 02:00:00,27.4,54,0.0,6.8,0.0
2026-05-04 03:00:00,27.0,56,0.0,5.8,0.0
2026-05-04 04:00:00,26.6,58,0.0,3.1,0.0
2026-05-04 05:00:00,26.1,63,0.0,3.4,0.0
2026-05-04 06:00:00,26.5,58,0.0,2.7,21.0
2026-05-04 07:00:00,27.6,51,0.0,3.6,177.0
2026-05-04 08:00:00,30.3,38,0.0,4.2,403.0
2026-05-04 09:00:00,33.4,24,0.0,8.3,625.0
2026-05-04 10:00:00,35.4,17,0.0,9.7,810.0
2026-05-04 11:00:00,35.5,18,0.0,8.0,936.0
2026-05-04 12:00:00,37.0,16,0.0,6.5,987.0
2026-05-04 13:00:00,37.8,15,0.0,6.5,965.0
2026-05-04 14:00:00,38.3,14,0.0,7.3,871.0
2026-05-04 15:00:00,38.8,13,0.0,10.8,712.0
2026-05-04 16:00:00,37.8,14,0.0,12.4,405.0
2026-05-04 17:00:00,37.6,13,0.0,11.1,275.0
2026-05-04 18:00:00,37.3,13,0.0,5.8,69.0
2026-05-04 19:00:00,36.2,14,0.0,5.9,0.0
2026-05-04 20:00:00,34.6,19,0.0,7.9,0.0
2026-05-04 21:00:00,33.3,23,0.0,9.3,0.0
2026-05-04 22:00:00,31.7,28,0.0,12.2,0.0
2026-05-04 23:00:00,30.4,42,0.0,9.5,0.0
2026-05-05 00:00:00,30.2,46,0.0,8.9,0.0
2026-05-05 01:00:00,29.1,55,0.0,7.7,0.0
2026-05-05 02:00:00,28.1,63,0.0,9.8,0.0
2026-05-05 03:00:00,27.5,65,0.0,9.8,0.0
2026-05-05 04:00:00,26.9,67,0.0,8.5,0.0
2026-05-05 05:00:00,26.1,74,0.0,3.6,0.0
2026-05-05 06:00:00,26.2,74,0.0,6.1,21.0
2026-05-05 07:00:00,27.7,63,0.0,2.8,177.0
2026-05-05 08:00:00,30.1,48,0.0,5.6,404.0
2026-05-05 09:00:00,32.7,33,0.0,6.5,625.0
2026-05-05 10:00:00,34.3,28,0.0,5.7,806.0
2026-05-05 11:00:00,35.1,26,0.0,4.6,928.0
2026-05-05 12:00:00,36.8,20,0.0,3.4,899.0
2026-05-05 13:00:00,37.8,18,0.0,3.2,887.0
2026-05-05 14:00:00,37.9,17,0.0,2.2,727.0
2026-05-05 15:00:00,38.2,16,0.0,3.6,627.0
2026-05-05 16:00:00,37.8,16,0.0,3.7,442.0
2026-05-05 17:00:00,37.7,13,0.0,5.9,221.0
2026-05-05 18:00:00,36.0,19,0.0,10.7,49.0
2026-05-05 19:00:00,34.7,24,0.0,11.8,0.0
2026-05-05 20:00:00,31.5,34,0.0,13.6,0.0
2026-05-05 21:00:00,30.0,41,0.0,12.1,0.0
2026-05-05 22:00:00,29.8,42,0.0,6.0,0.0
2026-05-05 23:00:00,28.8,45,0.0,2.0,0.0
2026-05-06 00:00:00,28.7,46,0.0,3.0,0.0
2026-05-06 01:00:00,28.2,49,0.0,8.0,0.0
2026-05-06 02:00:00,27.4,53,0.0,8.8,0.0
2026-05-06 03:00:00,26.5,58,0.0,7.7,0.0
2026-05-06 04:00:00,25.6,65,0.0,8.1,0.0
2026-05-06 05:00:00,25.5,84,0.0,14.2,0.0
2026-05-06 06:00:00,25.8,82,0.0,11.2,4.0
2026-05-06 07:00:00,26.4,78,0.0,10.2,69.0
2026-05-06 08:00:00,27.6,71,0.0,9.5,250.0
2026-05-06 09:00:00,29.8,59,0.0,6.5,556.0
2026-05-06 10:00:00,32.1,45,0.0,4.5,782.0
2026-05-06 11:00:00,32.2,43,0.0,2.5,848.0
2026-05-06 12:00:00,34.1,35,0.0,3.9,843.0
2026-05-06 13:00:00,35.3,30,0.0,6.6,876.0
2026-05-06 14:00:00,35.8,27,0.0,7.5,802.0
2026-05-06 15:00:00,35.6,27,0.0,7.9,605.0
2026-05-06 16:00:00,35.3,27,0.0,7.7,429.0
2026-05-06 17:00:00,34.8,26,0.0,9.0,248.0
2026-05-06 18:00:00,34.1,28,0.0,10.0,58.0
2026-05-06 19:00:00,33.4,30,0.0,9.9,0.0
2026-05-06 20:00:00,32.5,34,0.0,9.7,0.0
2026-05-06 21:00:00,31.4,37,0.0,10.5,0.0
2026-05-06 22:00:00,30.2,44,0.0,10.4,0.0
2026-05-06 23:00:00,29.4,50,0.0,8.6,0.0
2026-05-07 00:00:00,28.8,54,0.0,9.1,0.0
2026-05-07 01:00:00,28.1,58,0.0,8.6,0.0
2026-05-07 02:00:00,27.3,64,0.0,8.6,0.0
2026-05-07 03:00:00,26.6,69,0.0,7.1,0.0
2026-05-07 04:00:00,26.1,71,0.0,7.7,0.0
2026-05-07 05:00:00,25.7,75,0.0,6.5,0.0
2026-05-07 06:00:00,26.0,74,0.0,5.8,22.0
2026-05-07 07:00:00,26.8,71,0.0,6.2,176.0
2026-05-07 08:00:00,28.4,63,0.0,7.4,359.0
2026-05-07 09:00:00,30.3,54,0.0,8.4,527.0
2026-05-07 10:00:00,31.9,45,0.0,8.7,673.0
2026-05-07 11:00:00,32.9,40,0.0,7.9,809.0
2026-05-07 12:00:00,34.4,36,0.0,6.2,822.0
2026-05-07 13:00:00,35.2,32,0.0,6.1,814.0
2026-05-07 14:00:00,34.1,33,0.0,11.1,605.0
2026-05-07 15:00:00,33.3,34,0.1,4.1,430.0
2026-05-07 16:00:00,34.4,30,0.0,3.1,398.0
2026-05-07 17:00:00,33.4,32,0.0,9.9,243.0
2026-05-07 18:00:00,32.6,36,0.1,11.4,53.0
2026-05-07 19:00:00,32.2,37,0.0,8.0,0.0
2026-05-07 20:00:00,32.6,36,0.0,6.0,0.0
2026-05-07 21:00:00,31.8,38,0.0,7.7,0.0
2026-05-07 22:00:00,30.0,45,0.0,10.8,0.0
2026-05-07 23:00:00,28.2,53,0.0,9.3,0.0
2026-05-08 00:00:00,27.5,57,0.0,7.4,0.0
2026-05-08 01:00:00,26.9,59,0.0,8.9,0.0
2026-05-08 02:00:00,26.4,62,0.0,6.7,0.0
2026-05-08 03:00:00,26.2,64,0.0,2.9,0.0
2026-05-08 04:00:00,25.4,68,0.0,11.2,0.0
2026-05-08 05:00:00,26.2,73,0.0,9.3,0.0
2026-05-08 06:00:00,26.4,72,0.0,7.4,15.0
2026-05-08 07:00:00,27.0,67,0.0,6.8,107.0
2026-05-08 08:00:00,28.3,59,0.0,6.7,235.0
2026-05-08 09:00:00,29.8,51,0.0,6.0,388.0
2026-05-08 10:00:00,31.3,46,0.0,5.7,487.0
2026-05-08 11:00:00,33.3,42,0.0,6.6,552.0
2026-05-08 12:00:00,34.0,39,0.0,8.0,838.0
2026-05-08 13:00:00,34.8,34,0.0,9.9,711.0
2026-05-08 14:00:00,34.6,34,0.0,10.1,642.0
2026-05-08 15:00:00,33.9,35,0.0,11.2,476.0
2026-05-08 16:00:00,33.5,36,0.0,9.7,381.0
2026-05-08 17:00:00,33.6,34,0.0,12.6,232.0
2026-05-08 18:00:00,32.7,36,0.0,13.1,63.0
2026-05-08 19:00:00,32.2,37,0.0,11.2,0.0
2026-05-08 20:00:00,31.4,40,0.0,11.1,0.0
2026-05-08 21:00:00,30.3,44,0.0,11.2,0.0
2026-05-08 22:00:00,28.4,55,0.0,10.3,0.0
2026-05-08 23:00:00,27.6,61,0.0,9.5,0.0
2026-05-09 00:00:00,27.2,64,0.0,9.0,0.0
2026-05-09 01:00:00,26.6,69,0.0,7.0,0.0
2026-05-09 02:00:00,26.1,73,0.0,5.0,0.0
2026-05-09 03:00:00,25.7,76,0.0,4.5,0.0
2026-05-09 04:00:00,25.3,78,0.0,5.4,0.0
2026-05-09 05:00:00,24.7,84,0.0,6.1,0.0
2026-05-09 06:00:00,25.1,82,0.0,6.2,23.0
2026-05-09 07:00:00,26.2,75,0.0,7.3,178.0
2026-05-09 08:00:00,28.2,63,0.0,7.5,398.0
2026-05-09 09:00:00,30.3,52,0.0,5.9,611.0
2026-05-09 10:00:00,32.3,43,0.0,4.5,789.0
2026-05-09 11:00:00,33.4,42,0.0,5.1,907.0
2026-05-09 12:00:00,33.8,40,0.0,8.3,857.0
2026-05-09 13:00:00,33.9,37,0.0,8.0,710.0
2026-05-09 14:00:00,34.3,34,0.0,7.2,614.0
2026-05-09 15:00:00,34.5,30,0.0,8.6,574.0
2026-05-09 16:00:00,34.7,28,0.0,7.8,467.0
2026-05-09 17:00:00,34.3,27,0.0,10.3,262.0
2026-05-09 18:00:00,33.5,32,0.0,9.8,67.0
2026-05-09 19:00:00,32.8,35,0.0,8.7,0.0
2026-05-09 20:00:00,31.9,38,0.0,9.3,0.0
2026-05-09 21:00:00,30.8,42,0.0,8.9,0.0
2026-05-09 22:00:00,30.0,43,0.0,7.3,0.0
2026-05-09 23:00:00,29.4,45,0.0,6.1,0.0
2026-05-10 00:00:00,29.0,46,0.0,9.4,0.0
2026-05-10 01:00:00,27.5,58,0.0,8.7,0.0
2026-05-10 02:00:00,26.6,70,0.0,9.8,0.0
2026-05-10 03:00:00,25.9,76,0.0,8.3,0.0
2026-05-10 04:00:00,25.4,79,0.0,7.8,0.0
2026-05-10 05:00:00,24.7,82,0.0,8.1,0.0
2026-05-10 06:00:00,25.0,81,0.0,9.2,23.0
2026-05-10 07:00:00,25.9,78,0.0,7.5,171.0
2026-05-10 08:00:00,27.1,71,0.0,4.7,253.0
2026-05-10 09:00:00,29.7,58,0.0,5.0,575.0
2026-05-10 10:00:00,32.2,45,0.0,4.3,776.0
2026-05-10 11:00:00,32.7,44,0.0,2.2,903.0
2026-05-10 12:00:00,34.6,37,0.0,1.4,915.0
2026-05-10 13:00:00,35.8,32,0.0,2.9,812.0
2026-05-10 14:00:00,36.3,27,0.1,7.2,782.0
2026-05-10 15:00:00,36.0,26,0.1,8.0,562.0
2026-05-10 16:00:00,35.7,27,0.0,10.7,445.0
2026-05-10 17:00:00,35.4,26,0.0,11.3,250.0
2026-05-10 18:00:00,35.0,26,0.0,10.3,68.0
2026-05-10 19:00:00,34.6,27,0.0,9.5,0.0
2026-05-10 20:00:00,33.1,33,0.0,12.1,0.0
2026-05-10 21:00:00,31.4,38,0.0,11.6,0.0
2026-05-10 22:00:00,30.4,41,0.0,11.8,0.0
2026-05-10 23:00:00,28.9,55,0.0,12.3,0.0
2026-05-11 00:00:00,27.7,67,0.0,11.1,0.0
2026-05-11 01:00:00,26.9,72,0.0,9.1,0.0
2026-05-11 02:00:00,26.3,72,0.0,8.7,0.0
2026-05-11 03:00:00,25.8,72,0.0,7.4,0.0
2026-05-11 04:00:00,25.5,73,0.0,6.6,0.0
2026-05-11 05:00:00,25.1,76,0.0,7.5,0.0
2026-05-11 06:00:00,25.2,79,0.0,7.4,24.0
2026-05-11 07:00:00,26.2,76,0.0,7.9,178.0
2026-05-11 08:00:00,28.1,65,0.0,6.3,395.0
2026-05-11 09:00:00,30.1,55,0.0,7.9,612.0
2026-05-11 10:00:00,32.0,46,0.0,6.8,790.0
2026-05-11 11:00:00,32.7,43,0.0,4.0,910.0
2026-05-11 12:00:00,34.1,38,0.0,2.4,878.0
2026-05-11 13:00:00,35.3,33,0.0,1.5,849.0
2026-05-11 14:00:00,36.5,28,0.0,1.9,753.0
2026-05-11 15:00:00,36.7,25,0.0,3.7,543.0
2026-05-11 16:00:00,36.5,25,0.0,9.4,427.0
2026-05-11 17:00:00,35.7,27,0.0,13.5,240.0
2026-05-11 18:00:00,35.0,29,0.0,10.4,72.0
2026-05-11 19:00:00,34.4,30,0.0,9.4,0.0
2026-05-11 20:00:00,33.2,33,0.0,9.8,0.0
2026-05-11 21:00:00,32.2,36,0.0,9.2,0.0
2026-05-11 22:00:00,31.1,40,0.0,8.7,0.0
2026-05-11 23:00:00,30.3,43,0.0,8.8,0.0
2026-05-12 00:00:00,29.4,48,0.0,10.0,0.0
2026-05-12 01:00:00,28.3,58,0.0,8.5,0.0
2026-05-12 02:00:00,27.5,64,0.0,6.0,0.0
2026-05-12 03:00:00,27.1,67,0.0,5.0,0.0
2026-05-12 04:00:00,26.7,70,0.0,4.9,0.0
2026-05-12 05:00:00,26.2,74,0.0,4.0,0.0
2026-05-12 06:00:00,26.5,73,0.0,4.1,24.0
2026-05-12 07:00:00,27.6,67,0.0,5.1,176.0
2026-05-12 08:00:00,29.4,58,0.0,6.4,396.0
2026-05-12 09:00:00,31.5,48,0.0,4.6,610.0
2026-05-12 10:00:00,33.6,39,0.0,4.0,789.0
2026-05-12 11:00:00,34.6,37,0.0,3.8,910.0
2026-05-12 12:00:00,35.8,31,0.0,1.3,849.0
2026-05-12 13:00:00,36.6,28,0.2,3.8,809.0
2026-05-12 14:00:00,35.8,30,0.7,9.1,685.0
2026-05-12 15:00:00,34.6,35,0.6,9.5,494.0
2026-05-12 16:00:00,34.3,37,0.1,8.3,407.0
2026-05-12 17:00:00,34.8,34,0.3,10.3,239.0
2026-05-12 18:00:00,33.5,39,0.1,11.0,62.0
2026-05-12 19:00:00,33.0,40,0.0,10.8,0.0
2026-05-12 20:00:00,32.0,44,0.0,10.3,0.0
2026-05-12 21:00:00,31.2,47,0.0,8.4,0.0
2026-05-12 22:00:00,30.5,49,0.0,7.3,0.0
2026-05-12 23:00:00,30.1,51,0.0,9.3,0.0
2026-05-13 00:00:00,29.2,55,0.0,10.6,0.0
2026-05-13 01:00:00,28.2,63,0.0,9.9,0.0
2026-05-13 02:00:00,27.5,68,0.0,8.5,0.0
2026-05-13 03:00:00,27.1,71,0.0,6.4,0.0
2026-05-13 04:00:00,26.9,72,0.0,4.3,0.0
2026-05-13 05:00:00,26.5,73,0.0,5.9,0.0
2026-05-13 06:00:00,26.6,73,0.0,5.3,24.0
2026-05-13 07:00:00,27.7,68,0.0,4.7,169.0
2026-05-13 08:00:00,29.6,59,0.0,4.4,381.0
2026-05-13 09:00:00,31.8,49,0.0,5.3,591.0
2026-05-13 10:00:00,33.8,41,0.0,6.5,767.0
2026-05-13 11:00:00,34.8,37,0.0,7.1,885.0
2026-05-13 12:00:00,35.8,35,0.2,6.0,913.0
2026-05-13 13:00:00,36.6,32,0.1,3.2,861.0
2026-05-13 14:00:00,36.8,30,0.1,3.1,674.0
2026-05-13 15:00:00,36.9,29,0.1,1.0,578.0
2026-05-13 16:00:00,36.6,29,0.1,3.1,446.0
2026-05-13 17:00:00,36.4,28,0.0,8.9,233.0
2026-05-13 18:00:00,34.6,35,0.8,10.0,54.0
2026-05-13 19:00:00,34.4,35,0.1,8.9,0.0
2026-05-13 20:00:00,33.5,39,0.0,7.4,0.0
2026-05-13 21:00:00,32.6,43,0.0,7.1,0.0
2026-05-13 22:00:00,31.8,45,0.0,7.6,0.0
2026-05-13 23:00:00,31.3,45,0.0,7.4,0.0
2026-05-14 00:00:00,30.5,47,0.0,7.3,0.0
2026-05-14 01:00:00,29.9,48,0.0,6.5,0.0
2026-05-14 02:00:00,29.4,50,0.0,4.6,0.0
2026-05-14 03:00:00,29.1,52,0.0,3.1,0.0
2026-05-14 04:00:00,28.9,52,0.0,5.4,0.0
2026-05-14 05:00:00,28.6,59,0.0,1.9,0.0
2026-05-14 06:00:00,28.5,59,0.0,1.6,18.0
2026-05-14 07:00:00,29.4,56,0.0,2.2,133.0
2026-05-14 08:00:00,31.2,50,0.0,3.5,340.0
2026-05-14 09:00:00,33.4,40,0.0,3.8,575.0
2026-05-14 10:00:00,35.5,34,0.0,5.4,756.0
2026-05-14 11:00:00,35.8,33,0.0,1.1,878.0
2026-05-14 12:00:00,36.1,32,0.0,2.9,661.0
2026-05-14 13:00:00,36.5,32,0.0,4.3,671.0
2026-05-14 14:00:00,36.9,32,0.0,3.2,650.0
2026-05-14 15:00:00,36.3,34,0.0,4.9,484.0
2026-05-14 16:00:00,35.2,36,0.1,5.5,282.0
2026-05-14 17:00:00,35.8,35,0.0,6.6,195.0
2026-05-14 18:00:00,34.4,40,0.2,4.9,57.0
2026-05-14 19:00:00,34.1,41,0.0,9.3,0.0
2026-05-14 20:00:00,33.3,43,0.0,10.5,0.0
2026-05-14 21:00:00,32.5,46,0.0,8.2,0.0
2026-05-14 22:00:00,32.1,46,0.0,7.0,0.0
2026-05-14 23:00:00,31.8,48,0.0,10.3,0.0
2026-05-15 00:00:00,30.6,55,0.0,9.5,0.0
2026-05-15 01:00:00,29.8,62,0.0,8.7,0.0
2026-05-15 02:00:00,29.3,67,0.0,6.3,0.0
2026-05-15 03:00:00,29.0,68,0.0,5.7,0.0
2026-05-15 04:00:00,28.7,63,0.1,8.2,0.0
2026-05-15 05:00:00,27.8,65,0.0,6.4,0.0
2026-05-15 06:00:00,27.5,66,0.1,2.7,19.0
2026-05-15 07:00:00,28.8,60,0.0,3.5,148.0
2026-05-15 08:00:00,30.3,55,0.0,3.0,315.0
2026-05-15 09:00:00,32.3,47,0.0,5.0,534.0
2026-05-15 10:00:00,34.3,40,0.0,7.3,719.0
2026-05-15 11:00:00,34.4,40,0.0,6.1,849.0
2026-05-15 12:00:00,36.4,34,0.0,5.4,896.0
2026-05-15 13:00:00,36.8,30,0.0,7.6,681.0
2026-05-15 14:00:00,37.4,27,0.0,8.4,626.0
2026-05-15 15:00:00,37.4,27,0.0,8.1,529.0
2026-05-15 16:00:00,37.1,27,0.0,7.0,397.0
2026-05-15 17:00:00,37.4,25,0.0,8.5,193.0
2026-05-15 18:00:00,36.5,26,0.0,9.8,70.0
2026-05-15 19:00:00,35.9,28,0.0,8.9,1.0
2026-05-15 20:00:00,35.2,30,0.0,8.5,0.0
2026-05-15 21:00:00,34.8,31,0.0,6.9,0.0
2026-05-15 22:00:00,33.9,33,0.0,3.8,0.0
2026-05-15 23:00:00,34.0,33,0.0,7.8,0.0
2026-05-16 00:00:00,32.9,38,0.0,7.3,0.0
2026-05-16 01:00:00,32.2,42,0.0,8.3,0.0
2026-05-16 02:00:00,31.1,47,0.0,5.8,0.0
2026-05-16 03:00:00,30.3,51,0.0,5.5,0.0
2026-05-16 04:00:00,29.7,56,0.0,4.2,0.0
2026-05-16 05:00:00,29.4,63,0.0,3.0,0.0
2026-05-16 06:00:00,29.6,62,0.0,2.2,25.0
2026-05-16 07:00:00,30.6,59,0.0,4.1,172.0
2026-05-16 08:00:00,32.2,52,0.0,4.0,383.0
2026-05-16 09:00:00,34.0,43,0.0,3.8,586.0
2026-05-16 10:00:00,35.5,37,0.0,2.5,729.0
2026-05-16 11:00:00,36.8,35,0.0,4.9,876.0
2026-05-16 12:00:00,37.7,32,0.0,3.2,885.0
2026-05-16 13:00:00,33.8,41,0.0,14.1,817.0
2026-05-16 14:00:00,33.5,46,0.9,2.0,490.0
2026-05-16 15:00:00,34.6,41,0.0,5.0,665.0
2026-05-16 16:00:00,34.9,39,0.1,3.4,434.0
2026-05-16 17:00:00,36.4,30,0.0,9.0,248.0
2026-05-16 18:00:00,34.9,34,0.0,12.7,68.0
2026-05-16 19:00:00,34.0,38,0.0,11.6,1.0
2026-05-16 20:00:00,32.9,42,0.0,11.7,0.0
2026-05-16 21:00:00,32.4,44,0.0,9.2,0.0
2026-05-16 22:00:00,31.9,44,0.0,9.0,0.0
2026-05-16 23:00:00,30.7,51,0.0,8.2,0.0
2026-05-17 00:00:00,30.0,54,0.0,9.0,0.0
2026-05-17 01:00:00,29.4,57,0.0,8.8,0.0
2026-05-17 02:00:00,28.9,61,0.0,8.3,0.0
2026-05-17 03:00:00,28.4,65,0.0,7.5,0.0
2026-05-17 04:00:00,28.0,68,0.0,3.3,0.0
2026-05-17 05:00:00,27.6,65,0.0,3.6,0.0
2026-05-17 06:00:00,27.8,64,0.0,3.0,25.0
2026-05-17 07:00:00,28.9,59,0.0,2.7,164.0
2026-05-17 08:00:00,30.8,50,0.0,2.3,378.0
2026-05-17 09:00:00,33.0,41,0.0,2.0,592.0
2026-05-17 10:00:00,34.7,36,0.0,2.0,766.0
2026-05-17 11:00:00,35.3,35,0.0,5.1,885.0
2026-05-17 12:00:00,36.0,34,0.0,6.1,874.0
2026-05-17 13:00:00,36.6,34,0.0,6.8,830.0
2026-05-17 14:00:00,36.2,35,0.0,7.6,588.0
2026-05-17 15:00:00,34.6,41,0.3,8.8,428.0
2026-05-17 16:00:00,34.5,41,0.1,7.1,341.0
2026-05-17 17:00:00,35.0,38,0.0,11.2,225.0
2026-05-17 18:00:00,34.0,41,0.0,12.1,64.0
2026-05-17 19:00:00,33.3,43,0.0,10.7,1.0
2026-05-17 20:00:00,32.8,44,0.0,10.5,0.0
2026-05-17 21:00:00,32.1,46,0.0,9.9,0.0
2026-05-17 22:00:00,31.4,49,0.0,7.8,0.0
2026-05-17 23:00:00,30.7,52,0.0,9.8,0.0
2026-05-18 00:00:00,30.0,53,0.0,10.1,0.0
2026-05-18 01:00:00,29.5,54,0.0,11.1,0.0
2026-05-18 02:00:00,28.8,59,0.0,8.4,0.0
2026-05-18 03:00:00,28.2,65,0.0,5.4,0.0
2026-05-18 04:00:00,27.8,68,0.0,5.2,0.0
2026-05-18 05:00:00,27.9,67,0.0,4.9,0.0
2026-05-18 06:00:00,27.9,67,0.0,2.5,24.0
2026-05-18 07:00:00,29.1,62,0.0,2.4,171.0
2026-05-18 08:00:00,30.9,53,0.0,2.8,382.0
2026-05-18 09:00:00,32.7,45,0.0,3.8,592.0
2026-05-18 10:00:00,34.4,39,0.0,4.3,763.0
2026-05-18 11:00:00,35.4,37,0.0,4.6,886.0
2026-05-18 12:00:00,36.3,33,0.1,4.3,862.0
2026-05-18 13:00:00,36.5,32,0.4,5.9,800.0
2026-05-18 14:00:00,36.6,32,0.1,5.4,708.0
2026-05-18 15:00:00,36.7,31,0.0,4.4,523.0
2026-05-18 16:00:00,36.6,31,0.0,4.3,414.0
2026-05-18 17:00:00,36.2,31,0.0,13.2,218.0
2026-05-18 18:00:00,35.0,34,0.0,12.5,75.0
2026-05-18 19:00:00,34.4,36,0.0,10.5,1.0
2026-05-18 20:00:00,33.7,40,0.0,9.0,0.0
2026-05-18 21:00:00,33.0,43,0.0,8.6,0.0
2026-05-18 22:00:00,32.4,45,0.0,8.0,0.0
2026-05-18 23:00:00,31.6,48,0.0,7.9,0.0
2026-05-19 00:00:00,31.0,50,0.0,8.8,0.0
2026-05-19 01:00:00,30.2,55,0.0,8.3,0.0
2026-05-19 02:00:00,29.4,62,0.0,7.7,0.0
2026-05-19 03:00:00,28.9,66,0.0,6.2,0.0
2026-05-19 04:00:00,28.5,68,0.0,4.2,0.0
2026-05-19 05:00:00,28.0,71,0.0,7.1,0.0
2026-05-19 06:00:00,28.1,71,0.0,9.1,26.0
2026-05-19 07:00:00,29.1,67,0.0,8.4,171.0
2026-05-19 08:00:00,30.8,58,0.0,9.4,375.0
2026-05-19 09:00:00,32.8,48,0.0,9.4,586.0
2026-05-19 10:00:00,34.8,40,0.0,8.7,766.0
2026-05-19 11:00:00,35.7,38,0.0,7.3,883.0
2026-05-19 12:00:00,36.8,34,0.0,7.0,931.0
2026-05-19 13:00:00,37.5,32,0.0,7.2,842.0
2026-05-19 14:00:00,37.8,31,0.0,6.6,733.0
2026-05-19 15:00:00,37.9,29,0.1,6.1,653.0
2026-05-19 16:00:00,37.5,30,0.0,7.3,442.0
2026-05-19 17:00:00,37.5,28,0.0,7.3,227.0
2026-05-19 18:00:00,36.7,29,0.0,7.0,65.0
2026-05-19 19:00:00,35.7,31,0.2,11.3,1.0
2026-05-19 20:00:00,34.6,36,0.0,10.7,0.0
2026-05-19 21:00:00,33.8,39,0.0,7.6,0.0
2026-05-19 22:00:00,32.9,42,0.0,8.2,0.0
2026-05-19 23:00:00,32.1,45,0.0,7.2,0.0
2026-05-20 00:00:00,31.1,48,0.0,10.1,0.0
2026-05-20 01:00:00,30.4,50,0.0,9.8,0.0
2026-05-20 02:00:00,29.6,56,0.0,10.5,0.0
2026-05-20 03:00:00,29.1,61,0.0,10.9,0.0
2026-05-20 04:00:00,28.7,63,0.0,9.0,0.0
2026-05-20 05:00:00,28.2,66,0.0,11.2,0.0
2026-05-20 06:00:00,28.3,65,0.0,11.0,27.0
2026-05-20 07:00:00,29.6,60,0.0,11.7,179.0
2026-05-20 08:00:00,31.6,53,0.0,11.9,389.0
2026-05-20 09:00:00,33.8,44,0.0,12.4,598.0
2026-05-20 10:00:00,36.0,37,0.0,11.9,770.0
2026-05-20 11:00:00,36.3,35,0.0,11.9,873.0
2026-05-20 12:00:00,37.7,30,0.0,11.4,928.0
2026-05-20 13:00:00,38.4,28,0.0,10.7,851.0
2026-05-20 14:00:00,38.5,28,0.2,8.7,779.0
2026-05-20 15:00:00,37.9,28,0.1,8.2,493.0
2026-05-20 16:00:00,37.9,27,0.0,9.0,438.0
2026-05-20 17:00:00,38.2,25,0.0,8.0,217.0
2026-05-20 18:00:00,37.2,27,0.0,10.8,71.0
2026-05-20 19:00:00,36.0,31,0.0,11.3,1.0
2026-05-20 20:00:00,35.1,34,0.0,10.7,0.0
2026-05-20 21:00:00,34.0,36,0.0,11.7,0.0
2026-05-20 22:00:00,32.9,38,0.0,10.8,0.0
2026-05-20 23:00:00,32.5,39,0.0,11.0,0.0
2026-05-21 00:00:00,32.1,42,0.0,11.1,0.0
2026-05-21 01:00:00,31.6,44,0.0,13.3,0.0
2026-05-21 02:00:00,31.0,47,0.0,13.0,0.0
2026-05-21 03:00:00,30.4,49,0.0,12.8,0.0
2026-05-21 04:00:00,30.0,51,0.0,12.4,0.0
2026-05-21 05:00:00,29.4,54,0.0,11.9,0.0
2026-05-21 06:00:00,29.3,56,0.0,11.7,27.0
2026-05-21 07:00:00,30.6,52,0.0,13.0,180.0
2026-05-21 08:00:00,32.5,46,0.0,13.4,391.0
2026-05-21 09:00:00,34.5,40,0.0,12.6,599.0
2026-05-21 10:00:00,36.5,34,0.0,11.7,773.0
2026-05-21 11:00:00,37.9,30,0.0,10.8,893.0
2026-05-21 12:00:00,39.0,26,0.0,9.5,943.0
2026-05-21 13:00:00,39.6,23,0.0,8.0,815.0
2026-05-21 14:00:00,40.0,21,0.0,6.8,774.0
2026-05-21 15:00:00,40.0,22,0.0,7.7,599.0
2026-05-21 16:00:00,39.1,24,0.0,10.4,378.0
2026-05-21 17:00:00,40.0,20,0.0,5.4,242.0
2026-05-21 18:00:00,39.2,21,0.0,4.9,72.0
2026-05-21 19:00:00,37.9,23,0.0,4.0,1.0
2026-05-21 20:00:00,36.9,26,0.0,4.5,0.0
2026-05-21 21:00:00,34.9,32,0.0,10.3,0.0
2026-05-21 22:00:00,33.5,39,0.0,10.4,0.0
2026-05-21 23:00:00,32.5,43,0.0,8.5,0.0
2026-05-22 00:00:00,32.0,44,0.0,10.7,0.0
2026-05-22 01:00:00,31.7,45,0.0,12.8,0.0
2026-05-22 02:00:00,31.1,50,0.0,13.6,0.0
2026-05-22 03:00:00,30.7,53,0.0,14.4,0.0
2026-05-22 04:00:00,30.3,56,0.0,15.5,0.0
2026-05-22 05:00:00,29.6,60,0.0,16.0,0.0
2026-05-22 06:00:00,29.3,63,0.0,17.1,25.0
2026-05-22 07:00:00,29.8,63,0.0,18.5,176.0
2026-05-22 08:00:00,30.7,60,0.0,19.5,369.0
2026-05-22 09:00:00,32.5,53,0.0,19.3,592.0
2026-05-22 10:00:00,34.4,46,0.0,18.2,753.0
2026-05-22 11:00:00,33.3,47,0.0,18.9,757.0
2026-05-22 12:00:00,34.0,44,0.0,17.7,534.0
2026-05-22 13:00:00,36.1,38,0.0,16.8,907.0
2026-05-22 14:00:00,36.4,38,0.0,15.7,805.0
2026-05-22 15:00:00,36.4,38,0.1,14.9,659.0
2026-05-22 16:00:00,36.0,39,0.1,11.9,460.0
2026-05-22 17:00:00,36.8,29,0.0,10.6,240.0
2026-05-22 18:00:00,34.3,41,0.0,15.1,68.0
2026-05-22 19:00:00,33.6,44,0.0,13.3,1.0
2026-05-22 20:00:00,32.8,44,0.0,13.5,0.0
2026-05-22 21:00:00,32.2,45,0.0,13.4,0.0
2026-05-22 22:00:00,31.5,45,0.0,14.2,0.0
2026-05-22 23:00:00,31.5,48,0.0,15.5,0.0
2026-05-23 00:00:00,30.6,53,0.0,13.9,0.0
2026-05-23 01:00:00,30.2,56,0.0,14.2,0.0
2026-05-23 02:00:00,29.7,60,0.0,14.4,0.0
2026-05-23 03:00:00,29.5,61,0.0,14.9,0.0
2026-05-23 04:00:00,29.2,61,0.0,15.9,0.0
2026-05-23 05:00:00,28.0,62,0.0,13.1,0.0
2026-05-23 06:00:00,28.2,63,0.0,13.0,28.0
2026-05-23 07:00:00,29.4,61,0.0,16.2,180.0
2026-05-23 08:00:00,31.0,56,0.0,17.4,384.0
2026-05-23 09:00:00,32.8,50,0.0,17.7,544.0
2026-05-23 10:00:00,34.7,43,0.0,17.2,716.0
2026-05-23 11:00:00,36.3,37,0.0,15.3,827.0
2026-05-23 12:00:00,36.8,33,0.0,14.3,784.0
2026-05-23 13:00:00,37.2,31,0.0,14.1,726.0
2026-05-23 14:00:00,35.8,35,0.8,11.9,483.0
2026-05-23 15:00:00,36.4,34,0.0,11.8,560.0
2026-05-23 16:00:00,36.6,30,0.0,13.6,424.0
2026-05-23 17:00:00,37.0,28,0.0,10.8,244.0
2026-05-23 18:00:00,36.5,28,0.0,4.9,77.0
2026-05-23 19:00:00,35.5,30,0.0,6.3,1.0
2026-05-23 20:00:00,34.2,36,0.0,9.0,0.0
2026-05-23 21:00:00,32.5,42,0.0,11.1,0.0
2026-05-23 22:00:00,30.8,50,0.0,12.5,0.0
2026-05-23 23:00:00,30.5,52,0.0,9.5,0.0
2026-05-24 00:00:00,29.8,52,0.0,13.0,0.0
2026-05-24 01:00:00,28.6,60,0.0,13.3,0.0
2026-05-24 02:00:00,28.3,64,0.0,12.7,0.0
2026-05-24 03:00:00,28.3,64,0.0,12.9,0.0
2026-05-24 04:00:00,27.9,64,0.0,13.3,0.0
2026-05-24 05:00:00,26.5,70,0.0,15.3,0.0
2026-05-24 06:00:00,26.5,72,0.0,16.0,28.0
2026-05-24 07:00:00,27.5,70,0.0,16.3,180.0
2026-05-24 08:00:00,29.3,63,0.0,17.1,391.0
2026-05-24 09:00:00,31.3,57,0.0,17.9,601.0
2026-05-24 10:00:00,33.5,48,0.0,18.4,776.0
2026-05-24 11:00:00,34.5,45,0.0,16.6,894.0
2026-05-24 12:00:00,35.5,41,0.0,15.8,935.0
2026-05-24 13:00:00,36.8,35,0.0,14.8,921.0
2026-05-24 14:00:00,37.5,29,0.0,14.0,799.0
2026-05-24 15:00:00,37.7,23,0.0,14.1,611.0
2026-05-24 16:00:00,37.0,23,0.0,13.3,401.0
2026-05-24 17:00:00,37.6,25,0.0,11.7,261.0
2026-05-24 18:00:00,36.8,27,0.0,10.2,79.0
2026-05-24 19:00:00,35.8,29,0.0,9.9,1.0
2026-05-24 20:00:00,34.1,34,0.0,11.5,0.0
2026-05-24 21:00:00,33.4,36,0.0,12.1,0.0
2026-05-24 22:00:00,33.0,35,0.0,11.2,0.0
2026-05-24 23:00:00,32.3,37,0.0,12.6,0.0
2026-05-25 00:00:00,31.4,41,0.0,13.7,0.0
2026-05-25 01:00:00,30.6,44,0.0,13.7,0.0
2026-05-25 02:00:00,30.0,47,0.0,14.2,0.0
2026-05-25 03:00:00,29.5,48,0.0,14.2,0.0
2026-05-25 04:00:00,29.1,50,0.0,14.7,0.0
2026-05-25 05:00:00,29.1,55,0.0,14.7,0.0
2026-05-25 06:00:00,29.3,54,0.0,10.8,27.0
2026-05-25 07:00:00,30.3,51,0.0,12.5,141.0
2026-05-25 08:00:00,32.0,47,0.0,13.3,338.0
2026-05-25 09:00:00,33.7,42,0.0,12.7,520.0
2026-05-25 10:00:00,35.6,36,0.0,12.2,679.0
2026-05-25 11:00:00,36.4,33,0.0,11.3,832.0
2026-05-25 12:00:00,36.9,31,0.7,4.8,772.0
2026-05-25 13:00:00,37.1,30,0.2,10.2,824.0
2026-05-25 14:00:00,36.3,34,0.4,12.5,680.0
2026-05-25 15:00:00,36.0,33,0.2,9.5,617.0
2026-05-25 16:00:00,35.7,34,0.2,8.0,433.0
2026-05-25 17:00:00,35.1,33,0.0,9.9,265.0
2026-05-25 18:00:00,35.0,34,0.0,10.9,79.0
2026-05-25 19:00:00,33.2,43,0.1,8.3,1.0
2026-05-25 20:00:00,32.0,51,0.0,8.1,0.0
2026-05-25 21:00:00,31.5,53,0.0,9.4,0.0
2026-05-25 22:00:00,31.1,53,0.0,8.7,0.0
2026-05-25 23:00:00,30.2,56,0.0,9.2,0.0
2026-05-26 00:00:00,29.9,55,0.0,9.0,0.0
2026-05-26 01:00:00,29.6,54,0.0,9.2,0.0
2026-05-26 02:00:00,29.4,54,0.0,9.5,0.0
2026-05-26 03:00:00,29.0,51,0.0,6.8,0.0
2026-05-26 04:00:00,25.1,79,1.2,3.4,0.0
2026-05-26 05:00:00,28.4,57,0.7,8.9,0.0
2026-05-26 06:00:00,28.5,58,0.0,8.7,27.0
2026-05-26 07:00:00,29.6,55,0.0,11.9,134.0
2026-05-26 08:00:00,31.5,49,0.0,11.5,383.0
2026-05-26 09:00:00,33.2,44,0.0,12.1,574.0
2026-05-26 10:00:00,34.4,41,0.0,14.5,701.0
2026-05-26 11:00:00,35.1,40,0.0,9.4,826.0
2026-05-26 12:00:00,35.5,38,0.0,9.4,729.0
2026-05-26 13:00:00,36.5,36,0.0,8.7,773.0
2026-05-26 14:00:00,35.8,35,0.3,11.5,802.0
2026-05-26 15:00:00,34.9,40,1.1,4.0,435.0
2026-05-26 16:00:00,35.5,39,0.2,8.0,442.0
2026-05-26 17:00:00,36.9,30,0.6,10.8,230.0
2026-05-26 18:00:00,36.1,32,0.0,9.4,71.0
2026-05-26 19:00:00,34.8,38,0.0,8.5,1.0
2026-05-26 20:00:00,33.4,42,0.0,10.2,0.0
2026-05-26 21:00:00,32.4,44,0.0,8.5,0.0
2026-05-26 22:00:00,32.0,45,0.0,10.1,0.0
2026-05-26 23:00:00,29.3,59,0.0,10.7,0.0
2026-05-27 00:00:00,29.0,61,0.1,8.5,0.0
2026-05-27 01:00:00,28.6,65,0.2,7.3,0.0
2026-05-27 02:00:00,28.7,65,0.0,7.5,0.0
2026-05-27 03:00:00,28.6,62,0.0,9.4,0.0
2026-05-27 04:00:00,27.8,62,0.0,10.5,0.0
2026-05-27 05:00:00,23.2,90,0.0,13.9,0.0
2026-05-27 06:00:00,23.8,90,0.3,10.8,6.0
2026-05-27 07:00:00,25.0,83,0.0,10.9,76.0
2026-05-27 08:00:00,25.4,81,0.9,12.7,317.0
2026-05-27 09:00:00,26.8,78,1.0,14.0,347.0
2026-05-27 10:00:00,29.6,65,0.0,12.6,660.0
2026-05-27 11:00:00,27.1,76,0.0,14.1,810.0
2026-05-27 12:00:00,29.6,61,0.0,12.8,763.0
2026-05-27 13:00:00,31.6,51,0.0,14.0,819.0
2026-05-27 14:00:00,32.3,49,0.0,14.7,675.0
2026-05-27 15:00:00,32.5,49,0.0,14.4,529.0
2026-05-27 16:00:00,32.3,51,0.0,13.0,360.0
2026-05-27 17:00:00,31.4,54,0.0,12.4,221.0
2026-05-27 18:00:00,30.3,61,0.0,10.2,82.0
2026-05-27 19:00:00,29.6,65,0.0,10.0,1.0
2026-05-27 20:00:00,28.8,67,0.0,9.6,0.0
2026-05-27 21:00:00,28.3,68,0.0,9.5,0.0
2026-05-27 22:00:00,27.8,68,0.0,10.2,0.0
2026-05-27 23:00:00,26.8,73,0.0,12.1,0.0
2026-05-28 00:00:00,26.7,73,0.0,12.0,0.0
2026-05-28 01:00:00,26.5,74,0.0,11.8,0.0
2026-05-28 02:00:00,26.4,73,0.0,11.9,0.0
2026-05-28 03:00:00,26.2,73,0.0,11.9,0.0
2026-05-28 04:00:00,26.0,73,0.0,12.3,0.0
2026-05-28 05:00:00,26.0,75,0.0,12.4,0.0
2026-05-28 06:00:00,26.2,76,0.0,11.5,29.0
2026-05-28 07:00:00,27.4,74,0.0,10.2,184.0
2026-05-28 08:00:00,29.2,67,0.0,12.3,394.0
2026-05-28 09:00:00,30.8,58,0.0,12.9,487.0
2026-05-28 10:00:00,32.7,51,0.0,12.3,737.0
2026-05-28 11:00:00,33.4,48,0.0,11.5,810.0
2026-05-28 12:00:00,34.6,44,0.0,10.3,902.0
2026-05-28 13:00:00,35.6,40,0.0,9.5,912.0
2026-05-28 14:00:00,36.0,37,0.0,8.4,815.0
2026-05-28 15:00:00,36.2,36,0.0,8.0,674.0
2026-05-28 16:00:00,36.1,35,0.0,7.9,483.0
2026-05-28 17:00:00,35.5,37,0.3,6.3,274.0
2026-05-28 18:00:00,34.1,50,0.0,4.5,81.0
2026-05-28 19:00:00,32.1,55,0.0,8.6,1.0
2026-05-28 20:00:00,30.8,56,0.0,9.6,0.0
2026-05-28 21:00:00,30.4,58,0.0,10.8,0.0
2026-05-28 22:00:00,30.1,58,0.0,10.2,0.0
2026-05-28 23:00:00,29.7,61,0.0,10.8,0.0
2026-05-29 00:00:00,29.5,61,0.0,11.6,0.0
2026-05-29 01:00:00,29.4,60,0.0,12.2,0.0
2026-05-29 02:00:00,28.9,61,0.0,11.7,0.0
2026-05-29 03:00:00,28.8,59,0.0,13.8,0.0
2026-05-29 04:00:00,28.5,59,0.0,12.5,0.0
2026-05-29 05:00:00,27.5,68,0.0,12.5,0.0
2026-05-29 06:00:00,27.8,66,0.0,14.1,29.0
2026-05-29 07:00:00,28.7,62,0.0,14.5,181.0
2026-05-29 08:00:00,29.6,59,0.0,15.1,352.0
2026-05-29 09:00:00,31.2,53,0.0,15.3,585.0
2026-05-29 10:00:00,33.0,46,0.0,15.1,760.0
2026-05-29 11:00:00,33.6,43,0.0,12.6,856.0
2026-05-29 12:00:00,34.5,39,0.0,11.7,841.0
2026-05-29 13:00:00,35.3,36,0.0,10.7,775.0
2026-05-29 14:00:00,36.1,34,0.0,9.9,802.0
2026-05-29 15:00:00,36.4,33,0.0,9.8,676.0
2026-05-29 16:00:00,36.2,32,0.0,10.0,470.0
2026-05-29 17:00:00,36.8,29,0.0,8.7,269.0
2026-05-29 18:00:00,35.3,33,0.0,7.6,85.0
2026-05-29 19:00:00,33.6,41,0.0,8.8,2.0
2026-05-29 20:00:00,32.7,43,0.0,8.3,0.0
2026-05-29 21:00:00,31.6,49,0.0,8.0,0.0
2026-05-29 22:00:00,31.1,51,0.0,7.7,0.0
2026-05-29 23:00:00,31.2,51,0.0,8.9,0.0
2026-05-30 00:00:00,30.6,52,0.0,10.2,0.0
2026-05-30 01:00:00,30.4,52,0.0,13.2,0.0
2026-05-30 02:00:00,29.8,52,0.0,13.4,0.0
2026-05-30 03:00:00,29.4,51,0.0,15.0,0.0
2026-05-30 04:00:00,29.1,53,0.0,13.3,0.0
2026-05-30 05:00:00,28.3,61,0.0,13.3,0.0
2026-05-30 06:00:00,28.2,63,0.0,14.2,30.0
2026-05-30 07:00:00,29.2,59,0.0,16.3,188.0
2026-05-30 08:00:00,30.6,53,0.0,15.4,402.0
2026-05-30 09:00:00,32.3,45,0.0,15.5,609.0
2026-05-30 10:00:00,33.8,38,0.0,16.1,780.0
2026-05-30 11:00:00,34.6,37,0.0,15.9,895.0
2026-05-30 12:00:00,35.8,30,0.0,15.3,952.0
2026-05-30 13:00:00,36.6,26,0.0,14.6,939.0
2026-05-30 14:00:00,37.0,25,0.0,13.9,851.0
2026-05-30 15:00:00,36.8,25,0.0,12.1,661.0
2026-05-30 16:00:00,36.4,26,0.0,11.2,465.0
2026-05-30 17:00:00,36.5,27,0.0,11.4,270.0
2026-05-30 18:00:00,35.8,28,0.0,8.5,92.0
2026-05-30 19:00:00,35.0,30,0.0,7.4,2.0
2026-05-30 20:00:00,34.2,33,0.0,5.2,0.0
2026-05-30 21:00:00,33.1,37,0.0,6.4,0.0
2026-05-30 22:00:00,31.6,42,0.0,8.5,0.0
2026-05-30 23:00:00,31.1,44,0.0,10.6,0.0
2026-05-31 00:00:00,30.3,48,0.0,9.7,0.0
2026-05-31 01:00:00,29.7,52,0.0,10.0,0.0
2026-05-31 02:00:00,29.3,55,0.0,11.0,0.0
2026-05-31 03:00:00,28.9,57,0.0,10.4,0.0
2026-05-31 04:00:00,28.7,57,0.0,12.1,0.0
2026-05-31 05:00:00,28.2,63,0.0,11.3,0.0
2026-05-31 06:00:00,28.6,62,0.0,12.1,27.0
2026-05-31 07:00:00,30.0,53,0.0,15.2,170.0
2026-05-31 08:00:00,31.3,50,0.0,17.3,376.0
2026-05-31 09:00:00,32.7,45,0.1,17.1,579.0
2026-05-31 10:00:00,30.7,51,0.4,16.3,625.0
2026-05-31 11:00:00,31.8,50,0.0,14.6,742.0
2026-05-31 12:00:00,33.9,39,0.0,14.7,900.0
2026-05-31 13:00:00,34.8,35,0.0,12.2,855.0
2026-05-31 14:00:00,35.5,33,0.0,11.4,831.0
2026-05-31 15:00:00,35.7,32,0.0,10.1,673.0
2026-05-31 16:00:00,35.8,31,0.0,9.9,504.0
2026-05-31 17:00:00,35.0,32,0.0,8.8,285.0
2026-05-31 18:00:00,34.9,31,0.0,8.5,80.0
2026-05-31 19:00:00,34.1,33,0.0,7.2,2.0
2026-05-31 20:00:00,33.3,36,0.0,6.1,0.0
2026-05-31 21:00:00,31.9,39,0.0,6.7,0.0
2026-05-31 22:00:00,31.0,40,0.0,6.5,0.0
2026-05-31 23:00:00,30.3,43,0.0,8.6,0.0
2026-06-01 00:00:00,29.5,46,0.0,9.2,0.0
2026-06-01 01:00:00,28.9,48,0.0,8.2,0.0
2026-06-01 02:00:00,28.2,50,0.0,8.1,0.0
2026-06-01 03:00:00,27.8,50,0.0,7.3,0.0
2026-06-01 04:00:00,27.4,51,0.0,6.7,0.0
2026-06-01 05:00:00,27.9,49,0.0,10.3,0.0
2026-06-01 06:00:00,28.2,47,0.0,10.3,30.0
2026-06-01 07:00:00,29.6,44,0.0,9.7,189.0
2026-06-01 08:00:00,31.4,38,0.0,10.6,402.0
2026-06-01 09:00:00,33.1,34,0.0,9.2,613.0
2026-06-01 10:00:00,34.7,29,0.0,8.7,783.0
2026-06-01 11:00:00,34.8,30,0.0,7.8,834.0
2026-06-01 12:00:00,35.4,28,0.0,7.4,799.0
2026-06-01 13:00:00,35.8,26,0.0,8.5,765.0
2026-06-01 14:00:00,35.6,27,0.0,7.7,649.0
2026-06-01 15:00:00,35.4,29,0.0,6.9,590.0
2026-06-01 16:00:00,35.3,30,0.0,6.5,413.0
2026-06-01 17:00:00,35.1,31,0.0,6.7,242.0
2026-06-01 18:00:00,34.3,33,0.0,6.2,85.0
2026-06-01 19:00:00,33.7,34,0.0,6.3,2.0
2026-06-01 20:00:00,33.5,35,0.0,6.3,0.0
2026-06-01 21:00:00,33.2,36,0.0,6.1,0.0
2026-06-01 22:00:00,31.8,40,0.0,6.8,0.0
2026-06-01 23:00:00,29.7,47,0.0,5.9,0.0
2026-06-02 00:00:00,29.4,50,0.0,7.0,0.0
2026-06-02 01:00:00,29.3,50,0.0,6.0,0.0
2026-06-02 02:00:00,28.5,53,0.0,9.9,0.0
2026-06-02 03:00:00,27.9,55,0.0,6.2,0.0
2026-06-02 04:00:00,27.7,58,0.0,9.9,0.0
2026-06-02 05:00:00,28.4,54,0.0,5.8,0.0
2026-06-02 06:00:00,28.2,56,0.0,5.8,25.0
2026-06-02 07:00:00,29.2,52,0.0,6.0,149.0
2026-06-02 08:00:00,30.0,48,0.0,5.6,219.0
2026-06-02 09:00:00,31.9,42,0.0,5.4,544.0
2026-06-02 10:00:00,33.6,38,0.0,5.1,768.0
2026-06-02 11:00:00,34.3,36,0.0,9.2,884.0
2026-06-02 12:00:00,34.1,37,0.3,7.9,693.0
2026-06-02 13:00:00,34.9,36,0.0,7.0,697.0
2026-06-02 14:00:00,35.5,34,0.0,7.7,798.0
2026-06-02 15:00:00,35.1,35,0.0,7.9,629.0
2026-06-02 16:00:00,34.8,33,0.2,7.2,457.0
2026-06-02 17:00:00,35.3,33,0.1,6.8,261.0
2026-06-02 18:00:00,34.7,34,0.0,3.7,85.0
2026-06-02 19:00:00,34.2,35,0.0,1.9,2.0
2026-06-02 20:00:00,33.5,38,0.0,3.9,0.0
2026-06-02 21:00:00,32.7,41,0.0,2.9,0.0
2026-06-02 22:00:00,31.9,45,0.0,4.6,0.0
2026-06-02 23:00:00,31.0,48,0.0,6.1,0.0
2026-06-03 00:00:00,30.4,49,0.0,5.3,0.0
2026-06-03 01:00:00,29.6,52,0.0,6.2,0.0
2026-06-03 02:00:00,28.5,53,0.0,11.7,0.0
2026-06-03 03:00:00,28.4,53,0.0,8.4,0.0
2026-06-03 04:00:00,28.2,52,0.0,7.4,0.0
2026-06-03 05:00:00,27.3,60,0.0,7.4,0.0
2026-06-03 06:00:00,26.8,63,0.0,8.5,29.0
2026-06-03 07:00:00,28.1,60,0.0,11.0,177.0
2026-06-03 08:00:00,29.8,55,0.0,12.4,338.0
2026-06-03 09:00:00,31.3,49,0.0,12.6,503.0
2026-06-03 10:00:00,33.0,42,0.0,13.0,754.0
2026-06-03 11:00:00,33.2,44,0.0,12.7,844.0
2026-06-03 12:00:00,33.2,43,0.0,11.4,795.0
2026-06-03 13:00:00,33.7,41,0.0,10.1,771.0
2026-06-03 14:00:00,34.2,38,0.0,8.3,788.0
2026-06-03 15:00:00,34.4,37,0.1,7.1,639.0
2026-06-03 16:00:00,34.1,37,0.1,8.0,464.0
2026-06-03 17:00:00,33.5,38,0.0,10.2,239.0
2026-06-03 18:00:00,32.6,41,0.0,8.6,74.0
2026-06-03 19:00:00,32.2,44,0.0,10.4,1.0
2026-06-03 20:00:00,31.2,50,0.0,11.6,0.0
2026-06-03 21:00:00,30.1,55,0.0,9.3,0.0
2026-06-03 22:00:00,29.8,56,0.0,7.4,0.0
2026-06-03 23:00:00,29.4,58,0.0,10.4,0.0
2026-06-04 00:00:00,28.7,61,0.0,12.4,0.0
2026-06-04 01:00:00,27.9,63,0.0,12.5,0.0
2026-06-04 02:00:00,27.3,64,0.0,11.3,0.0
2026-06-04 03:00:00,27.2,63,0.0,11.0,0.0
2026-06-04 04:00:00,26.9,64,0.0,11.4,0.0
2026-06-04 05:00:00,27.0,67,0.0,13.4,0.0
2026-06-04 06:00:00,27.2,64,0.0,15.0,28.0
2026-06-04 07:00:00,28.1,60,0.0,14.4,181.0
2026-06-04 08:00:00,29.5,55,0.0,13.7,371.0
2026-06-04 09:00:00,30.2,52,0.0,13.0,354.0
2026-06-04 10:00:00,32.0,46,0.0,12.3,565.0
2026-06-04 11:00:00,33.9,41,0.0,11.9,774.0
2026-06-04 12:00:00,34.0,38,0.3,12.0,823.0
2026-06-04 13:00:00,34.2,38,0.1,11.8,765.0
2026-06-04 14:00:00,34.4,39,0.2,9.7,674.0
2026-06-04 15:00:00,35.0,37,0.0,8.8,631.0
2026-06-04 16:00:00,34.5,37,0.0,9.9,479.0
2026-06-04 17:00:00,33.6,39,0.0,11.2,279.0
2026-06-04 18:00:00,32.7,42,0.0,8.6,64.0
2026-06-04 19:00:00,31.8,47,0.3,9.8,2.0
2026-06-04 20:00:00,31.3,48,0.0,6.1,0.0
2026-06-04 21:00:00,30.8,51,0.0,5.5,0.0
2026-06-04 22:00:00,29.8,58,0.0,7.1,0.0
2026-06-04 23:00:00,28.3,65,0.0,7.4,0.0
2026-06-05 00:00:00,28.0,65,0.0,7.5,0.0
2026-06-05 01:00:00,27.6,66,0.0,7.5,0.0
2026-06-05 02:00:00,27.5,66,0.0,8.4,0.0
2026-06-05 03:00:00,27.4,65,0.0,9.2,0.0
2026-06-05 04:00:00,27.2,65,0.0,9.6,0.0
2026-06-05 05:00:00,26.6,73,0.0,15.0,0.0
2026-06-05 06:00:00,26.3,76,0.1,14.2,21.0
2026-06-05 07:00:00,27.2,71,0.0,15.2,176.0
2026-06-05 08:00:00,28.6,65,0.0,13.2,353.0
2026-06-05 09:00:00,29.1,62,0.0,12.4,281.0
2026-06-05 10:00:00,29.6,60,0.0,12.0,293.0
2026-06-05 11:00:00,30.3,58,0.0,11.8,382.0
2026-06-05 12:00:00,31.0,55,0.0,12.1,577.0
2026-06-05 13:00:00,31.7,52,0.0,11.6,697.0
2026-06-05 14:00:00,32.4,49,0.0,10.5,705.0
2026-06-05 15:00:00,33.2,46,0.0,8.8,649.0
2026-06-05 16:00:00,33.5,43,0.0,8.0,479.0
2026-06-05 17:00:00,32.3,45,0.0,7.1,261.0
2026-06-05 18:00:00,32.1,47,0.0,6.7,87.0
2026-06-05 19:00:00,31.8,49,0.0,6.3,1.0
2026-06-05 20:00:00,31.4,53,0.0,5.6,0.0
2026-06-05 21:00:00,30.8,56,0.0,7.0,0.0
2026-06-05 22:00:00,29.8,60,0.0,10.4,0.0
2026-06-05 23:00:00,25.3,85,0.0,16.7,0.0
2026-06-06 00:00:00,25.8,80,0.3,11.1,0.0
2026-06-06 01:00:00,24.5,85,1.5,13.2,0.0
2026-06-06 02:00:00,23.8,91,4.0,15.8,0.0
2026-06-06 03:00:00,23.7,89,1.3,16.7,0.0
2026-06-06 04:00:00,23.7,89,0.1,10.7,0.0
2026-06-06 05:00:00,26.7,70,0.0,11.6,0.0
2026-06-06 06:00:00,26.6,70,0.0,9.9,22.0
2026-06-06 07:00:00,27.3,66,0.0,9.2,139.0
2026-06-06 08:00:00,29.3,60,0.0,9.5,387.0
2026-06-06 09:00:00,31.2,53,0.0,9.8,554.0
2026-06-06 10:00:00,32.9,45,0.0,10.9,731.0
2026-06-06 11:00:00,34.2,40,0.0,10.8,856.0
2026-06-06 12:00:00,33.7,42,0.1,9.2,780.0
2026-06-06 13:00:00,34.5,39,0.0,6.9,768.0
2026-06-06 14:00:00,35.2,38,0.0,7.2,761.0
2026-06-06 15:00:00,34.8,37,0.0,8.0,459.0
2026-06-06 16:00:00,34.4,38,0.0,7.8,327.0
2026-06-06 17:00:00,33.6,39,0.0,0.2,207.0
2026-06-06 18:00:00,31.7,48,0.2,4.7,30.0
2026-06-06 19:00:00,30.8,52,0.3,1.3,1.0
2026-06-06 20:00:00,30.9,52,0.0,5.3,0.0
2026-06-06 21:00:00,30.6,54,0.0,1.9,0.0
2026-06-06 22:00:00,30.4,50,0.0,7.7,0.0
2026-06-06 23:00:00,29.6,59,0.0,8.2,0.0
2026-06-07 00:00:00,28.7,63,0.0,10.3,0.0
2026-06-07 01:00:00,27.3,71,0.0,17.8,0.0
2026-06-07 02:00:00,27.0,71,0.0,13.9,0.0
2026-06-07 03:00:00,26.6,73,0.0,12.8,0.0
2026-06-07 04:00:00,26.7,74,0.0,12.1,0.0
2026-06-07 05:00:00,24.8,92,0.0,11.8,0.0
2026-06-07 06:00:00,25.2,91,0.5,10.3,9.0
2026-06-07 07:00:00,26.0,87,0.0,7.4,57.0
2026-06-07 08:00:00,27.8,75,0.0,9.8,218.0
2026-06-07 09:00:00,28.1,71,0.0,12.2,219.0
2026-06-07 10:00:00,28.6,68,0.0,12.9,354.0
2026-06-07 11:00:00,31.0,57,0.0,11.2,686.0
2026-06-07 12:00:00,33.2,48,0.2,8.6,876.0
2026-06-07 13:00:00,34.6,41,0.0,7.6,884.0
2026-06-07 14:00:00,35.0,39,0.0,8.9,806.0
2026-06-07 15:00:00,34.9,38,0.0,9.7,682.0
2026-06-07 16:00:00,34.3,39,0.1,9.7,451.0
2026-06-07 17:00:00,33.2,45,0.0,6.0,230.0
2026-06-07 18:00:00,32.0,54,0.0,5.2,87.0
2026-06-07 19:00:00,30.7,56,0.0,10.7,2.0
2026-06-07 20:00:00,29.2,63,0.0,9.0,0.0
2026-06-07 21:00:00,29.2,64,0.0,8.7,0.0
2026-06-07 22:00:00,27.1,76,0.0,18.6,0.0
2026-06-07 23:00:00,26.6,79,0.0,11.0,0.0
2026-06-08 00:00:00,26.0,78,0.0,10.6,0.0
2026-06-08 01:00:00,25.5,80,0.0,12.9,0.0
2026-06-08 02:00:00,25.4,81,0.0,11.9,0.0
2026-06-08 03:00:00,25.5,82,0.0,12.2,0.0
2026-06-08 04:00:00,25.7,80,0.0,12.1,0.0
2026-06-08 05:00:00,24.9,79,0.0,8.7,0.0
2026-06-08 06:00:00,25.0,80,0.0,7.3,19.0
2026-06-08 07:00:00,25.9,76,0.0,7.4,149.0
2026-06-08 08:00:00,27.1,72,0.0,7.2,286.0
2026-06-08 09:00:00,29.2,63,0.0,7.5,492.0
2026-06-08 10:00:00,31.0,55,0.0,7.0,681.0
2026-06-08 11:00:00,31.1,53,0.0,9.3,839.0
2026-06-08 12:00:00,30.8,55,0.1,10.5,900.0
2026-06-08 13:00:00,31.1,55,0.0,10.0,848.0
2026-06-08 14:00:00,31.6,52,0.0,10.4,754.0
2026-06-08 15:00:00,31.3,53,0.0,10.3,659.0
2026-06-08 16:00:00,30.6,57,0.2,10.5,454.0
2026-06-08 17:00:00,29.6,61,0.0,12.2,242.0
2026-06-08 18:00:00,29.4,61,0.0,12.4,76.0
2026-06-08 19:00:00,28.9,65,0.0,9.9,3.0
2026-06-08 20:00:00,29.1,62,0.0,12.2,0.0
2026-06-08 21:00:00,28.6,62,0.0,14.0,0.0
2026-06-08 22:00:00,27.6,68,0.0,13.3,0.0
2026-06-08 23:00:00,27.8,71,0.0,14.6,0.0
2026-06-09 00:00:00,26.9,75,0.0,13.6,0.0
2026-06-09 01:00:00,26.6,77,0.0,12.1,0.0
2026-06-09 02:00:00,26.6,77,0.0,12.1,0.0
2026-06-09 03:00:00,26.5,78,0.0,13.6,0.0
2026-06-09 04:00:00,26.3,79,0.0,14.1,0.0
2026-06-09 05:00:00,25.6,80,0.0,12.7,0.0
2026-06-09 06:00:00,25.6,81,0.0,11.1,22.0
2026-06-09 07:00:00,26.5,79,0.0,11.2,144.0
2026-06-09 08:00:00,27.8,72,0.0,14.1,340.0
2026-06-09 09:00:00,29.0,66,0.0,15.4,471.0
2026-06-09 10:00:00,29.7,62,0.0,15.4,461.0
2026-06-09 11:00:00,29.6,62,0.0,14.1,717.0
2026-06-09 12:00:00,30.4,60,0.0,13.4,473.0
2026-06-09 13:00:00,31.6,56,0.0,11.6,771.0
2026-06-09 14:00:00,32.2,52,0.0,10.9,713.0
2026-06-09 15:00:00,28.7,69,1.0,11.7,603.0
2026-06-09 16:00:00,28.5,69,0.2,14.8,387.0
2026-06-09 17:00:00,27.9,75,0.0,8.3,215.0
2026-06-09 18:00:00,27.7,76,0.1,6.8,47.0
2026-06-09 19:00:00,27.9,75,0.0,10.7,2.0
2026-06-09 20:00:00,27.8,74,0.0,11.1,0.0
2026-06-09 21:00:00,27.5,74,0.0,12.2,0.0
2026-06-09 22:00:00,27.1,74,0.0,13.8,0.0
2026-06-09 23:00:00,27.2,74,0.0,16.1,0.0
2026-06-10 00:00:00,25.6,79,0.0,16.1,0.0
2026-06-10 01:00:00,25.0,81,0.0,15.8,0.0
2026-06-10 02:00:00,25.1,83,0.0,13.0,0.0
2026-06-10 03:00:00,25.1,83,0.0,13.6,0.0
2026-06-10 04:00:00,25.0,83,0.0,13.2,0.0
2026-06-10 05:00:00,25.7,80,0.0,16.1,0.0
2026-06-10 06:00:00,25.9,78,0.0,15.4,28.0
2026-06-10 07:00:00,26.8,75,0.0,15.0,178.0
2026-06-10 08:00:00,27.9,71,0.0,15.7,390.0
2026-06-10 09:00:00,29.3,66,0.0,15.6,601.0
2026-06-10 10:00:00,31.0,60,0.0,15.3,774.0
2026-06-10 11:00:00,31.8,54,0.0,14.2,890.0
2026-06-10 12:00:00,32.7,50,0.0,13.2,945.0
2026-06-10 13:00:00,33.5,47,0.0,11.4,929.0
2026-06-10 14:00:00,33.9,45,0.0,10.0,842.0
2026-06-10 15:00:00,34.0,44,0.0,9.0,686.0
2026-06-10 16:00:00,33.9,45,0.0,7.8,501.0
2026-06-10 17:00:00,32.8,47,0.0,6.5,285.0
2026-06-10 18:00:00,30.2,61,0.7,10.3,51.0
2026-06-10 19:00:00,28.0,68,0.2,10.4,3.0
2026-06-10 20:00:00,27.9,70,0.1,10.5,0.0
2026-06-10 21:00:00,27.7,70,0.0,11.6,0.0
2026-06-10 22:00:00,27.8,67,0.0,11.2,0.0
2026-06-10 23:00:00,28.0,65,0.0,14.5,0.0
2026-06-11 00:00:00,27.5,66,0.0,14.7,0.0
2026-06-11 01:00:00,27.1,67,0.0,15.5,0.0
2026-06-11 02:00:00,27.0,69,0.0,14.5,0.0
2026-06-11 03:00:00,26.7,70,0.0,14.0,0.0
2026-06-11 04:00:00,26.3,70,0.0,14.4,0.0
2026-06-11 05:00:00,25.8,72,0.0,11.3,0.0
2026-06-11 06:00:00,25.9,72,0.0,6.4,29.0
2026-06-11 07:00:00,26.9,67,0.0,2.0,185.0
2026-06-11 08:00:00,28.0,64,0.0,5.8,395.0
2026-06-11 09:00:00,29.3,61,0.0,7.7,606.0
2026-06-11 10:00:00,30.9,57,0.0,8.6,778.0
2026-06-11 11:00:00,31.7,55,0.0,8.6,897.0
2026-06-11 12:00:00,32.8,50,0.0,8.4,957.0
2026-06-11 13:00:00,33.7,47,0.0,8.1,900.0
2026-06-11 14:00:00,34.3,44,0.0,7.2,810.0
2026-06-11 15:00:00,34.5,42,0.0,7.6,659.0
2026-06-11 16:00:00,34.3,42,0.0,8.1,480.0
2026-06-11 17:00:00,34.3,45,0.0,8.0,276.0
2026-06-11 18:00:00,32.5,54,0.0,5.6,85.0
2026-06-11 19:00:00,30.3,63,0.0,8.5,3.0
2026-06-11 20:00:00,29.6,64,0.0,9.6,0.0
2026-06-11 21:00:00,29.3,64,0.0,8.1,0.0
2026-06-11 22:00:00,29.0,60,0.0,8.5,0.0
2026-06-11 23:00:00,28.6,61,0.0,7.4,0.0
2026-06-12 00:00:00,28.0,63,0.0,7.6,0.0
2026-06-12 01:00:00,27.6,61,0.0,8.6,0.0
2026-06-12 02:00:00,27.1,60,0.0,11.2,0.0
2026-06-12 03:00:00,27.0,58,0.0,13.2,0.0
2026-06-12 04:00:00,26.6,65,0.0,12.8,0.0
2026-06-12 05:00:00,25.9,70,0.0,10.8,0.0
2026-06-12 06:00:00,26.2,75,0.0,9.3,30.0
2026-06-12 07:00:00,27.5,72,0.0,11.0,186.0
2026-06-12 08:00:00,28.8,67,0.0,12.8,392.0
2026-06-12 09:00:00,30.4,60,0.0,11.8,594.0
2026-06-12 10:00:00,31.8,54,0.0,11.5,761.0
2026-06-12 11:00:00,30.8,56,0.0,11.4,882.0
2026-06-12 12:00:00,31.8,51,0.0,10.7,477.0
2026-06-12 13:00:00,32.9,47,0.0,10.9,626.0
2026-06-12 14:00:00,33.9,42,0.0,10.0,721.0
2026-06-12 15:00:00,34.1,40,0.0,9.7,542.0
2026-06-12 16:00:00,33.8,41,0.0,9.4,371.0
2026-06-12 17:00:00,34.0,39,0.0,8.3,238.0
2026-06-12 18:00:00,32.9,46,0.0,6.3,85.0
2026-06-12 19:00:00,31.6,53,0.0,6.4,3.0
2026-06-12 20:00:00,30.9,56,0.0,7.2,0.0
2026-06-12 21:00:00,30.4,56,0.0,9.3,0.0
2026-06-12 22:00:00,29.7,58,0.0,8.5,0.0
2026-06-12 23:00:00,28.8,63,0.0,4.8,0.0
2026-06-13 00:00:00,27.9,67,0.0,5.3,0.0
2026-06-13 01:00:00,27.5,68,0.0,6.8,0.0
2026-06-13 02:00:00,27.3,68,0.0,7.2,0.0
2026-06-13 03:00:00,27.2,67,0.0,6.9,0.0
2026-06-13 04:00:00,27.1,64,0.0,10.5,0.0
2026-06-13 05:00:00,25.1,75,0.0,8.9,0.0
2026-06-13 06:00:00,24.5,82,0.3,10.0,6.0
2026-06-13 07:00:00,25.4,80,0.0,6.0,80.0
2026-06-13 08:00:00,26.8,75,0.0,10.4,202.0
2026-06-13 09:00:00,28.2,71,0.0,13.2,323.0
2026-06-13 10:00:00,29.5,65,0.0,13.5,467.0
2026-06-13 11:00:00,31.2,57,0.0,12.4,881.0
2026-06-13 12:00:00,31.6,56,0.0,11.9,657.0
2026-06-13 13:00:00,32.1,54,0.0,12.1,652.0
2026-06-13 14:00:00,32.9,50,0.0,11.2,699.0
2026-06-13 15:00:00,32.8,48,0.0,11.7,600.0
2026-06-13 16:00:00,28.1,67,1.1,5.1,364.0
2026-06-13 17:00:00,30.3,50,0.9,14.1,49.0
2026-06-13 18:00:00,29.0,56,0.1,12.3,13.0
2026-06-13 19:00:00,28.2,62,0.1,7.6,1.0
2026-06-13 20:00:00,27.8,64,0.0,7.9,0.0
2026-06-13 21:00:00,27.0,70,0.0,6.5,0.0
2026-06-13 22:00:00,26.8,71,0.2,4.9,0.0
2026-06-13 23:00:00,25.1,80,0.1,9.4,0.0
2026-06-14 00:00:00,25.7,73,0.3,8.6,0.0
2026-06-14 01:00:00,26.0,69,0.0,8.6,0.0
2026-06-14 02:00:00,26.1,66,0.0,8.6,0.0
2026-06-14 03:00:00,26.1,63,0.0,9.9,0.0
2026-06-14 04:00:00,26.6,58,0.0,14.6,0.0
2026-06-14 05:00:00,26.1,66,0.0,15.3,0.0
2026-06-14 06:00:00,26.0,69,0.0,15.7,8.0
2026-06-14 07:00:00,26.3,71,0.0,15.1,59.0
2026-06-14 08:00:00,26.7,72,0.0,15.6,111.0
2026-06-14 09:00:00,28.1,65,0.0,16.0,240.0
2026-06-14 10:00:00,30.4,57,0.0,15.7,641.0
2026-06-14 11:00:00,30.2,59,0.0,13.5,719.0
2026-06-14 12:00:00,31.5,55,0.0,12.3,855.0
2026-06-14 13:00:00,32.3,52,0.0,12.5,829.0
2026-06-14 14:00:00,32.6,51,0.1,12.7,716.0
2026-06-14 15:00:00,33.0,48,0.0,12.8,611.0
2026-06-14 16:00:00,32.5,47,0.0,13.2,401.0
2026-06-14 17:00:00,32.4,47,0.2,11.3,241.0
2026-06-14 18:00:00,30.6,57,0.1,6.2,85.0
2026-06-14 19:00:00,29.8,63,0.0,5.5,3.0
2026-06-14 20:00:00,29.0,65,0.0,5.9,0.0
2026-06-14 21:00:00,28.3,70,0.0,3.7,0.0
2026-06-14 22:00:00,27.8,69,0.0,6.6,0.0
2026-06-14 23:00:00,26.9,66,0.0,7.6,0.0
2026-06-15 00:00:00,26.7,64,0.0,10.4,0.0
2026-06-15 01:00:00,27.0,57,0.0,13.6,0.0
2026-06-15 02:00:00,27.3,55,0.0,12.9,0.0
2026-06-15 03:00:00,26.8,60,0.0,13.9,0.0
2026-06-15 04:00:00,26.6,62,0.0,14.3,0.0
2026-06-15 05:00:00,26.5,62,0.0,12.4,0.0
2026-06-15 06:00:00,26.4,65,0.0,11.6,27.0
2026-06-15 07:00:00,27.4,63,0.0,10.3,176.0
2026-06-15 08:00:00,28.8,56,0.0,14.3,380.0
2026-06-15 09:00:00,30.2,52,0.0,15.7,603.0
2026-06-15 10:00:00,31.5,49,0.0,15.3,780.0
2026-06-15 11:00:00,32.3,47,0.0,14.0,900.0
2026-06-15 12:00:00,33.0,47,0.0,13.5,910.0
2026-06-15 13:00:00,33.6,45,0.0,13.0,861.0
2026-06-15 14:00:00,33.9,42,0.0,12.5,761.0
2026-06-15 15:00:00,34.0,41,0.0,12.0,643.0
2026-06-15 16:00:00,33.5,41,0.0,11.7,427.0
2026-06-15 17:00:00,33.9,37,0.0,9.2,262.0
2026-06-15 18:00:00,33.2,39,0.0,6.2,95.0
2026-06-15 19:00:00,32.5,47,0.0,2.5,3.0
2026-06-15 20:00:00,31.5,50,0.0,5.0,0.0
2026-06-15 21:00:00,30.6,54,0.0,6.4,0.0
2026-06-15 22:00:00,29.5,57,0.0,6.5,0.0
2026-06-15 23:00:00,29.2,55,0.0,8.4,0.0
2026-06-16 00:00:00,28.6,55,0.0,7.0,0.0
2026-06-16 01:00:00,28.3,52,0.0,11.1,0.0
2026-06-16 02:00:00,28.0,52,0.0,9.9,0.0
2026-06-16 03:00:00,27.2,56,0.0,9.8,0.0
2026-06-16 04:00:00,26.9,53,0.0,11.1,0.0
2026-06-16 05:00:00,27.1,53,0.0,13.2,0.0
2026-06-16 06:00:00,27.1,56,0.0,13.0,29.0
2026-06-16 07:00:00,28.2,55,0.0,12.6,178.0
2026-06-16 08:00:00,29.3,53,0.0,13.9,334.0
2026-06-16 09:00:00,31.1,48,0.0,14.5,590.0
2026-06-16 10:00:00,32.6,44,0.0,14.8,786.0
2026-06-16 11:00:00,32.7,45,0.0,12.0,906.0
2026-06-16 12:00:00,33.7,42,0.0,11.8,901.0
2026-06-16 13:00:00,34.3,38,0.0,11.2,790.0
2026-06-16 14:00:00,34.9,34,0.0,9.9,751.0
2026-06-16 15:00:00,35.2,32,0.0,11.2,672.0
2026-06-16 16:00:00,34.9,32,0.0,11.1,468.0
2026-06-16 17:00:00,35.2,30,0.0,8.9,302.0
2026-06-16 18:00:00,34.5,31,0.0,7.8,104.0
2026-06-16 19:00:00,33.9,33,0.0,4.4,4.0
2026-06-16 20:00:00,33.3,36,0.0,4.1,0.0
2026-06-16 21:00:00,32.1,41,0.0,7.3,0.0
2026-06-16 22:00:00,30.4,50,0.0,8.0,0.0
2026-06-16 23:00:00,30.3,50,0.0,7.8,0.0
2026-06-17 00:00:00,29.3,52,0.0,6.8,0.0
2026-06-17 01:00:00,28.4,56,0.0,5.8,0.0
2026-06-17 02:00:00,27.9,58,0.0,6.7,0.0
2026-06-17 03:00:00,27.4,59,0.0,6.9,0.0
2026-06-17 04:00:00,27.3,57,0.0,8.0,0.0
2026-06-17 05:00:00,27.5,50,0.0,9.7,0.0
2026-06-17 06:00:00,27.3,49,0.0,8.5,24.0
2026-06-17 07:00:00,28.9,45,0.0,9.7,185.0
2026-06-17 08:00:00,30.6,45,0.0,11.7,408.0
2026-06-17 09:00:00,32.4,42,0.0,10.7,605.0
2026-06-17 10:00:00,34.0,38,0.0,10.6,774.0
2026-06-17 11:00:00,35.0,37,0.0,10.1,897.0
2026-06-17 12:00:00,35.6,32,0.0,10.6,832.0
2026-06-17 13:00:00,35.9,32,0.0,11.6,846.0
2026-06-17 14:00:00,36.2,29,0.0,10.5,789.0
2026-06-17 15:00:00,35.7,30,0.1,10.1,609.0
2026-06-17 16:00:00,35.6,31,0.0,9.5,469.0
2026-06-17 17:00:00,35.6,32,0.0,10.5,272.0
2026-06-17 18:00:00,32.4,43,1.1,15.8,97.0
2026-06-17 19:00:00,32.0,44,0.0,8.2,4.0
2026-06-17 20:00:00,31.7,45,0.0,7.7,0.0
2026-06-17 21:00:00,31.3,47,0.0,7.0,0.0
2026-06-17 22:00:00,30.4,50,0.0,8.4,0.0
2026-06-17 23:00:00,30.7,45,0.0,4.6,0.0
2026-06-18 00:00:00,29.8,49,0.0,10.0,0.0
2026-06-18 01:00:00,28.5,56,0.0,4.6,0.0
2026-06-18 02:00:00,28.1,58,0.0,4.0,0.0
2026-06-18 03:00:00,27.3,63,0.0,6.5,0.0
2026-06-18 04:00:00,27.5,62,0.0,7.8,0.0
2026-06-18 05:00:00,27.8,63,0.0,8.3,0.0
2026-06-18 06:00:00,28.0,55,0.0,11.4,28.0
2026-06-18 07:00:00,29.4,49,0.0,12.5,189.0
2026-06-18 08:00:00,31.0,45,0.0,12.9,402.0
2026-06-18 09:00:00,32.1,43,0.0,13.7,604.0
2026-06-18 10:00:00,33.4,41,0.0,12.5,775.0
2026-06-18 11:00:00,34.5,38,0.0,13.4,897.0
2026-06-18 12:00:00,34.5,38,0.1,13.2,946.0
2026-06-18 13:00:00,33.9,40,0.0,9.8,703.0
2026-06-18 14:00:00,34.8,39,0.1,9.0,727.0
2026-06-18 15:00:00,35.2,37,0.0,9.6,639.0
2026-06-18 16:00:00,35.0,37,0.0,10.4,474.0
2026-06-18 17:00:00,34.6,36,0.0,7.9,265.0
2026-06-18 18:00:00,33.9,38,0.0,7.6,101.0
2026-06-18 19:00:00,33.5,39,0.0,6.8,4.0
2026-06-18 20:00:00,33.3,38,0.0,5.2,0.0
2026-06-18 21:00:00,33.0,39,0.0,3.8,0.0
2026-06-18 22:00:00,32.1,43,0.0,5.8,0.0
2026-06-18 23:00:00,31.4,43,0.0,7.0,0.0
2026-06-19 00:00:00,30.5,47,0.1,5.7,0.0
2026-06-19 01:00:00,29.9,51,0.0,4.4,0.0
2026-06-19 02:00:00,29.2,55,0.0,1.8,0.0
2026-06-19 03:00:00,28.7,58,0.0,5.0,0.0
2026-06-19 04:00:00,27.9,64,0.0,8.2,0.0
2026-06-19 05:00:00,26.2,73,0.0,12.2,0.0
2026-06-19 06:00:00,26.1,73,0.0,9.2,25.0
2026-06-19 07:00:00,27.4,65,0.0,11.5,168.0
2026-06-19 08:00:00,29.2,56,0.0,13.2,398.0
2026-06-19 09:00:00,30.7,50,0.0,14.6,599.0
2026-06-19 10:00:00,32.1,46,0.0,13.9,763.0
2026-06-19 11:00:00,33.2,44,0.0,10.5,873.0
2026-06-19 12:00:00,33.9,41,0.0,8.9,932.0
2026-06-19 13:00:00,34.7,39,0.0,8.5,910.0
2026-06-19 14:00:00,34.8,38,0.0,8.3,802.0
2026-06-19 15:00:00,34.7,38,0.0,7.8,658.0
2026-06-19 16:00:00,34.3,38,0.0,8.4,494.0
2026-06-19 17:00:00,34.9,34,0.1,9.0,292.0
2026-06-19 18:00:00,34.4,34,0.0,8.1,102.0
2026-06-19 19:00:00,33.6,38,0.0,9.1,4.0
2026-06-19 20:00:00,33.1,40,0.0,8.9,0.0
2026-06-19 21:00:00,32.1,44,0.0,8.0,0.0
2026-06-19 22:00:00,30.9,48,0.0,8.4,0.0
2026-06-19 23:00:00,31.0,48,0.0,5.4,0.0
2026-06-20 00:00:00,30.5,48,0.0,6.4,0.0
2026-06-20 01:00:00,30.0,50,0.0,6.1,0.0
2026-06-20 02:00:00,29.4,50,0.0,8.5,0.0
2026-06-20 03:00:00,29.1,51,0.0,6.8,0.0
2026-06-20 04:00:00,29.1,51,0.0,10.9,0.0
2026-06-20 05:00:00,28.6,51,0.0,9.7,0.0
2026-06-20 06:00:00,28.3,52,0.0,8.0,16.0
2026-06-20 07:00:00,29.7,47,0.0,10.7,156.0
2026-06-20 08:00:00,31.3,43,0.0,15.3,332.0
2026-06-20 09:00:00,32.8,41,0.0,14.8,594.0
2026-06-20 10:00:00,32.6,43,0.0,12.5,357.0
2026-06-20 11:00:00,34.9,37,0.0,11.1,568.0
2026-06-20 12:00:00,36.1,34,0.0,9.3,950.0
2026-06-20 13:00:00,36.8,33,0.0,8.6,901.0
2026-06-20 14:00:00,36.9,33,0.0,8.5,817.0
2026-06-20 15:00:00,36.1,34,0.2,7.4,620.0
2026-06-20 16:00:00,35.7,35,0.1,7.5,459.0
2026-06-20 17:00:00,35.0,36,0.2,3.8,249.0
2026-06-20 18:00:00,34.3,38,0.0,3.4,95.0
2026-06-20 19:00:00,31.5,50,0.5,4.4,4.0
2026-06-20 20:00:00,31.3,51,0.0,7.9,0.0
2026-06-20 21:00:00,30.1,55,0.0,9.7,0.0
2026-06-20 22:00:00,29.1,59,0.0,3.3,0.0
2026-06-20 23:00:00,26.9,72,0.1,6.5,0.0
2026-06-21 00:00:00,27.0,69,0.3,7.1,0.0
2026-06-21 01:00:00,27.5,65,0.0,7.2,0.0
2026-06-21 02:00:00,27.4,64,0.0,8.2,0.0
2026-06-21 03:00:00,26.9,65,0.0,8.5,0.0
2026-06-21 04:00:00,25.9,72,0.7,4.8,0.0
2026-06-21 05:00:00,26.3,69,1.3,9.5,0.0
2026-06-21 06:00:00,26.5,67,0.0,12.1,23.0
2026-06-21 07:00:00,27.1,64,0.0,11.0,125.0
2026-06-21 08:00:00,28.1,61,0.0,10.7,189.0
2026-06-21 09:00:00,29.3,58,0.0,12.0,288.0
2026-06-21 10:00:00,29.6,57,0.0,11.0,252.0
2026-06-21 11:00:00,30.4,56,0.0,7.5,325.0
2026-06-21 12:00:00,31.7,51,0.0,4.6,693.0
2026-06-21 13:00:00,32.6,48,0.0,3.8,683.0
2026-06-21 14:00:00,32.4,48,0.0,3.2,475.0
2026-06-21 15:00:00,32.0,48,0.0,1.8,287.0
2026-06-21 16:00:00,31.5,50,0.0,2.2,147.0
2026-06-21 17:00:00,31.5,52,0.0,5.2,123.0
2026-06-21 18:00:00,30.7,57,0.0,6.9,81.0
2026-06-21 19:00:00,29.8,60,0.0,7.9,4.0
2026-06-21 20:00:00,29.0,64,0.0,6.2,0.0
2026-06-21 21:00:00,28.5,66,0.0,6.5,0.0
2026-06-21 22:00:00,28.2,67,0.0,6.9,0.0
2026-06-21 23:00:00,28.3,68,0.0,10.0,0.0
2026-06-22 00:00:00,27.8,69,0.0,10.4,0.0
2026-06-22 01:00:00,27.4,69,0.0,10.4,0.0
2026-06-22 02:00:00,27.1,68,0.0,12.1,0.0
2026-06-22 03:00:00,26.9,68,0.0,12.5,0.0
2026-06-22 04:00:00,26.6,69,0.0,12.3,0.0
2026-06-22 05:00:00,26.9,70,0.0,13.1,0.0
2026-06-22 06:00:00,26.6,72,0.0,13.7,26.0
2026-06-22 07:00:00,27.2,72,0.0,13.3,175.0
2026-06-22 08:00:00,28.4,67,0.0,13.6,388.0
2026-06-22 09:00:00,30.0,59,0.0,14.2,583.0
2026-06-22 10:00:00,31.3,52,0.0,13.7,720.0
2026-06-22 11:00:00,32.0,50,0.0,10.4,681.0
2026-06-22 12:00:00,33.0,48,0.0,11.0,908.0
2026-06-22 13:00:00,33.2,47,0.0,11.3,871.0
2026-06-22 14:00:00,32.9,47,0.0,10.1,674.0
2026-06-22 15:00:00,33.2,47,0.0,8.9,666.0
2026-06-22 16:00:00,32.8,48,0.0,7.1,446.0
2026-06-22 17:00:00,32.5,45,0.0,8.7,241.0
2026-06-22 18:00:00,32.7,43,0.0,9.6,92.0
2026-06-22 19:00:00,32.2,46,0.0,7.3,4.0
2026-06-22 20:00:00,31.9,47,0.0,7.1,0.0
2026-06-22 21:00:00,31.4,50,0.0,7.7,0.0
2026-06-22 22:00:00,30.6,54,0.0,7.7,0.0
2026-06-22 23:00:00,27.1,72,0.0,5.5,0.0
2026-06-23 00:00:00,27.3,71,0.1,4.6,0.0
2026-06-23 01:00:00,27.9,67,0.0,7.2,0.0
2026-06-23 02:00:00,26.0,71,0.4,10.1,0.0
2026-06-23 03:00:00,23.6,86,1.0,10.6,0.0
2026-06-23 04:00:00,23.9,87,0.6,8.7,0.0
2026-06-23 05:00:00,25.6,74,0.1,15.5,0.0
2026-06-23 06:00:00,25.5,75,0.0,15.3,13.0
2026-06-23 07:00:00,25.8,74,0.0,15.5,82.0
2026-06-23 08:00:00,27.0,67,0.0,17.5,161.0
2026-06-23 09:00:00,28.7,59,0.0,16.2,315.0
2026-06-23 10:00:00,29.5,56,0.0,15.5,340.0
2026-06-23 11:00:00,30.0,56,0.0,13.6,425.0
2026-06-23 12:00:00,29.8,58,0.2,15.2,707.0
2026-06-23 13:00:00,30.9,54,0.0,14.6,808.0
2026-06-23 14:00:00,31.4,52,0.0,13.2,808.0
2026-06-23 15:00:00,31.9,49,0.0,12.9,685.0
2026-06-23 16:00:00,31.8,48,0.0,13.5,511.0
2026-06-23 17:00:00,31.8,45,0.2,13.8,270.0
2026-06-23 18:00:00,31.1,46,0.0,17.4,107.0
2026-06-23 19:00:00,30.3,48,0.1,18.8,3.0
2026-06-23 20:00:00,28.7,57,0.0,11.1,0.0
2026-06-23 21:00:00,28.4,59,0.0,9.8,0.0
2026-06-23 22:00:00,28.5,57,0.0,11.5,0.0
2026-06-23 23:00:00,27.6,57,0.0,17.5,0.0
2026-06-24 00:00:00,26.7,62,0.0,17.5,0.0
2026-06-24 01:00:00,26.0,66,0.0,16.1,0.0
2026-06-24 02:00:00,25.5,69,0.0,14.8,0.0
2026-06-24 03:00:00,25.4,71,0.1,12.7,0.0
2026-06-24 04:00:00,25.4,69,0.0,13.1,0.0
2026-06-24 05:00:00,24.6,74,0.0,13.1,0.0
2026-06-24 06:00:00,24.7,75,0.0,12.7,21.0
2026-06-24 07:00:00,25.6,72,0.0,13.5,149.0
2026-06-24 08:00:00,27.0,64,0.0,18.6,321.0
2026-06-24 09:00:00,27.9,60,0.0,17.8,338.0
2026-06-24 10:00:00,28.9,57,0.0,16.2,358.0
2026-06-24 11:00:00,29.5,53,0.0,17.5,393.0
2026-06-24 12:00:00,29.5,52,0.1,17.0,534.0
2026-06-24 13:00:00,29.5,52,0.0,15.9,407.0
2026-06-24 14:00:00,31.0,49,0.0,14.5,770.0
2026-06-24 15:00:00,30.9,50,0.0,16.6,671.0
2026-06-24 16:00:00,30.5,52,0.1,13.9,453.0
2026-06-24 17:00:00,30.2,49,0.1,12.3,289.0
2026-06-24 18:00:00,29.7,51,0.0,10.6,104.0
2026-06-24 19:00:00,28.5,57,0.0,9.6,3.0
2026-06-24 20:00:00,27.1,65,0.0,11.4,0.0
2026-06-24 21:00:00,26.6,69,0.0,7.3,0.0
2026-06-24 22:00:00,26.2,72,0.0,6.3,0.0
2026-06-24 23:00:00,24.6,82,0.0,10.2,0.0
2026-06-25 00:00:00,24.4,82,0.0,8.7,0.0
2026-06-25 01:00:00,24.4,81,0.0,8.2,0.0
2026-06-25 02:00:00,24.4,80,0.0,9.3,0.0
2026-06-25 03:00:00,24.0,80,0.1,12.5,0.0
2026-06-25 04:00:00,24.1,79,0.0,12.5,0.0
2026-06-25 05:00:00,23.8,83,0.0,12.8,0.0
2026-06-25 06:00:00,24.0,81,0.0,12.3,25.0
2026-06-25 07:00:00,25.1,77,0.0,13.0,173.0
2026-06-25 08:00:00,26.5,69,0.0,15.6,353.0
2026-06-25 09:00:00,28.0,61,0.0,15.6,521.0
2026-06-25 10:00:00,29.4,55,0.0,15.2,635.0
2026-06-25 11:00:00,29.5,55,0.1,15.9,801.0
2026-06-25 12:00:00,29.9,53,0.4,17.2,882.0
2026-06-25 13:00:00,29.6,54,0.6,16.9,701.0
2026-06-25 14:00:00,30.0,55,0.4,14.2,725.0
2026-06-25 15:00:00,30.5,54,0.0,11.8,671.0
2026-06-25 16:00:00,30.3,53,0.0,12.4,486.0
2026-06-25 17:00:00,29.1,58,0.0,11.9,293.0
2026-06-25 18:00:00,28.3,62,0.0,10.2,75.0
2026-06-25 19:00:00,27.7,66,0.0,8.5,3.0
2026-06-25 20:00:00,27.4,68,0.0,8.0,0.0
2026-06-25 21:00:00,27.0,70,0.0,8.6,0.0
2026-06-25 22:00:00,26.2,74,0.2,9.1,0.0
2026-06-25 23:00:00,25.8,77,0.0,9.5,0.0
2026-06-26 00:00:00,25.6,78,0.0,10.1,0.0
2026-06-26 01:00:00,25.3,78,0.0,10.6,0.0
2026-06-26 02:00:00,24.9,79,0.0,11.2,0.0
2026-06-26 03:00:00,24.6,80,0.0,10.3,0.0
2026-06-26 04:00:00,24.4,82,0.0,10.1,0.0
2026-06-26 05:00:00,24.6,83,0.0,11.6,0.0
2026-06-26 06:00:00,24.4,86,0.0,11.6,17.0
2026-06-26 07:00:00,24.7,87,0.3,11.2,79.0
2026-06-26 08:00:00,25.5,81,0.0,11.6,170.0
2026-06-26 09:00:00,27.2,73,0.0,13.1,402.0
2026-06-26 10:00:00,28.7,67,0.0,14.1,679.0
2026-06-26 11:00:00,29.2,63,0.0,13.7,777.0
2026-06-26 12:00:00,28.8,62,0.3,14.7,855.0
2026-06-26 13:00:00,29.8,59,0.3,13.8,662.0
2026-06-26 14:00:00,30.1,56,0.0,11.3,694.0
2026-06-26 15:00:00,30.4,55,0.0,10.5,488.0
2026-06-26 16:00:00,30.8,52,0.0,10.5,403.0
2026-06-26 17:00:00,29.6,59,0.0,9.1,189.0
2026-06-26 18:00:00,29.0,64,0.0,5.8,87.0
2026-06-26 19:00:00,28.6,68,0.0,4.5,4.0
2026-06-26 20:00:00,28.3,69,0.0,4.8,0.0
2026-06-26 21:00:00,27.8,74,0.0,3.8,0.0
2026-06-26 22:00:00,27.4,77,0.0,2.1,0.0
2026-06-26 23:00:00,26.0,77,0.3,7.1,0.0
2026-06-27 00:00:00,24.7,85,1.6,7.3,0.0
2026-06-27 01:00:00,24.1,92,1.0,4.4,0.0
2026-06-27 02:00:00,24.2,89,0.3,5.6,0.0
2026-06-27 03:00:00,24.4,88,0.0,5.6,0.0
2026-06-27 04:00:00,24.4,87,0.1,7.6,0.0
2026-06-27 05:00:00,24.8,86,0.1,8.5,0.0
2026-06-27 06:00:00,25.2,84,0.0,8.4,22.0
2026-06-27 07:00:00,26.1,79,0.0,9.7,142.0
2026-06-27 08:00:00,27.3,72,0.0,13.2,322.0
2026-06-27 09:00:00,27.9,67,0.0,13.3,406.0
2026-06-27 10:00:00,28.7,65,0.2,13.8,579.0
2026-06-27 11:00:00,27.9,70,0.1,12.8,799.0
2026-06-27 12:00:00,28.1,69,0.3,11.5,546.0
2026-06-27 13:00:00,28.3,70,0.2,9.9,501.0
2026-06-27 14:00:00,27.8,73,0.1,9.7,366.0
2026-06-27 15:00:00,28.1,71,0.2,10.2,312.0
2026-06-27 16:00:00,28.3,70,0.0,8.4,331.0
2026-06-27 17:00:00,27.9,75,0.0,6.8,223.0
2026-06-27 18:00:00,27.9,74,0.0,4.8,72.0
2026-06-27 19:00:00,27.3,78,0.0,4.8,4.0
2026-06-27 20:00:00,26.8,82,0.0,4.0,0.0
2026-06-27 21:00:00,26.5,83,0.0,4.9,0.0
2026-06-27 22:00:00,26.2,83,0.0,6.7,0.0
2026-06-27 23:00:00,25.2,90,0.0,2.5,0.0
2026-06-28 00:00:00,25.0,92,0.8,5.2,0.0
2026-06-28 01:00:00,24.6,94,0.2,1.0,0.0
2026-06-28 02:00:00,24.4,97,0.5,4.8,0.0
2026-06-28 03:00:00,24.6,96,0.6,6.6,0.0
2026-06-28 04:00:00,24.3,94,0.2,9.2,0.0
2026-06-28 05:00:00,24.7,89,0.3,9.8,0.0
2026-06-28 06:00:00,24.7,88,0.0,8.8,23.0
2026-06-28 07:00:00,25.6,84,0.0,10.5,168.0
2026-06-28 08:00:00,27.0,76,0.0,11.2,359.0
2026-06-28 09:00:00,28.6,70,0.0,7.8,577.0
2026-06-28 10:00:00,30.0,64,0.0,7.4,752.0
2026-06-28 11:00:00,31.1,60,0.0,8.3,846.0
2026-06-28 12:00:00,31.8,58,0.0,7.6,899.0
2026-06-28 13:00:00,32.6,53,0.1,5.4,878.0
2026-06-28 14:00:00,25.4,87,3.0,17.3,138.0
2026-06-28 15:00:00,27.6,80,2.5,3.8,472.0
2026-06-28 16:00:00,29.1,70,0.1,4.3,441.0
2026-06-28 17:00:00,28.8,71,0.0,4.5,237.0
2026-06-28 18:00:00,28.1,75,0.0,4.7,77.0
2026-06-28 19:00:00,27.5,80,0.0,4.8,5.0
2026-06-28 20:00:00,27.3,80,0.0,5.8,0.0
2026-06-28 21:00:00,23.2,95,3.7,14.3,0.0
2026-06-28 22:00:00,23.6,97,2.0,5.7,0.0
2026-06-28 23:00:00,26.0,82,0.6,6.9,0.0
2026-06-29 00:00:00,25.6,84,0.0,9.7,0.0
2026-06-29 01:00:00,25.2,85,0.0,8.2,0.0
2026-06-29 02:00:00,24.9,87,0.0,8.6,0.0
2026-06-29 03:00:00,24.6,88,0.0,9.8,0.0
2026-06-29 04:00:00,24.3,89,0.0,9.8,0.0
2026-06-29 05:00:00,24.3,92,0.0,9.7,0.0
2026-06-29 06:00:00,24.3,90,0.0,10.4,17.0
2026-06-29 07:00:00,24.7,87,0.0,10.2,86.0
2026-06-29 08:00:00,25.7,80,0.0,11.9,191.0
2026-06-29 09:00:00,26.3,77,0.0,10.1,210.0
2026-06-29 10:00:00,27.0,74,0.0,8.0,240.0
2026-06-29 11:00:00,27.1,72,0.0,11.4,487.0
2026-06-29 12:00:00,28.4,66,0.0,9.6,571.0
2026-06-29 13:00:00,29.5,62,0.1,9.5,789.0
2026-06-29 14:00:00,29.4,62,0.3,11.7,741.0
2026-06-29 15:00:00,29.4,62,0.2,10.9,575.0
2026-06-29 16:00:00,29.6,61,0.1,9.8,439.0
2026-06-29 17:00:00,29.1,64,0.0,12.5,291.0
2026-06-29 18:00:00,27.9,72,0.2,10.1,91.0
2026-06-29 19:00:00,27.3,75,0.0,9.7,5.0
2026-06-29 20:00:00,26.9,76,0.0,9.3,0.0
2026-06-29 21:00:00,26.6,77,0.0,8.5,0.0
2026-06-29 22:00:00,26.3,77,0.0,11.2,0.0
2026-06-29 23:00:00,26.2,75,0.0,14.8,0.0
2026-06-30 00:00:00,25.5,81,0.0,16.5,0.0
2026-06-30 01:00:00,24.6,86,0.0,16.5,0.0
2026-06-30 02:00:00,24.3,87,0.0,16.5,0.0
2026-06-30 03:00:00,24.0,86,0.0,16.9,0.0
2026-06-30 04:00:00,23.8,86,0.0,16.1,0.0
2026-06-30 05:00:00,23.9,87,0.0,17.0,0.0
2026-06-30 06:00:00,24.1,86,0.0,16.3,21.0
2026-06-30 07:00:00,24.7,82,0.0,19.1,125.0
2026-06-30 08:00:00,25.7,77,0.0,18.3,270.0
2026-06-30 09:00:00,27.1,70,0.0,19.8,433.0
2026-06-30 10:00:00,27.9,67,0.0,18.1,479.0
2026-06-30 11:00:00,28.2,64,0.0,18.7,433.0
2026-06-30 12:00:00,29.1,60,0.0,19.0,676.0
2026-06-30 13:00:00,29.2,60,0.0,17.4,464.0
2026-06-30 14:00:00,29.4,58,0.3,16.1,526.0
2026-06-30 15:00:00,29.3,60,0.6,16.5,425.0
2026-06-30 16:00:00,29.8,58,0.2,14.6,397.0
2026-06-30 17:00:00,28.8,64,0.7,12.1,208.0
2026-06-30 18:00:00,28.3,68,0.0,11.1,82.0
2026-06-30 19:00:00,27.9,67,0.0,13.5,4.0
2026-06-30 20:00:00,26.6,73,0.0,13.1,0.0
2026-06-30 21:00:00,26.4,73,0.0,10.8,0.0
2026-06-30 22:00:00,26.3,74,0.0,11.3,0.0
2026-06-30 23:00:00,26.3,72,0.0,14.8,0.0
2026-07-01 00:00:00,26.1,72,0.0,15.7,0.0
2026-07-01 01:00:00,25.4,75,0.0,15.9,0.0
2026-07-01 02:00:00,24.7,80,0.2,15.4,0.0
2026-07-01 03:00:00,24.3,83,0.5,15.3,0.0
2026-07-01 04:00:00,23.8,86,0.6,16.0,0.0
2026-07-01 05:00:00,24.3,83,0.2,14.6,0.0
2026-07-01 06:00:00,24.2,83,0.1,16.1,12.0
2026-07-01 07:00:00,23.7,89,0.8,17.2,32.0
2026-07-01 08:00:00,23.9,90,0.5,14.8,106.0
2026-07-01 09:00:00,24.5,88,0.5,13.2,146.0
2026-07-01 10:00:00,26.2,78,0.2,17.8,502.0
2026-07-01 11:00:00,25.6,81,0.1,15.7,305.0
2026-07-01 12:00:00,26.2,76,0.0,15.5,270.0
2026-07-01 13:00:00,27.6,68,0.1,16.4,417.0
2026-07-01 14:00:00,28.8,63,0.2,19.0,637.0
2026-07-01 15:00:00,29.1,63,0.0,18.6,615.0
2026-07-01 16:00:00,28.9,63,0.0,17.2,492.0
2026-07-01 17:00:00,29.0,61,0.0,16.9,282.0
2026-07-01 18:00:00,27.9,65,0.0,16.2,90.0
2026-07-01 19:00:00,26.4,71,0.0,16.1,5.0
2026-07-01 20:00:00,26.3,74,0.0,15.9,0.0
2026-07-01 21:00:00,25.9,76,0.0,15.8,0.0
2026-07-01 22:00:00,25.5,78,0.0,15.9,0.0
2026-07-01 23:00:00,25.1,80,0.0,17.2,0.0
2026-07-02 00:00:00,24.3,86,0.5,18.2,0.0
2026-07-02 01:00:00,23.9,90,0.6,17.3,0.0
2026-07-02 02:00:00,23.7,91,0.6,17.8,0.0
2026-07-02 03:00:00,23.5,91,0.5,17.8,0.0
2026-07-02 04:00:00,23.5,90,0.5,17.5,0.0
2026-07-02 05:00:00,23.8,89,0.2,19.1,0.0
2026-07-02 06:00:00,23.7,89,0.4,18.0,7.0
2026-07-02 07:00:00,24.2,86,0.0,16.2,48.0
2026-07-02 08:00:00,24.9,83,0.0,16.8,109.0
2026-07-02 09:00:00,25.8,79,0.1,18.6,252.0
2026-07-02 10:00:00,25.6,82,0.5,15.5,260.0
2026-07-02 11:00:00,25.4,82,0.2,14.8,228.0
2026-07-02 12:00:00,26.4,75,0.1,14.0,211.0
2026-07-02 13:00:00,28.0,64,0.0,18.9,384.0
2026-07-02 14:00:00,28.6,61,0.0,19.9,509.0
2026-07-02 15:00:00,28.2,65,0.0,18.7,524.0
2026-07-02 16:00:00,27.8,67,0.2,16.9,342.0
2026-07-02 17:00:00,27.8,70,0.2,16.4,97.0
2026-07-02 18:00:00,25.0,89,1.7,10.1,28.0
2026-07-02 19:00:00,25.6,86,0.3,11.9,4.0
2026-07-02 20:00:00,26.2,77,0.0,14.0,0.0
2026-07-02 21:00:00,26.3,73,0.0,14.4,0.0
2026-07-02 22:00:00,25.9,73,0.1,13.9,0.0
2026-07-02 23:00:00,25.5,76,0.2,15.0,0.0
2026-07-03 00:00:00,24.6,81,0.3,17.1,0.0
2026-07-03 01:00:00,23.9,86,0.6,16.9,0.0
2026-07-03 02:00:00,23.7,88,0.6,16.5,0.0
2026-07-03 03:00:00,23.6,89,0.4,17.5,0.0
2026-07-03 04:00:00,23.5,90,0.3,17.8,0.0
2026-07-03 05:00:00,23.5,90,0.2,18.4,0.0
2026-07-03 06:00:00,23.7,89,0.1,18.2,11.0
2026-07-03 07:00:00,24.8,84,0.0,17.9,140.0
2026-07-03 08:00:00,26.6,73,0.0,23.1,323.0
2026-07-03 09:00:00,27.5,69,0.0,24.5,465.0
2026-07-03 10:00:00,28.0,66,0.1,24.5,439.0
2026-07-03 11:00:00,28.3,64,0.1,25.4,623.0
2026-07-03 12:00:00,27.1,71,0.2,21.4,293.0
2026-07-03 13:00:00,27.0,73,0.2,19.9,254.0
2026-07-03 14:00:00,26.1,77,1.0,21.0,191.0
2026-07-03 15:00:00,25.3,85,1.1,17.1,166.0
2026-07-03 16:00:00,25.1,84,0.5,17.5,99.0
2026-07-03 17:00:00,25.2,82,0.3,17.6,172.0
2026-07-03 18:00:00,25.4,81,0.2,15.9,36.0
2026-07-03 19:00:00,25.7,77,0.0,16.5,1.0
2026-07-03 20:00:00,25.4,79,0.2,17.5,0.0
2026-07-03 21:00:00,25.0,82,0.2,16.5,0.0
2026-07-03 22:00:00,24.8,84,0.2,16.7,0.0
2026-07-03 23:00:00,24.2,84,0.3,18.8,0.0
2026-07-04 00:00:00,23.9,86,0.1,19.5,0.0
2026-07-04 01:00:00,23.7,86,0.2,19.4,0.0
2026-07-04 02:00:00,23.5,88,0.2,18.8,0.0
2026-07-04 03:00:00,23.3,88,0.3,19.7,0.0
2026-07-04 04:00:00,23.1,90,0.6,20.7,0.0
2026-07-04 05:00:00,22.8,94,1.0,21.8,0.0
2026-07-04 06:00:00,22.9,93,0.7,19.6,12.0
2026-07-04 07:00:00,23.4,90,0.4,19.7,81.0
2026-07-04 08:00:00,24.3,85,0.2,19.0,186.0
2026-07-04 09:00:00,24.7,85,0.6,20.2,310.0
2026-07-04 10:00:00,24.0,89,1.1,19.1,141.0
2026-07-04 11:00:00,24.2,85,0.3,15.4,201.0
2026-07-04 12:00:00,24.2,88,0.7,19.4,145.0
2026-07-04 13:00:00,24.4,90,0.8,15.8,202.0
2026-07-04 14:00:00,24.7,88,0.4,20.9,161.0
2026-07-04 15:00:00,24.6,88,0.7,18.4,176.0
2026-07-04 16:00:00,24.4,89,0.7,19.7,124.0
2026-07-04 17:00:00,25.2,84,0.3,17.8,49.0
2026-07-04 18:00:00,24.3,87,0.4,19.0,21.0
2026-07-04 19:00:00,24.3,86,0.0,19.0,1.0
2026-07-04 20:00:00,24.3,85,0.0,21.3,0.0
2026-07-04 21:00:00,24.3,85,0.1,21.4,0.0
2026-07-04 22:00:00,23.9,87,0.6,22.2,0.0
2026-07-04 23:00:00,23.6,86,0.3,22.8,0.0
2026-07-05 00:00:00,23.4,86,0.2,21.3,0.0
2026-07-05 01:00:00,23.2,89,2.0,20.9,0.0
2026-07-05 02:00:00,23.4,88,0.1,21.9,0.0
2026-07-05 03:00:00,23.4,87,0.1,20.9,0.0
2026-07-05 04:00:00,23.2,88,0.4,20.1,0.0
2026-07-05 05:00:00,23.8,85,0.1,20.5,0.0
2026-07-05 06:00:00,23.9,84,0.0,19.5,12.0
2026-07-05 07:00:00,24.3,83,0.0,15.5,76.0
2026-07-05 08:00:00,24.9,80,0.0,17.7,185.0
2026-07-05 09:00:00,26.1,74,0.1,24.4,452.0
2026-07-05 10:00:00,26.3,75,0.1,21.1,480.0
2026-07-05 11:00:00,26.4,74,0.0,20.9,547.0
2026-07-05 12:00:00,26.8,71,0.0,21.2,400.0
2026-07-05 13:00:00,27.9,65,0.0,24.2,445.0
2026-07-05 14:00:00,27.0,71,0.0,19.4,218.0
2026-07-05 15:00:00,27.4,68,0.0,22.0,313.0
2026-07-05 16:00:00,25.3,80,0.3,17.1,100.0
2026-07-05 17:00:00,27.2,73,1.0,14.3,112.0
2026-07-05 18:00:00,26.7,70,0.0,19.5,57.0
2026-07-05 19:00:00,26.3,71,0.0,19.1,5.0
2026-07-05 20:00:00,25.9,71,0.0,18.2,0.0
2026-07-05 21:00:00,25.3,75,0.1,18.4,0.0
2026-07-05 22:00:00,25.7,73,0.0,21.1,0.0
2026-07-05 23:00:00,25.4,72,0.0,20.4,0.0
2026-07-06 00:00:00,25.1,74,0.0,20.6,0.0
2026-07-06 01:00:00,24.7,77,0.0,19.2,0.0
2026-07-06 02:00:00,24.4,78,0.0,18.8,0.0
2026-07-06 03:00:00,24.1,81,0.0,17.6,0.0
2026-07-06 04:00:00,24.0,83,0.2,18.8,0.0
2026-07-06 05:00:00,23.7,87,0.4,19.8,0.0
2026-07-06 06:00:00,23.9,85,0.0,18.8,12.0
2026-07-06 07:00:00,24.4,83,0.0,14.7,84.0
2026-07-06 08:00:00,24.6,83,0.0,15.7,70.0
2026-07-06 09:00:00,25.2,82,0.1,15.4,160.0
2026-07-06 10:00:00,25.6,81,0.5,17.9,266.0
2026-07-06 11:00:00,28.0,66,0.2,22.2,496.0
2026-07-06 12:00:00,28.9,61,0.0,23.1,557.0
2026-07-06 13:00:00,29.5,59,0.0,21.6,559.0
2026-07-06 14:00:00,30.5,55,0.0,23.2,559.0
2026-07-06 15:00:00,31.1,53,0.1,22.9,645.0
2026-07-06 16:00:00,29.8,58,0.2,21.5,335.0
2026-07-06 17:00:00,28.6,65,0.1,18.9,171.0
2026-07-06 18:00:00,27.8,69,0.0,17.4,65.0
2026-07-06 19:00:00,27.6,66,0.0,19.1,5.0
2026-07-06 20:00:00,27.4,66,0.0,19.4,0.0
2026-07-06 21:00:00,27.0,67,0.0,18.6,0.0
2026-07-06 22:00:00,26.7,69,0.0,19.2,0.0
2026-07-06 23:00:00,25.6,73,0.0,22.4,0.0
2026-07-07 00:00:00,25.1,76,0.0,20.5,0.0
2026-07-07 01:00:00,24.6,80,0.1,19.7,0.0
2026-07-07 02:00:00,24.7,80,0.0,18.3,0.0
2026-07-07 03:00:00,24.9,78,0.0,19.7,0.0
2026-07-07 04:00:00,24.8,79,0.0,18.7,0.0
2026-07-07 05:00:00,24.6,81,0.0,20.6,0.0
2026-07-07 06:00:00,24.9,79,0.0,19.7,18.0
2026-07-07 07:00:00,25.0,79,0.1,19.1,80.0
2026-07-07 08:00:00,25.8,78,0.1,19.2,229.0
2026-07-07 09:00:00,27.1,72,0.1,24.0,423.0
2026-07-07 10:00:00,27.5,71,0.0,22.0,483.0
2026-07-07 11:00:00,28.7,65,0.2,23.5,663.0
2026-07-07 12:00:00,29.9,58,0.1,24.3,867.0
2026-07-07 13:00:00,30.8,53,0.3,24.5,795.0
2026-07-07 14:00:00,30.8,58,0.6,22.4,766.0
2026-07-07 15:00:00,31.6,51,0.1,23.0,569.0
2026-07-07 16:00:00,31.4,50,0.1,24.0,493.0
2026-07-07 17:00:00,27.9,76,0.1,14.0,279.0
2026-07-07 18:00:00,27.8,70,0.0,19.9,87.0
2026-07-07 19:00:00,26.4,76,0.3,18.3,2.0
2026-07-07 20:00:00,26.5,75,0.0,16.4,0.0
2026-07-07 21:00:00,26.8,71,0.0,18.0,0.0
2026-07-07 22:00:00,26.6,69,0.0,19.2,0.0
2026-07-07 23:00:00,25.8,75,0.0,19.4,0.0
2026-07-08 00:00:00,25.6,76,0.0,20.1,0.0
2026-07-08 01:00:00,25.1,78,0.0,19.6,0.0
2026-07-08 02:00:00,24.9,79,0.0,18.7,0.0
2026-07-08 03:00:00,24.7,80,0.0,18.2,0.0
2026-07-08 04:00:00,24.6,80,0.0,18.4,0.0
2026-07-08 05:00:00,24.4,81,0.0,18.7,0.0
2026-07-08 06:00:00,24.8,80,0.0,19.8,13.0
2026-07-08 07:00:00,25.3,79,0.0,17.5,90.0
2026-07-08 08:00:00,25.9,76,0.0,19.3,213.0
2026-07-08 09:00:00,27.8,68,0.0,24.4,465.0
2026-07-08 10:00:00,29.4,60,0.0,24.6,480.0
2026-07-08 11:00:00,29.3,60,0.0,25.7,728.0
2026-07-08 12:00:00,30.5,55,0.1,25.6,769.0
2026-07-08 13:00:00,30.9,54,0.1,23.1,785.0
2026-07-08 14:00:00,32.4,49,0.0,21.5,833.0
2026-07-08 15:00:00,32.0,49,0.0,20.8,681.0
2026-07-08 16:00:00,31.4,53,0.2,16.6,488.0
2026-07-08 17:00:00,30.5,58,0.0,17.6,282.0
2026-07-08 18:00:00,29.1,63,0.0,12.9,111.0
2026-07-08 19:00:00,28.6,65,0.0,14.3,5.0
2026-07-08 20:00:00,27.9,65,0.0,16.7,0.0
2026-07-08 21:00:00,27.2,69,0.0,14.7,0.0
2026-07-08 22:00:00,26.2,73,0.0,18.9,0.0
2026-07-08 23:00:00,24.9,83,0.4,17.8,0.0
2026-07-09 00:00:00,24.5,84,0.0,16.5,0.0
2026-07-09 01:00:00,24.2,83,0.0,15.5,0.0
2026-07-09 02:00:00,24.3,82,0.0,13.4,0.0
2026-07-09 03:00:00,24.6,83,0.0,11.9,0.0
2026-07-09 04:00:00,24.6,85,0.0,12.4,0.0
2026-07-09 05:00:00,24.1,84,0.0,12.4,0.0
2026-07-09 06:00:00,24.2,85,0.0,13.0,7.0
2026-07-09 07:00:00,24.3,87,0.2,14.0,39.0
2026-07-09 08:00:00,24.7,86,0.1,13.1,109.0
2026-07-09 09:00:00,26.1,80,0.0,14.0,283.0
2026-07-09 10:00:00,28.0,68,0.1,17.4,539.0
2026-07-09 11:00:00,29.4,62,0.0,19.1,759.0
2026-07-09 12:00:00,30.3,56,0.0,19.1,845.0
2026-07-09 13:00:00,30.4,55,0.0,19.3,686.0
2026-07-09 14:00:00,30.9,55,0.1,16.6,624.0
2026-07-09 15:00:00,31.6,54,0.0,16.3,655.0
2026-07-09 16:00:00,31.4,53,0.0,16.0,472.0
2026-07-09 17:00:00,30.3,58,0.1,12.1,293.0
2026-07-09 18:00:00,29.6,60,0.0,11.7,85.0
2026-07-09 19:00:00,28.4,66,0.0,9.6,4.0
2026-07-09 20:00:00,27.7,71,0.0,8.7,0.0
2026-07-09 21:00:00,27.1,73,0.0,8.1,0.0
2026-07-09 22:00:00,26.6,73,0.0,8.6,0.0
2026-07-09 23:00:00,27.2,70,0.0,11.2,0.0
2026-07-10 00:00:00,26.9,70,0.0,13.4,0.0
2026-07-10 01:00:00,26.5,72,0.0,12.3,0.0
2026-07-10 02:00:00,26.2,73,0.0,13.9,0.0
2026-07-10 03:00:00,25.8,75,0.0,14.6,0.0
2026-07-10 04:00:00,25.2,77,0.0,14.8,0.0
2026-07-10 05:00:00,24.6,79,0.0,14.6,0.0
2026-07-10 06:00:00,24.5,79,0.0,13.4,20.0
2026-07-10 07:00:00,25.2,75,0.0,15.9,147.0
2026-07-10 08:00:00,26.6,68,0.0,18.1,344.0
2026-07-10 09:00:00,28.3,59,0.0,17.4,537.0
2026-07-10 10:00:00,30.1,50,0.0,15.9,705.0
2026-07-10 11:00:00,29.9,52,0.0,13.3,792.0
2026-07-10 12:00:00,31.5,46,0.0,16.7,643.0
2026-07-10 13:00:00,32.1,44,0.0,16.7,714.0
2026-07-10 14:00:00,31.9,44,0.0,16.2,445.0
2026-07-10 15:00:00,32.3,43,0.0,15.1,441.0
2026-07-10 16:00:00,32.3,43,0.0,15.9,392.0
2026-07-10 17:00:00,32.7,42,0.0,13.5,246.0
2026-07-10 18:00:00,31.8,47,0.0,10.5,100.0
2026-07-10 19:00:00,30.8,52,0.0,6.7,4.0
2026-07-10 20:00:00,29.9,57,0.0,7.2,0.0
2026-07-10 21:00:00,29.1,62,0.0,6.7,0.0
2026-07-10 22:00:00,28.5,64,0.0,7.6,0.0
2026-07-10 23:00:00,28.6,62,0.0,9.3,0.0
2026-07-11 00:00:00,28.3,61,0.0,12.3,0.0
2026-07-11 01:00:00,28.1,63,0.0,14.4,0.0
2026-07-11 02:00:00,27.4,66,0.0,14.6,0.0
2026-07-11 03:00:00,26.7,69,0.0,14.0,0.0
2026-07-11 04:00:00,25.9,72,0.0,13.7,0.0
2026-07-11 05:00:00,25.4,76,0.0,14.1,0.0
2026-07-11 06:00:00,25.2,76,0.0,14.4,19.0
2026-07-11 07:00:00,25.8,73,0.0,16.1,163.0
2026-07-11 08:00:00,27.1,66,0.0,17.3,366.0
2026-07-11 09:00:00,28.5,59,0.0,17.1,547.0
2026-07-11 10:00:00,30.0,52,0.0,16.4,712.0
2026-07-11 11:00:00,31.4,49,0.0,14.9,877.0
2026-07-11 12:00:00,32.1,46,0.0,15.5,885.0
2026-07-11 13:00:00,32.4,45,0.0,16.9,808.0
2026-07-11 14:00:00,32.6,44,0.0,17.8,732.0
2026-07-11 15:00:00,32.9,42,0.0,18.6,632.0
2026-07-11 16:00:00,32.7,41,0.0,19.2,414.0
2026-07-11 17:00:00,33.3,39,0.0,15.5,249.0
2026-07-11 18:00:00,31.9,44,0.8,15.6,95.0
2026-07-11 19:00:00,30.8,51,0.0,10.6,5.0
2026-07-11 20:00:00,30.0,55,0.0,7.4,0.0
2026-07-11 21:00:00,29.4,58,0.0,6.9,0.0
2026-07-11 22:00:00,28.8,60,0.0,8.7,0.0
2026-07-11 23:00:00,29.0,58,0.0,10.4,0.0
2026-07-12 00:00:00,28.4,57,0.0,12.8,0.0
2026-07-12 01:00:00,27.7,59,0.0,13.7,0.0
2026-07-12 02:00:00,27.1,62,0.0,15.1,0.0
2026-07-12 03:00:00,26.3,66,0.0,15.3,0.0
2026-07-12 04:00:00,25.6,70,0.0,13.5,0.0
2026-07-12 05:00:00,25.1,74,0.0,14.0,0.0
2026-07-12 06:00:00,24.8,74,0.0,15.0,21.0
2026-07-12 07:00:00,25.5,71,0.0,16.5,164.0
2026-07-12 08:00:00,26.8,64,0.0,18.1,371.0
2026-07-12 09:00:00,28.3,56,0.0,17.4,544.0
2026-07-12 10:00:00,29.9,51,0.0,16.8,755.0
2026-07-12 11:00:00,31.4,45,0.0,18.1,846.0
2026-07-12 12:00:00,31.5,44,0.0,18.6,604.0
2026-07-12 13:00:00,32.2,42,0.0,19.0,629.0
2026-07-12 14:00:00,31.9,44,0.0,19.0,415.0
2026-07-12 15:00:00,32.7,42,0.0,19.7,544.0
2026-07-12 16:00:00,32.0,44,0.0,20.1,227.0
2026-07-12 17:00:00,33.2,40,0.0,17.5,228.0
2026-07-12 18:00:00,32.7,42,0.0,13.4,110.0
2026-07-12 19:00:00,31.6,46,0.0,9.5,6.0
2026-07-12 20:00:00,31.0,50,0.0,8.3,0.0
2026-07-12 21:00:00,30.3,53,0.0,10.0,0.0
2026-07-12 22:00:00,29.6,54,0.0,10.8,0.0
2026-07-12 23:00:00,29.4,55,0.0,15.0,0.0
2026-07-13 00:00:00,28.2,57,0.0,15.7,0.0
2026-07-13 01:00:00,27.3,61,0.0,15.1,0.0
2026-07-13 02:00:00,26.5,64,0.0,14.6,0.0
2026-07-13 03:00:00,25.8,66,0.0,14.2,0.0
2026-07-13 04:00:00,25.2,69,0.0,13.9,0.0
2026-07-13 05:00:00,24.7,74,0.0,14.2,0.0
2026-07-13 06:00:00,24.4,77,0.0,13.9,21.0
2026-07-13 07:00:00,25.3,72,0.0,16.6,175.0
2026-07-13 08:00:00,26.8,65,0.0,18.3,390.0
2026-07-13 09:00:00,28.3,57,0.0,17.8,577.0
2026-07-13 10:00:00,29.8,52,0.0,17.6,763.0
2026-07-13 11:00:00,31.5,46,0.0,15.9,901.0
2026-07-13 12:00:00,32.7,42,0.0,16.0,971.0
2026-07-13 13:00:00,33.5,41,0.0,16.3,959.0
2026-07-13 14:00:00,33.9,40,0.0,16.8,887.0
2026-07-13 15:00:00,33.9,41,0.0,16.5,742.0
2026-07-13 16:00:00,33.8,42,0.0,17.1,542.0
2026-07-13 17:00:00,33.7,37,0.2,16.1,318.0
2026-07-13 18:00:00,32.7,46,0.7,14.2,89.0
2026-07-13 19:00:00,32.0,50,0.0,14.1,5.0
2026-07-13 20:00:00,31.5,52,0.0,11.9,0.0
2026-07-13 21:00:00,30.8,54,0.0,11.3,0.0
2026-07-13 22:00:00,30.1,55,0.0,11.0,0.0
2026-07-13 23:00:00,30.0,55,0.0,11.7,0.0
2026-07-14 00:00:00,29.2,57,0.0,14.5,0.0
2026-07-14 01:00:00,28.5,58,0.0,14.9,0.0
2026-07-14 02:00:00,27.7,57,0.0,15.4,0.0
2026-07-14 03:00:00,26.7,59,0.0,15.3,0.0
2026-07-14 04:00:00,26.0,61,0.0,14.3,0.0
2026-07-14 05:00:00,25.3,66,0.0,13.7,0.0
2026-07-14 06:00:00,24.9,68,0.0,12.9,21.0
2026-07-14 07:00:00,25.7,65,0.0,15.6,179.0
2026-07-14 08:00:00,27.1,60,0.0,17.4,397.0
2026-07-14 09:00:00,28.7,53,0.0,18.2,609.0
2026-07-14 10:00:00,30.2,47,0.0,18.2,729.0
2026-07-14 11:00:00,31.4,44,0.0,17.0,864.0
2026-07-14 12:00:00,31.8,43,0.0,16.6,718.0
2026-07-14 13:00:00,32.5,41,0.0,16.6,695.0
2026-07-14 14:00:00,32.8,41,0.0,16.2,628.0
2026-07-14 15:00:00,32.7,42,0.0,15.7,482.0
2026-07-14 16:00:00,32.6,43,0.0,15.2,374.0
2026-07-14 17:00:00,32.8,43,0.0,13.4,234.0
2026-07-14 18:00:00,31.8,47,0.0,12.0,123.0
2026-07-14 19:00:00,30.9,52,0.0,9.0,6.0
2026-07-14 20:00:00,30.3,53,0.0,7.8,0.0
2026-07-14 21:00:00,29.9,54,0.0,6.4,0.0
2026-07-14 22:00:00,29.3,56,0.0,5.2,0.0
2026-07-14 23:00:00,29.0,59,0.0,6.7,0.0
2026-07-15 00:00:00,28.1,65,0.0,7.1,0.0
2026-07-15 01:00:00,27.9,62,0.0,10.4,0.0
2026-07-15 02:00:00,28.1,53,0.0,12.5,0.0
2026-07-15 03:00:00,27.2,56,0.0,12.5,0.0
2026-07-15 04:00:00,26.5,59,0.0,13.6,0.0
2026-07-15 05:00:00,26.2,61,0.0,14.6,0.0
2026-07-15 06:00:00,25.7,64,0.0,12.6,20.0
2026-07-15 07:00:00,26.4,63,0.0,15.5,171.0
2026-07-15 08:00:00,27.4,60,0.0,14.6,373.0
2026-07-15 09:00:00,28.9,55,0.0,14.6,596.0
2026-07-15 10:00:00,30.2,48,0.0,14.7,729.0
2026-07-15 11:00:00,31.2,42,0.0,14.9,830.0
2026-07-15 12:00:00,32.0,39,0.0,14.7,884.0
2026-07-15 13:00:00,32.4,39,0.1,14.2,864.0
2026-07-15 14:00:00,32.9,38,0.0,15.9,843.0
2026-07-15 15:00:00,32.9,38,0.0,15.2,728.0
2026-07-15 16:00:00,32.4,39,0.1,15.2,527.0
2026-07-15 17:00:00,32.1,40,0.5,13.6,321.0
2026-07-15 18:00:00,30.6,45,0.0,13.5,103.0
2026-07-15 19:00:00,29.8,49,0.0,9.7,5.0
2026-07-15 20:00:00,29.2,51,0.0,13.4,0.0
2026-07-15 21:00:00,27.1,60,0.0,13.8,0.0
2026-07-15 22:00:00,26.3,65,0.0,10.7,0.0
2026-07-15 23:00:00,26.4,67,0.0,11.2,0.0
2026-07-16 00:00:00,26.2,68,0.0,11.7,0.0
2026-07-16 01:00:00,26.0,71,0.0,10.9,0.0
2026-07-16 02:00:00,25.9,72,0.0,11.4,0.0
2026-07-16 03:00:00,25.8,72,0.0,12.1,0.0
2026-07-16 04:00:00,25.7,71,0.0,12.0,0.0
2026-07-16 05:00:00,26.1,69,0.0,15.7,0.0
2026-07-16 06:00:00,25.9,69,0.0,14.8,19.0
2026-07-16 07:00:00,26.7,67,0.0,17.2,168.0
2026-07-16 08:00:00,28.1,60,0.0,18.8,380.0
2026-07-16 09:00:00,29.6,53,0.0,19.0,541.0
2026-07-16 10:00:00,30.8,51,0.0,15.8,699.0
2026-07-16 11:00:00,31.8,47,0.0,14.0,883.0
2026-07-16 12:00:00,31.4,49,0.7,13.1,860.0
2026-07-16 13:00:00,32.6,45,0.1,14.1,765.0
2026-07-16 14:00:00,31.5,47,0.0,12.0,524.0
2026-07-16 15:00:00,30.7,50,0.0,10.3,304.0
2026-07-16 16:00:00,30.0,54,0.0,5.7,185.0
2026-07-16 17:00:00,28.9,60,0.0,12.8,85.0
2026-07-16 18:00:00,29.3,55,0.1,11.9,32.0
2026-07-16 19:00:00,29.3,56,0.0,7.7,2.0
2026-07-16 20:00:00,28.8,60,0.0,7.8,0.0
2026-07-16 21:00:00,28.7,62,0.0,6.3,0.0
2026-07-16 22:00:00,28.3,63,0.0,8.3,0.0
2026-07-16 23:00:00,25.4,78,0.1,9.6,0.0
2026-07-17 00:00:00,23.3,90,1.3,12.9,0.0
2026-07-17 01:00:00,24.0,88,0.4,10.1,0.0
2026-07-17 02:00:00,24.2,86,0.1,6.3,0.0
2026-07-17 03:00:00,24.4,86,0.2,10.2,0.0
2026-07-17 04:00:00,24.3,85,0.0,9.0,0.0
2026-07-17 05:00:00,24.7,78,0.1,11.0,0.0
2026-07-17 06:00:00,24.5,80,0.1,10.4,4.0
2026-07-17 07:00:00,25.0,79,0.2,11.6,46.0
2026-07-17 08:00:00,25.4,79,0.2,13.1,90.0
2026-07-17 09:00:00,25.4,81,0.4,11.4,113.0
2026-07-17 10:00:00,25.9,79,0.6,12.6,204.0
2026-07-17 11:00:00,25.9,80,0.4,11.9,314.0
2026-07-17 12:00:00,26.8,76,0.5,11.2,310.0
2026-07-17 13:00:00,25.8,80,1.3,13.0,400.0
2026-07-17 14:00:00,25.0,87,1.5,8.8,172.0
2026-07-17 15:00:00,26.1,85,1.6,5.8,360.0
2026-07-17 16:00:00,25.1,90,2.2,8.6,114.0
2026-07-17 17:00:00,29.3,55,2.2,9.6,111.0
2026-07-17 18:00:00,27.3,67,0.2,9.6,39.0
2026-07-17 19:00:00,26.3,74,0.1,4.7,2.0
2026-07-17 20:00:00,26.1,76,0.0,5.8,0.0
2026-07-17 21:00:00,25.9,77,0.0,5.6,0.0
2026-07-17 22:00:00,25.9,78,0.0,5.7,0.0
2026-07-17 23:00:00,25.6,73,0.0,12.1,0.0
2026-07-18 00:00:00,25.0,77,0.0,13.4,0.0
2026-07-18 01:00:00,24.6,79,0.0,14.6,0.0
2026-07-18 02:00:00,24.1,82,0.0,13.5,0.0
2026-07-18 03:00:00,23.2,91,1.0,13.6,0.0
2026-07-18 04:00:00,23.4,91,0.8,13.4,0.0
2026-07-18 05:00:00,24.0,89,0.2,13.2,0.0
2026-07-18 06:00:00,24.2,86,0.0,12.9,10.0
2026-07-18 07:00:00,24.9,82,0.0,14.5,86.0
2026-07-18 08:00:00,26.4,73,0.0,16.8,317.0
2026-07-18 09:00:00,27.4,67,0.0,16.8,427.0
2026-07-18 10:00:00,27.4,67,0.1,14.8,438.0
2026-07-18 11:00:00,28.2,62,0.7,13.4,472.0
2026-07-18 12:00:00,27.2,66,0.8,12.0,252.0
2026-07-18 13:00:00,28.4,58,0.0,13.4,346.0
2026-07-18 14:00:00,28.5,58,0.0,12.8,302.0
2026-07-18 15:00:00,28.6,58,0.1,12.6,360.0
2026-07-18 16:00:00,26.1,79,1.6,8.7,190.0
2026-07-18 17:00:00,27.5,66,1.3,12.4,125.0
2026-07-18 18:00:00,26.1,75,0.0,11.9,90.0
2026-07-18 19:00:00,25.1,82,0.4,10.1,3.0
2026-07-18 20:00:00,24.5,88,0.5,9.8,0.0
2026-07-18 21:00:00,24.4,91,0.5,9.0,0.0
2026-07-18 22:00:00,24.6,90,0.1,10.6,0.0
2026-07-18 23:00:00,24.4,87,0.1,13.4,0.0
2026-07-19 00:00:00,24.0,86,0.2,12.8,0.0
2026-07-19 01:00:00,23.9,86,0.0,11.6,0.0
2026-07-19 02:00:00,23.8,87,0.0,11.4,0.0
2026-07-19 03:00:00,23.7,87,0.0,10.4,0.0
2026-07-19 04:00:00,23.8,87,0.0,10.3,0.0
2026-07-19 05:00:00,23.9,89,0.0,10.4,0.0
2026-07-19 06:00:00,23.9,89,0.0,9.0,14.0
2026-07-19 07:00:00,24.6,85,0.0,11.2,141.0
2026-07-19 08:00:00,26.1,76,0.0,15.7,300.0
2026-07-19 09:00:00,25.8,77,0.3,13.9,290.0
2026-07-19 10:00:00,28.2,66,0.1,15.2,727.0
2026-07-19 11:00:00,28.4,63,0.0,13.5,791.0
2026-07-19 12:00:00,29.1,58,0.0,13.2,714.0
2026-07-19 13:00:00,30.5,51,0.0,13.2,839.0
2026-07-19 14:00:00,30.6,50,0.0,12.9,764.0
2026-07-19 15:00:00,29.9,54,0.0,15.4,658.0
2026-07-19 16:00:00,28.6,65,0.0,12.6,492.0
2026-07-19 17:00:00,27.7,69,0.0,15.4,256.0
2026-07-19 18:00:00,26.8,77,0.1,9.1,78.0
2026-07-19 19:00:00,26.1,84,1.1,10.5,3.0
2026-07-19 20:00:00,25.4,84,0.3,11.9,0.0
2026-07-19 21:00:00,24.7,85,0.1,11.4,0.0
2026-07-19 22:00:00,24.4,87,0.2,12.6,0.0
2026-07-19 23:00:00,23.7,87,0.0,15.7,0.0
2026-07-20 00:00:00,23.4,88,0.0,12.6,0.0
2026-07-20 01:00:00,23.3,88,0.0,13.3,0.0
2026-07-20 02:00:00,23.4,87,0.0,13.0,0.0
2026-07-20 03:00:00,23.4,88,0.0,12.8,0.0
2026-07-20 04:00:00,23.6,87,0.0,13.1,0.0
2026-07-20 05:00:00,23.4,90,0.0,14.2,0.0
2026-07-20 06:00:00,23.6,89,0.3,13.9,14.0
2026-07-20 07:00:00,24.2,86,0.3,14.8,130.0
2026-07-20 08:00:00,25.0,83,0.6,15.3,248.0
2026-07-20 09:00:00,25.8,79,0.2,14.4,278.0
2026-07-20 10:00:00,26.9,72,0.2,15.5,410.0
2026-07-20 11:00:00,28.6,60,0.1,18.3,397.0
2026-07-20 12:00:00,28.8,58,0.2,16.9,645.0
2026-07-20 13:00:00,28.6,60,0.5,15.6,513.0
2026-07-20 14:00:00,29.4,64,0.0,15.1,724.0
2026-07-20 15:00:00,29.8,61,0.0,15.1,605.0
2026-07-20 16:00:00,28.8,63,0.2,14.2,413.0
2026-07-20 17:00:00,27.0,73,0.6,13.7,189.0
2026-07-20 18:00:00,26.3,78,0.2,11.1,49.0
2026-07-20 19:00:00,25.7,82,0.0,11.4,4.0
2026-07-20 20:00:00,25.1,86,0.2,10.8,0.0
2026-07-20 21:00:00,24.6,88,0.2,14.4,0.0
2026-07-20 22:00:00,24.0,88,0.1,15.5,0.0
2026-07-20 23:00:00,22.9,93,1.1,16.4,0.0
2026-07-21 00:00:00,22.8,93,1.7,18.4,0.0
2026-07-21 01:00:00,22.8,93,2.7,17.3,0.0
2026-07-21 02:00:00,23.0,92,0.6,15.9,0.0
2026-07-21 03:00:00,23.1,92,0.3,15.0,0.0
2026-07-21 04:00:00,23.1,92,0.2,14.1,0.0
2026-07-21 05:00:00,23.6,90,0.2,16.0,0.0
2026-07-21 06:00:00,23.6,90,0.1,16.4,4.0
2026-07-21 07:00:00,23.7,89,0.2,15.7,44.0
2026-07-21 08:00:00,23.8,87,0.2,14.8,88.0
2026-07-21 09:00:00,24.7,81,0.1,14.8,283.0
2026-07-21 10:00:00,24.6,82,0.4,15.1,239.0
2026-07-21 11:00:00,24.5,86,0.6,14.0,213.0
2026-07-21 12:00:00,24.9,84,0.6,13.0,294.0
2026-07-21 13:00:00,25.3,85,0.3,10.7,233.0
2026-07-21 14:00:00,25.6,84,0.2,7.4,156.0
2026-07-21 15:00:00,26.1,82,0.1,7.1,146.0
2026-07-21 16:00:00,26.4,78,0.0,6.8,132.0
2026-07-21 17:00:00,26.7,72,0.1,11.6,49.0
2026-07-21 18:00:00,26.0,72,0.0,12.8,52.0
2026-07-21 19:00:00,24.7,80,0.6,15.7,1.0
2026-07-21 20:00:00,23.1,91,3.0,16.7,0.0
2026-07-21 21:00:00,23.2,90,1.0,17.9,0.0
2026-07-21 22:00:00,23.4,90,0.4,16.9,0.0
2026-07-21 23:00:00,23.2,90,0.3,16.3,0.0
2026-07-22 00:00:00,23.1,91,0.5,17.5,0.0
2026-07-22 01:00:00,22.8,90,0.7,19.1,0.0
2026-07-22 02:00:00,22.5,90,0.9,19.1,0.0
2026-07-22 03:00:00,22.5,91,0.9,18.3,0.0
2026-07-22 04:00:00,22.6,92,0.6,17.4,0.0
2026-07-22 05:00:00,22.6,94,0.6,19.6,0.0
2026-07-22 06:00:00,22.7,93,1.4,19.1,4.0
2026-07-22 07:00:00,22.8,93,2.1,19.4,42.0
2026-07-22 08:00:00,23.1,92,0.5,19.5,55.0
2026-07-22 09:00:00,23.9,88,0.0,17.8,84.0
2026-07-22 10:00:00,25.2,81,0.0,16.6,245.0
2026-07-22 11:00:00,25.8,75,0.1,18.1,606.0
2026-07-22 12:00:00,26.2,73,0.3,18.1,462.0
2026-07-22 13:00:00,26.3,72,0.0,18.4,378.0
2026-07-22 14:00:00,25.8,76,0.3,13.4,211.0
2026-07-22 15:00:00,25.4,79,0.6,13.3,213.0
2026-07-22 16:00:00,24.7,85,1.1,14.4,107.0
2026-07-22 17:00:00,25.2,80,0.6,14.9,68.0
2026-07-22 18:00:00,24.8,80,0.1,15.1,53.0
2026-07-22 19:00:00,24.5,80,0.1,14.8,2.0
2026-07-22 20:00:00,24.1,82,0.1,18.3,0.0
2026-07-22 21:00:00,23.8,83,0.2,18.1,0.0
2026-07-22 22:00:00,23.7,84,0.1,17.4,0.0
2026-07-22 23:00:00,23.1,87,0.5,18.5,0.0
2026-07-23 00:00:00,23.0,87,0.0,17.5,0.0
2026-07-23 01:00:00,23.0,87,0.0,15.5,0.0
2026-07-23 02:00:00,22.8,86,0.0,14.8,0.0
2026-07-23 03:00:00,22.8,86,0.0,14.5,0.0
2026-07-23 04:00:00,22.7,87,0.0,13.6,0.0
2026-07-23 05:00:00,22.9,88,0.0,16.0,0.0
2026-07-23 06:00:00,23.1,86,0.0,15.2,11.0
2026-07-23 07:00:00,23.6,86,0.0,12.0,88.0
2026-07-23 08:00:00,24.8,78,0.0,17.2,262.0
2026-07-23 09:00:00,26.4,71,0.1,20.6,503.0
2026-07-23 10:00:00,27.0,68,0.2,21.5,603.0
2026-07-23 11:00:00,27.0,69,0.0,17.8,810.0
2026-07-23 12:00:00,28.0,63,0.0,19.3,793.0
2026-07-23 13:00:00,27.4,65,0.0,19.6,701.0
2026-07-23 14:00:00,28.1,61,0.9,24.2,723.0
2026-07-23 15:00:00,28.4,60,0.0,17.9,591.0
2026-07-23 16:00:00,28.6,56,0.0,15.4,478.0
2026-07-23 17:00:00,25.8,72,0.0,13.1,211.0
2026-07-23 18:00:00,26.0,72,0.0,13.4,93.0
2026-07-23 19:00:00,25.7,72,0.0,13.7,4.0
2026-07-23 20:00:00,25.6,68,0.0,16.1,0.0
2026-07-23 21:00:00,25.3,69,0.0,15.8,0.0
2026-07-23 22:00:00,25.1,69,0.0,15.8,0.0
2026-07-23 23:00:00,25.0,71,0.0,17.7,0.0
2026-07-24 00:00:00,24.6,74,0.0,17.9,0.0
2026-07-24 01:00:00,24.3,77,0.0,17.4,0.0
2026-07-24 02:00:00,24.0,79,0.0,18.9,0.0
2026-07-24 03:00:00,23.9,80,0.0,18.4,0.0
2026-07-24 04:00:00,23.8,80,0.0,19.0,0.0
2026-07-24 05:00:00,23.8,83,0.0,20.5,0.0
2026-07-24 06:00:00,23.7,83,0.1,20.0,12.0
2026-07-24 07:00:00,24.4,79,0.0,18.4,121.0
2026-07-24 08:00:00,25.6,73,0.0,24.9,323.0
2026-07-24 09:00:00,26.9,67,0.0,24.4,481.0
2026-07-24 10:00:00,28.2,62,0.0,22.3,673.0
2026-07-24 11:00:00,27.7,61,0.0,25.3,793.0
2026-07-24 12:00:00,27.4,64,0.0,23.1,449.0
2026-07-24 13:00:00,27.3,66,0.0,18.1,416.0
2026-07-24 14:00:00,27.6,67,0.0,15.0,491.0
2026-07-24 15:00:00,27.4,70,0.1,9.6,374.0
2026-07-24 16:00:00,28.7,64,0.0,12.7,312.0
2026-07-24 17:00:00,29.2,58,0.0,13.3,278.0
2026-07-24 18:00:00,28.3,61,0.0,14.0,115.0
2026-07-24 19:00:00,27.2,67,0.0,12.9,4.0
2026-07-24 20:00:00,27.1,67,0.0,12.8,0.0
2026-07-24 21:00:00,26.4,68,0.0,11.4,0.0
2026-07-24 22:00:00,26.0,69,0.0,12.6,0.0
2026-07-24 23:00:00,25.7,68,0.0,15.3,0.0
2026-07-25 00:00:00,25.0,71,0.0,14.4,0.0
2026-07-25 01:00:00,24.4,74,0.0,14.0,0.0
2026-07-25 02:00:00,23.9,76,0.0,14.1,0.0
2026-07-25 03:00:00,23.5,78,0.0,14.6,0.0
2026-07-25 04:00:00,23.3,80,0.0,14.1,0.0
2026-07-25 05:00:00,23.1,82,0.0,13.2,0.0
2026-07-25 06:00:00,23.2,82,0.0,13.7,16.0
2026-07-25 07:00:00,24.0,79,0.0,14.3,161.0
2026-07-25 08:00:00,25.2,72,0.0,19.3,366.0
2026-07-25 09:00:00,26.5,66,0.0,18.7,502.0
2026-07-25 10:00:00,27.5,63,0.0,18.6,559.0
2026-07-25 11:00:00,27.6,63,0.0,17.5,579.0
2026-07-25 12:00:00,27.9,62,0.0,17.3,502.0
2026-07-25 13:00:00,28.4,60,0.0,15.5,502.0
2026-07-25 14:00:00,29.3,58,0.0,14.5,583.0
2026-07-25 15:00:00,29.7,57,0.0,13.7,529.0
2026-07-25 16:00:00,29.7,57,0.0,12.1,343.0
2026-07-25 17:00:00,29.1,60,0.0,11.5,302.0
2026-07-25 18:00:00,28.2,66,0.0,9.0,115.0
2026-07-25 19:00:00,27.2,71,0.0,8.8,4.0
2026-07-25 20:00:00,26.7,74,0.0,9.3,0.0
2026-07-25 21:00:00,26.4,75,0.0,10.3,0.0
2026-07-25 22:00:00,26.0,76,0.0,10.4,0.0
2026-07-25 23:00:00,26.4,70,0.0,14.1,0.0
2026-07-26 00:00:00,25.8,73,0.0,15.0,0.0
2026-07-26 01:00:00,25.3,75,0.0,14.2,0.0
2026-07-26 02:00:00,24.8,78,0.0,14.4,0.0
2026-07-26 03:00:00,24.3,80,0.0,14.2,0.0
2026-07-26 04:00:00,24.0,81,0.0,14.4,0.0
2026-07-26 05:00:00,23.9,82,0.0,15.9,0.0
2026-07-26 06:00:00,23.8,83,0.0,13.9,15.0
2026-07-26 07:00:00,24.5,81,0.0,12.6,133.0
2026-07-26 08:00:00,26.0,74,0.0,18.7,334.0
2026-07-26 09:00:00,27.5,67,0.0,19.1,546.0
2026-07-26 10:00:00,28.5,62,0.0,17.7,579.0
2026-07-26 11:00:00,29.0,60,0.4,17.1,735.0
2026-07-26 12:00:00,29.4,57,0.4,16.9,640.0
2026-07-26 13:00:00,30.0,60,0.7,15.2,824.0
2026-07-26 14:00:00,28.1,71,2.0,12.9,741.0
2026-07-26 15:00:00,29.6,64,0.2,12.5,399.0
2026-07-26 16:00:00,28.0,71,1.6,16.1,474.0
2026-07-26 17:00:00,28.5,71,0.2,7.8,161.0
2026-07-26 18:00:00,28.0,73,0.1,8.9,100.0
2026-07-26 19:00:00,26.5,80,0.1,11.3,3.0
2026-07-26 20:00:00,25.3,89,0.4,9.7,0.0
2026-07-26 21:00:00,25.3,88,0.1,10.1,0.0
2026-07-26 22:00:00,25.2,86,0.0,10.1,0.0
2026-07-26 23:00:00,24.0,93,0.0,13.9,0.0
2026-07-27 00:00:00,23.7,93,5.1,15.1,0.0
2026-07-27 01:00:00,23.5,92,3.0,17.5,0.0
2026-07-27 02:00:00,23.3,92,2.1,18.4,0.0
2026-07-27 03:00:00,23.2,92,1.7,18.0,0.0
2026-07-27 04:00:00,23.0,92,1.4,17.6,0.0
2026-07-27 05:00:00,23.8,86,1.3,17.3,0.0
2026-07-27 06:00:00,23.8,86,0.0,16.8,12.0
2026-07-27 07:00:00,24.3,85,0.0,14.3,85.0
2026-07-27 08:00:00,25.0,81,0.0,15.2,199.0
2026-07-27 09:00:00,25.1,82,0.0,13.5,179.0
2026-07-27 10:00:00,25.7,79,0.0,15.2,199.0
2026-07-27 11:00:00,25.7,80,0.2,10.7,124.0
2026-07-27 12:00:00,26.3,77,0.1,12.4,261.0
2026-07-27 13:00:00,27.5,71,0.1,13.9,435.0
2026-07-27 14:00:00,29.0,65,0.2,15.9,797.0
2026-07-27 15:00:00,28.8,67,0.3,15.5,641.0
2026-07-27 16:00:00,28.9,66,0.1,16.6,476.0
2026-07-27 17:00:00,26.8,80,0.0,11.4,294.0
2026-07-27 18:00:00,26.2,85,0.7,11.2,76.0
2026-07-27 19:00:00,25.9,88,0.1,9.4,4.0
2026-07-27 20:00:00,25.6,87,0.1,12.1,0.0
2026-07-27 21:00:00,25.2,87,0.0,11.3,0.0
2026-07-27 22:00:00,24.9,87,0.0,13.6,0.0
2026-07-27 23:00:00,25.1,84,0.0,14.6,0.0
2026-07-28 00:00:00,23.5,89,0.2,13.4,0.0
2026-07-28 01:00:00,23.4,91,0.3,13.3,0.0
2026-07-28 02:00:00,23.2,92,0.2,13.5,0.0
2026-07-28 03:00:00,23.3,91,0.1,13.9,0.0
2026-07-28 04:00:00,23.5,90,0.0,15.4,0.0
2026-07-28 05:00:00,24.0,88,0.1,16.8,0.0
2026-07-28 06:00:00,24.0,86,0.0,16.1,13.0
2026-07-28 07:00:00,24.6,84,0.0,12.7,111.0
2026-07-28 08:00:00,26.1,76,0.0,20.1,313.0
2026-07-28 09:00:00,27.2,72,0.0,18.4,471.0
2026-07-28 10:00:00,27.9,68,0.2,18.9,400.0
2026-07-28 11:00:00,28.6,63,0.1,20.0,734.0
2026-07-28 12:00:00,29.5,59,0.2,20.2,738.0
2026-07-28 13:00:00,30.3,60,0.1,17.9,818.0
2026-07-28 14:00:00,29.7,63,0.3,17.6,701.0
2026-07-28 15:00:00,28.7,68,0.6,13.1,520.0
2026-07-28 16:00:00,28.7,71,0.4,13.0,389.0
2026-07-28 17:00:00,25.4,86,2.3,16.0,213.0
2026-07-28 18:00:00,24.9,90,0.9,12.4,34.0
2026-07-28 19:00:00,24.3,89,0.3,16.6,2.0
2026-07-28 20:00:00,23.6,90,0.3,16.7,0.0
2026-07-28 21:00:00,24.0,90,0.2,16.4,0.0
2026-07-28 22:00:00,24.1,91,0.6,18.0,0.0
2026-07-28 23:00:00,23.8,94,0.6,17.6,0.0
2026-07-29 00:00:00,23.6,94,1.6,18.2,0.0
2026-07-29 01:00:00,23.6,95,1.2,19.1,0.0
2026-07-29 02:00:00,23.3,94,0.7,17.6,0.0
2026-07-29 03:00:00,23.2,94,0.5,16.5,0.0
2026-07-29 04:00:00,23.1,95,0.5,17.0,0.0
2026-07-29 05:00:00,23.0,94,0.4,19.5,0.0
2026-07-29 06:00:00,22.9,94,0.7,18.4,6.0
2026-07-29 07:00:00,23.1,93,0.6,18.5,37.0
2026-07-29 08:00:00,23.4,93,0.8,19.8,80.0
2026-07-29 09:00:00,23.6,92,0.9,19.3,110.0
2026-07-29 10:00:00,23.9,91,1.3,18.0,172.0
2026-07-29 11:00:00,24.0,91,0.8,16.6,166.0
2026-07-29 12:00:00,24.5,88,1.0,17.3,174.0
2026-07-29 13:00:00,25.2,87,1.1,15.4,262.0
2026-07-29 14:00:00,25.1,86,0.8,15.8,287.0
2026-07-29 15:00:00,25.5,83,0.5,16.9,282.0
2026-07-29 16:00:00,25.4,84,0.5,15.8,180.0
2026-07-29 17:00:00,24.9,89,0.3,15.7,112.0
2026-07-29 18:00:00,24.1,91,0.5,16.1,36.0
2026-07-29 19:00:00,22.7,94,1.5,18.0,1.0
2026-07-29 20:00:00,23.2,94,1.1,17.3,0.0
2026-07-29 21:00:00,23.5,94,1.2,18.4,0.0
2026-07-29 22:00:00,23.7,93,0.7,20.2,0.0
2026-07-29 23:00:00,23.5,94,0.1,19.8,0.0
2026-07-30 00:00:00,23.6,92,0.2,19.4,0.0
2026-07-30 01:00:00,23.5,91,0.3,20.3,0.0
2026-07-30 02:00:00,23.4,92,0.3,20.7,0.0
2026-07-30 03:00:00,23.3,90,0.1,20.5,0.0
2026-07-30 04:00:00,23.3,89,0.0,20.5,0.0
2026-07-30 05:00:00,23.6,89,0.0,20.2,0.0
2026-07-30 06:00:00,23.4,90,0.2,19.9,5.0
2026-07-30 07:00:00,23.5,90,0.1,19.4,40.0
2026-07-30 08:00:00,23.7,89,0.3,22.0,94.0
2026-07-30 09:00:00,23.4,93,3.7,24.3,76.0
2026-07-30 10:00:00,23.8,92,1.2,23.6,114.0
2026-07-30 11:00:00,24.0,90,0.5,21.0,199.0
2026-07-30 12:00:00,24.4,87,0.9,19.2,300.0
2026-07-30 13:00:00,25.0,83,1.0,19.4,435.0
2026-07-30 14:00:00,24.9,83,1.5,17.3,286.0
2026-07-30 15:00:00,24.6,87,1.1,18.5,211.0
2026-07-30 16:00:00,24.8,87,0.6,18.3,158.0
2026-07-30 17:00:00,24.9,86,0.5,17.1,93.0
2026-07-30 18:00:00,24.5,88,0.7,17.6,45.0
2026-07-30 19:00:00,24.2,89,0.7,17.5,2.0
2026-07-30 20:00:00,23.8,89,0.3,16.9,0.0
2026-07-30 21:00:00,24.0,89,0.3,16.2,0.0
2026-07-30 22:00:00,24.1,88,0.1,16.2,0.0
2026-07-30 23:00:00,23.7,90,0.5,16.8,0.0
2026-07-31 00:00:00,23.6,90,0.4,18.6,0.0
2026-07-31 01:00:00,23.4,90,0.4,19.3,0.0
2026-07-31 02:00:00,23.4,90,0.1,18.0,0.0
2026-07-31 03:00:00,23.5,89,0.1,18.7,0.0
2026-07-31 04:00:00,23.3,90,0.3,19.7,0.0
2026-07-31 05:00:00,23.8,85,0.2,19.7,0.0
2026-07-31 06:00:00,23.8,85,0.0,19.1,5.0
2026-07-31 07:00:00,24.4,83,0.0,18.8,77.0
2026-07-31 08:00:00,25.5,79,0.0,18.9,241.0
2026-07-31 09:00:00,27.5,68,0.0,24.2,535.0
2026-07-31 10:00:00,28.7,62,0.0,24.1,684.0
2026-07-31 11:00:00,28.6,63,0.0,23.7,803.0
2026-07-31 12:00:00,27.6,67,0.1,21.8,494.0
2026-07-31 13:00:00,28.6,63,0.1,20.9,812.0
2026-07-31 14:00:00,29.2,61,0.3,19.9,753.0
2026-07-31 15:00:00,29.4,61,0.4,18.2,588.0
2026-07-31 16:00:00,28.7,66,0.2,15.1,341.0
2026-07-31 17:00:00,27.2,75,0.0,13.7,266.0
2026-07-31 18:00:00,26.2,77,0.1,14.6,73.0
2026-07-31 19:00:00,25.6,82,0.0,15.2,3.0
2026-07-31 20:00:00,25.2,82,0.0,12.6,0.0
2026-07-31 21:00:00,24.9,85,0.0,10.8,0.0
2026-07-31 22:00:00,24.6,87,0.0,11.1,0.0
2026-07-31 23:00:00,24.6,87,0.0,13.5,0.0
2026-08-01 00:00:00,24.5,86,0.0,13.4,0.0
2026-08-01 01:00:00,24.5,83,0.0,14.4,0.0
2026-08-01 02:00:00,24.2,84,0.0,13.0,0.0
2026-08-01 03:00:00,24.1,85,0.0,11.8,0.0
2026-08-01 04:00:00,23.9,85,0.0,11.0,0.0
2026-08-01 05:00:00,24.0,85,0.0,11.7,0.0
2026-08-01 06:00:00,24.0,86,0.0,12.2,12.0
2026-08-01 07:00:00,24.5,84,0.0,11.2,77.0
2026-08-01 08:00:00,25.6,78,0.0,16.3,255.0
2026-08-01 09:00:00,26.8,72,0.1,16.4,513.0
2026-08-01 10:00:00,27.8,67,0.3,14.3,696.0
2026-08-01 11:00:00,28.5,64,0.3,17.2,763.0
2026-08-01 12:00:00,29.5,60,0.1,16.7,894.0
2026-08-01 13:00:00,30.2,57,0.2,16.3,885.0
2026-08-01 14:00:00,30.1,57,0.3,15.3,701.0
2026-08-01 15:00:00,30.3,56,0.2,15.2,606.0
2026-08-01 16:00:00,29.7,60,0.1,12.4,363.0
2026-08-01 17:00:00,28.9,66,0.0,9.5,220.0
2026-08-01 18:00:00,28.1,70,0.0,9.0,94.0
2026-08-01 19:00:00,27.1,75,0.0,7.9,3.0
2026-08-01 20:00:00,26.5,76,0.2,9.8,0.0
2026-08-01 21:00:00,25.9,79,0.2,10.5,0.0
2026-08-01 22:00:00,25.3,80,0.0,11.3,0.0
2026-08-01 23:00:00,25.2,83,0.0,9.7,0.0
2026-08-02 00:00:00,25.3,82,0.0,12.6,0.0
2026-08-02 01:00:00,25.2,80,0.0,14.2,0.0
2026-08-02 02:00:00,25.1,77,0.0,14.6,0.0
2026-08-02 03:00:00,24.8,79,0.0,14.2,0.0
2026-08-02 04:00:00,24.4,81,0.0,12.6,0.0
2026-08-02 05:00:00,23.9,84,0.0,13.4,0.0
2026-08-02 06:00:00,24.0,84,0.0,13.6,7.0
2026-08-02 07:00:00,24.5,82,0.0,12.7,112.0
2026-08-02 08:00:00,25.6,77,0.0,16.7,290.0
2026-08-02 09:00:00,27.4,69,0.0,16.4,566.0
2026-08-02 10:00:00,28.5,64,0.0,17.7,761.0
2026-08-02 11:00:00,28.9,61,0.1,15.3,878.0
2026-08-02 12:00:00,29.8,57,0.1,14.5,866.0
2026-08-02 13:00:00,30.6,53,0.3,15.3,867.0
2026-08-02 14:00:00,29.9,58,0.3,14.3,714.0
2026-08-02 15:00:00,30.3,56,0.1,11.6,664.0
2026-08-02 16:00:00,30.2,57,0.2,11.1,470.0
2026-08-02 17:00:00,28.8,66,0.1,8.2,288.0
2026-08-02 18:00:00,27.4,75,0.1,10.0,91.0
2026-08-02 19:00:00,26.4,82,0.0,6.5,3.0
2026-08-02 20:00:00,26.3,83,0.0,7.7,0.0
2026-08-02 21:00:00,26.0,83,0.0,8.1,0.0
2026-08-02 22:00:00,25.6,84,0.0,9.3,0.0
2026-08-02 23:00:00,25.3,81,0.0,12.1,0.0
2026-08-03 00:00:00,24.5,84,0.0,11.6,0.0
2026-08-03 01:00:00,24.3,85,0.0,11.2,0.0
2026-08-03 02:00:00,24.0,88,0.0,11.2,0.0
2026-08-03 03:00:00,23.8,89,0.0,12.6,0.0
2026-08-03 04:00:00,23.5,91,0.3,12.4,0.0
2026-08-03 05:00:00,23.7,91,0.5,10.3,0.0
2026-08-03 06:00:00,23.7,90,0.0,10.8,12.0
2026-08-03 07:00:00,24.5,87,0.1,11.7,131.0
2026-08-03 08:00:00,25.5,82,0.1,13.5,268.0
2026-08-03 09:00:00,27.0,72,0.0,15.0,498.0
2026-08-03 10:00:00,28.1,68,0.0,14.9,676.0
2026-08-03 11:00:00,29.1,60,0.1,14.9,884.0
2026-08-03 12:00:00,29.9,57,0.2,13.9,856.0
2026-08-03 13:00:00,30.6,54,0.0,12.3,797.0
2026-08-03 14:00:00,30.6,54,0.4,12.6,602.0
2026-08-03 15:00:00,29.3,65,0.3,12.8,581.0
2026-08-03 16:00:00,29.6,59,0.2,12.9,504.0
2026-08-03 17:00:00,28.5,73,0.2,9.4,239.0
2026-08-03 18:00:00,27.4,78,0.0,8.3,81.0
2026-08-03 19:00:00,26.1,84,0.1,9.4,2.0
2026-08-03 20:00:00,25.5,88,0.1,8.5,0.0
2026-08-03 21:00:00,25.0,89,0.0,9.9,0.0
2026-08-03 22:00:00,25.0,89,0.0,10.1,0.0
2026-08-03 23:00:00,23.8,96,0.1,8.5,0.0
2026-08-04 00:00:00,23.6,96,3.8,13.2,0.0
2026-08-04 01:00:00,23.6,94,2.3,12.8,0.0
2026-08-04 02:00:00,23.4,95,0.6,12.5,0.0
2026-08-04 03:00:00,23.2,94,0.1,13.1,0.0
2026-08-04 04:00:00,23.3,92,0.0,13.2,0.0
2026-08-04 05:00:00,23.2,95,0.0,13.1,0.0
2026-08-04 06:00:00,23.5,94,0.3,12.8,4.0
2026-08-04 07:00:00,23.9,92,0.2,12.8,62.0
2026-08-04 08:00:00,24.4,90,0.2,12.1,159.0
2026-08-04 09:00:00,25.9,80,0.2,14.0,410.0
2026-08-04 10:00:00,26.5,76,0.2,13.5,445.0
2026-08-04 11:00:00,26.8,73,0.1,12.6,620.0
2026-08-04 12:00:00,27.2,71,0.2,14.0,548.0
2026-08-04 13:00:00,28.0,67,0.1,14.2,631.0
2026-08-04 14:00:00,28.4,65,0.1,13.4,583.0
2026-08-04 15:00:00,28.6,64,0.1,11.8,467.0
2026-08-04 16:00:00,28.8,64,0.1,10.2,406.0
2026-08-04 17:00:00,27.2,71,0.0,11.1,281.0
2026-08-04 18:00:00,25.2,84,0.4,3.1,63.0
2026-08-04 19:00:00,25.2,87,0.0,4.5,2.0
2026-08-04 20:00:00,25.4,87,0.0,5.3,0.0
2026-08-04 21:00:00,25.1,88,0.0,7.0,0.0
2026-08-04 22:00:00,24.8,89,0.0,6.1,0.0
2026-08-04 23:00:00,24.9,90,0.0,8.1,0.0
2026-08-05 00:00:00,24.4,91,1.2,10.0,0.0
2026-08-05 01:00:00,23.9,92,0.7,11.6,0.0
2026-08-05 02:00:00,23.5,93,0.7,11.2,0.0
2026-08-05 03:00:00,23.5,93,0.3,11.3,0.0
2026-08-05 04:00:00,23.4,94,0.2,11.4,0.0
2026-08-05 05:00:00,23.6,91,0.1,11.2,0.0
2026-08-05 06:00:00,23.7,90,0.0,10.3,11.0
2026-08-05 07:00:00,24.3,88,0.1,10.1,85.0
2026-08-05 08:00:00,24.8,85,0.1,14.0,177.0
2026-08-05 09:00:00,26.1,79,0.1,14.4,396.0
2026-08-05 10:00:00,27.3,72,0.0,14.4,577.0
2026-08-05 11:00:00,28.4,69,0.0,13.6,596.0
2026-08-05 12:00:00,28.8,66,0.0,14.0,715.0
2026-08-05 13:00:00,29.2,66,0.0,13.3,790.0
2026-08-05 14:00:00,29.9,63,0.0,14.4,820.0
2026-08-05 15:00:00,28.1,68,0.3,16.2,421.0
2026-08-05 16:00:00,28.2,72,0.1,11.5,421.0
2026-08-05 17:00:00,26.0,83,0.1,10.4,178.0
2026-08-05 18:00:00,25.7,86,0.3,8.8,83.0
2026-08-05 19:00:00,25.6,88,0.2,9.6,2.0
2026-08-05 20:00:00,25.5,86,0.0,10.2,0.0
2026-08-05 21:00:00,25.2,86,0.0,9.7,0.0
2026-08-05 22:00:00,25.1,85,0.0,10.4,0.0
2026-08-05 23:00:00,25.2,84,0.0,11.7,0.0
2026-08-06 00:00:00,24.9,85,0.0,11.4,0.0
2026-08-06 01:00:00,24.6,86,0.0,11.5,0.0
2026-08-06 02:00:00,24.3,86,0.0,11.8,0.0
2026-08-06 03:00:00,24.1,87,0.0,12.1,0.0
2026-08-06 04:00:00,23.9,88,0.0,12.4,0.0
2026-08-06 05:00:00,23.9,89,0.0,12.2,0.0
2026-08-06 06:00:00,23.9,88,0.0,12.4,10.0
2026-08-06 07:00:00,24.7,84,0.0,13.1,140.0
2026-08-06 08:00:00,25.8,77,0.0,15.7,335.0
2026-08-06 09:00:00,27.0,70,0.0,16.6,466.0
2026-08-06 10:00:00,27.7,67,0.0,15.5,479.0
2026-08-06 11:00:00,28.2,63,0.1,14.5,572.0
2026-08-06 12:00:00,29.4,58,0.1,14.9,767.0
2026-08-06 13:00:00,29.4,57,0.4,15.8,567.0
2026-08-06 14:00:00,28.6,63,0.8,15.7,488.0
2026-08-06 15:00:00,29.0,64,0.1,12.6,418.0
2026-08-06 16:00:00,29.1,62,0.0,13.0,357.0
2026-08-06 17:00:00,28.3,67,0.3,12.3,198.0
2026-08-06 18:00:00,27.1,74,0.0,8.7,63.0
2026-08-06 19:00:00,26.3,79,0.0,9.3,2.0
2026-08-06 20:00:00,25.6,82,0.0,12.0,0.0
2026-08-06 21:00:00,24.8,85,0.0,12.1,0.0
2026-08-06 22:00:00,24.4,88,0.0,11.7,0.0
2026-08-06 23:00:00,24.4,87,0.0,12.6,0.0
2026-08-07 00:00:00,24.1,88,0.2,11.5,0.0
2026-08-07 01:00:00,23.6,91,0.5,12.6,0.0
2026-08-07 02:00:00,23.5,92,0.2,14.6,0.0
2026-08-07 03:00:00,23.4,92,0.0,14.1,0.0
2026-08-07 04:00:00,23.5,90,0.0,14.8,0.0
2026-08-07 05:00:00,23.3,92,0.1,17.4,0.0
2026-08-07 06:00:00,23.3,90,0.0,16.3,11.0
2026-08-07 07:00:00,24.0,86,0.0,12.2,116.0
2026-08-07 08:00:00,25.2,78,0.0,17.7,314.0
2026-08-07 09:00:00,26.2,72,0.0,19.2,390.0
2026-08-07 10:00:00,27.4,66,0.0,19.6,595.0
2026-08-07 11:00:00,27.2,65,0.0,18.9,716.0
2026-08-07 12:00:00,27.4,64,0.1,17.0,423.0
2026-08-07 13:00:00,28.1,61,0.0,16.5,411.0
2026-08-07 14:00:00,28.3,61,0.0,16.1,434.0
2026-08-07 15:00:00,28.4,61,0.0,13.4,364.0
2026-08-07 16:00:00,28.2,64,0.0,10.8,222.0
2026-08-07 17:00:00,27.9,66,0.0,11.4,149.0
2026-08-07 18:00:00,27.2,71,0.0,9.2,81.0
2026-08-07 19:00:00,26.7,73,0.0,10.4,2.0
2026-08-07 20:00:00,26.1,75,0.0,10.6,0.0
2026-08-07 21:00:00,25.3,80,0.1,8.9,0.0
2026-08-07 22:00:00,24.7,84,0.0,8.5,0.0
2026-08-07 23:00:00,25.0,81,0.1,11.9,0.0
2026-08-08 00:00:00,24.7,81,0.0,11.5,0.0
2026-08-08 01:00:00,24.4,82,0.0,13.7,0.0
2026-08-08 02:00:00,22.8,85,0.2,15.6,0.0
2026-08-08 03:00:00,22.5,90,0.4,11.6,0.0
2026-08-08 04:00:00,22.6,92,0.1,10.2,0.0
2026-08-08 05:00:00,23.7,86,0.1,15.4,0.0
2026-08-08 06:00:00,23.7,85,0.0,15.8,6.0
2026-08-08 07:00:00,24.0,84,0.0,13.1,90.0
2026-08-08 08:00:00,25.0,78,0.0,17.1,238.0
2026-08-08 09:00:00,26.2,71,0.0,19.4,425.0
2026-08-08 10:00:00,27.5,64,0.0,18.8,533.0
2026-08-08 11:00:00,27.5,64,0.1,15.1,772.0
2026-08-08 12:00:00,28.1,61,0.0,14.7,591.0
2026-08-08 13:00:00,28.3,60,0.0,13.3,489.0
2026-08-08 14:00:00,28.8,58,0.0,12.1,468.0
2026-08-08 15:00:00,28.6,58,0.0,14.5,366.0
2026-08-08 16:00:00,27.7,66,0.0,10.8,196.0
2026-08-08 17:00:00,27.6,69,0.0,8.8,223.0
2026-08-08 18:00:00,26.9,75,0.0,5.8,86.0
2026-08-08 19:00:00,26.3,80,0.0,5.7,2.0
2026-08-08 20:00:00,25.8,82,0.0,6.0,0.0
2026-08-08 21:00:00,25.3,83,0.0,7.7,0.0
2026-08-08 22:00:00,25.0,82,0.0,8.6,0.0
2026-08-08 23:00:00,24.7,83,0.1,9.3,0.0
2026-08-09 00:00:00,24.5,85,0.1,8.7,0.0
2026-08-09 01:00:00,24.3,87,0.0,8.2,0.0
2026-08-09 02:00:00,24.2,85,0.0,11.0,0.0
2026-08-09 03:00:00,24.1,85,0.0,12.7,0.0
2026-08-09 04:00:00,24.1,85,0.0,13.7,0.0
2026-08-09 05:00:00,24.1,82,0.0,15.3,0.0
2026-08-09 06:00:00,23.8,82,0.0,15.3,11.0
2026-08-09 07:00:00,24.5,80,0.0,14.2,143.0
2026-08-09 08:00:00,25.5,75,0.0,19.4,333.0
2026-08-09 09:00:00,26.5,70,0.0,19.2,453.0
2026-08-09 10:00:00,27.8,63,0.0,20.0,676.0
2026-08-09 11:00:00,28.5,61,0.0,19.5,729.0
2026-08-09 12:00:00,29.1,57,0.0,18.1,784.0
2026-08-09 13:00:00,29.8,53,0.0,18.0,846.0
2026-08-09 14:00:00,30.2,51,0.0,18.0,761.0
2026-08-09 15:00:00,30.2,51,0.0,15.0,589.0
2026-08-09 16:00:00,29.7,56,0.0,14.6,474.0
2026-08-09 17:00:00,29.1,60,0.0,11.2,247.0
2026-08-09 18:00:00,27.9,67,0.0,7.3,75.0
2026-08-09 19:00:00,26.9,74,0.0,6.2,2.0
2026-08-09 20:00:00,26.3,77,0.0,6.2,0.0
2026-08-09 21:00:00,25.8,81,0.0,6.1,0.0
2026-08-09 22:00:00,25.3,83,0.0,5.8,0.0
2026-08-09 23:00:00,25.5,83,0.1,6.1,0.0
2026-08-10 00:00:00,25.2,83,0.1,6.7,0.0
2026-08-10 01:00:00,24.7,84,0.0,7.6,0.0
2026-08-10 02:00:00,24.4,85,0.0,8.6,0.0
2026-08-10 03:00:00,24.2,85,0.0,9.9,0.0
2026-08-10 04:00:00,24.0,85,0.0,11.5,0.0
2026-08-10 05:00:00,24.1,83,0.0,12.6,0.0
2026-08-10 06:00:00,23.9,83,0.0,12.7,11.0
2026-08-10 07:00:00,24.5,81,0.0,12.0,153.0
2026-08-10 08:00:00,25.6,76,0.0,12.8,380.0
2026-08-10 09:00:00,27.0,71,0.0,12.6,600.0
2026-08-10 10:00:00,28.3,64,0.0,14.4,783.0
2026-08-10 11:00:00,29.2,59,0.0,15.6,876.0
2026-08-10 12:00:00,29.7,55,0.0,15.1,911.0
2026-08-10 13:00:00,30.2,53,0.1,14.8,913.0
2026-08-10 14:00:00,30.8,50,0.1,14.5,857.0
2026-08-10 15:00:00,30.8,50,0.1,14.4,710.0
2026-08-10 16:00:00,30.7,50,0.2,13.3,503.0
2026-08-10 17:00:00,29.5,58,0.0,10.2,299.0
2026-08-10 18:00:00,28.4,66,0.0,5.5,76.0
2026-08-10 19:00:00,27.4,72,0.0,6.0,2.0
2026-08-10 20:00:00,26.0,78,0.5,9.6,0.0
2026-08-10 21:00:00,25.5,79,0.1,10.0,0.0
2026-08-10 22:00:00,23.9,86,0.8,13.2,0.0
2026-08-10 23:00:00,24.5,82,0.4,9.9,0.0
2026-08-11 00:00:00,24.4,83,0.0,9.5,0.0
2026-08-11 01:00:00,24.6,83,0.0,10.7,0.0
2026-08-11 02:00:00,24.4,84,0.0,11.0,0.0
2026-08-11 03:00:00,24.1,85,0.0,11.5,0.0
2026-08-11 04:00:00,23.8,84,0.0,11.5,0.0
2026-08-11 05:00:00,23.6,87,0.0,11.5,0.0
2026-08-11 06:00:00,23.5,85,0.0,11.9,11.0
2026-08-11 07:00:00,24.3,81,0.0,11.2,151.0
2026-08-11 08:00:00,25.5,74,0.0,12.9,375.0
2026-08-11 09:00:00,27.0,68,0.0,14.3,598.0
2026-08-11 10:00:00,28.3,61,0.0,16.1,743.0
2026-08-11 11:00:00,28.2,59,0.0,16.2,718.0
2026-08-11 12:00:00,29.0,56,0.0,15.5,748.0
2026-08-11 13:00:00,29.3,57,0.0,16.9,674.0
2026-08-11 14:00:00,29.7,57,0.1,14.1,754.0
2026-08-11 15:00:00,30.0,56,0.1,13.5,680.0
2026-08-11 16:00:00,29.8,57,0.1,14.1,519.0
2026-08-11 17:00:00,28.9,59,0.2,12.3,285.0
2026-08-11 18:00:00,28.0,67,0.0,8.7,90.0
2026-08-11 19:00:00,27.2,72,0.0,8.2,1.0
2026-08-11 20:00:00,26.6,74,0.0,8.8,0.0
2026-08-11 21:00:00,26.0,76,0.0,10.8,0.0
2026-08-11 22:00:00,25.6,77,0.0,12.4,0.0
2026-08-11 23:00:00,24.6,81,0.1,13.5,0.0
2026-08-12 00:00:00,24.3,83,0.0,13.1,0.0
2026-08-12 01:00:00,24.2,83,0.0,12.9,0.0
2026-08-12 02:00:00,24.2,84,0.0,13.2,0.0
2026-08-12 03:00:00,24.0,85,0.1,14.8,0.0
2026-08-12 04:00:00,23.2,91,0.8,17.4,0.0
2026-08-12 05:00:00,23.5,88,0.9,14.8,0.0
2026-08-12 06:00:00,23.6,87,0.0,14.4,9.0
2026-08-12 07:00:00,24.1,86,0.0,12.9,60.0
2026-08-12 08:00:00,25.2,79,0.0,18.0,183.0
2026-08-12 09:00:00,27.0,70,0.0,18.4,429.0
2026-08-12 10:00:00,27.7,68,0.1,18.8,544.0
2026-08-12 11:00:00,28.0,66,0.2,19.0,750.0
2026-08-12 12:00:00,28.4,65,0.3,18.6,792.0
2026-08-12 13:00:00,28.4,66,0.1,16.8,619.0
2026-08-12 14:00:00,28.9,63,0.0,16.2,608.0
2026-08-12 15:00:00,29.0,61,0.0,14.1,403.0
2026-08-12 16:00:00,29.0,63,0.4,13.3,443.0
2026-08-12 17:00:00,28.3,67,0.4,11.9,237.0
2026-08-12 18:00:00,27.1,74,0.1,10.7,73.0
2026-08-12 19:00:00,25.6,82,0.1,13.7,1.0
2026-08-12 20:00:00,24.5,89,0.1,8.6,0.0
2026-08-12 21:00:00,24.5,90,0.0,9.1,0.0
2026-08-12 22:00:00,24.5,91,0.0,10.6,0.0
2026-08-12 23:00:00,25.1,87,0.0,11.8,0.0
2026-08-13 00:00:00,24.7,87,0.0,11.7,0.0
2026-08-13 01:00:00,24.3,89,0.0,11.4,0.0
2026-08-13 02:00:00,24.0,91,0.0,11.1,0.0
2026-08-13 03:00:00,23.9,91,0.0,10.9,0.0
2026-08-13 04:00:00,23.7,90,0.0,11.7,0.0
2026-08-13 05:00:00,23.5,92,0.0,12.2,0.0
2026-08-13 06:00:00,23.5,91,0.0,12.5,10.0
2026-08-13 07:00:00,24.4,86,0.0,14.1,134.0
2026-08-13 08:00:00,25.6,79,0.0,15.6,319.0
2026-08-13 09:00:00,26.9,71,0.0,16.3,485.0
2026-08-13 10:00:00,27.8,66,0.2,15.9,669.0
2026-08-13 11:00:00,26.9,68,0.2,16.6,757.0
2026-08-13 12:00:00,27.2,66,0.0,15.9,330.0
2026-08-13 13:00:00,27.9,63,0.0,14.6,350.0
2026-08-13 14:00:00,28.6,61,0.0,11.4,359.0
2026-08-13 15:00:00,30.0,56,0.0,14.3,529.0
2026-08-13 16:00:00,30.0,56,0.0,12.8,394.0
2026-08-13 17:00:00,29.1,60,0.1,11.2,202.0
2026-08-13 18:00:00,27.8,68,0.0,10.2,60.0
2026-08-13 19:00:00,26.9,73,0.0,9.9,1.0
2026-08-13 20:00:00,26.5,76,0.0,10.7,0.0
2026-08-13 21:00:00,25.8,80,0.1,10.7,0.0
2026-08-13 22:00:00,25.3,81,0.0,9.2,0.0
2026-08-13 23:00:00,25.4,76,0.0,13.5,0.0
2026-08-14 00:00:00,24.9,79,0.0,13.4,0.0
2026-08-14 01:00:00,24.6,79,0.0,13.2,0.0
2026-08-14 02:00:00,24.2,80,0.0,13.4,0.0
2026-08-14 03:00:00,24.0,81,0.0,13.5,0.0
2026-08-14 04:00:00,23.8,83,0.0,13.0,0.0
2026-08-14 05:00:00,23.5,84,0.0,13.7,0.0
2026-08-14 06:00:00,23.4,85,0.0,14.3,10.0
2026-08-14 07:00:00,24.2,82,0.0,13.0,129.0
2026-08-14 08:00:00,25.4,75,0.0,17.7,359.0
2026-08-14 09:00:00,26.9,67,0.0,19.2,538.0
2026-08-14 10:00:00,28.0,63,0.0,18.1,640.0
2026-08-14 11:00:00,28.0,63,0.0,19.8,522.0
2026-08-14 12:00:00,28.2,61,0.0,19.6,559.0
2026-08-14 13:00:00,29.2,58,0.0,18.9,677.0
2026-08-14 14:00:00,30.0,54,0.0,18.7,670.0
2026-08-14 15:00:00,30.1,54,0.1,17.7,595.0
2026-08-14 16:00:00,29.4,58,0.1,15.8,427.0
2026-08-14 17:00:00,28.6,64,0.1,10.6,252.0
2026-08-14 18:00:00,27.4,73,0.2,7.9,66.0
2026-08-14 19:00:00,23.9,92,2.2,12.0,1.0
2026-08-14 20:00:00,24.0,91,0.6,11.0,0.0
2026-08-14 21:00:00,24.1,90,0.1,11.6,0.0
2026-08-14 22:00:00,23.9,91,0.0,11.0,0.0
2026-08-14 23:00:00,24.3,88,0.0,12.8,0.0
2026-08-15 00:00:00,24.4,87,0.0,12.5,0.0
2026-08-15 01:00:00,24.5,85,0.0,13.0,0.0
2026-08-15 02:00:00,24.3,84,0.0,14.0,0.0
2026-08-15 03:00:00,24.1,84,0.0,14.7,0.0
2026-08-15 04:00:00,23.9,84,0.0,14.4,0.0
2026-08-15 05:00:00,24.0,82,0.0,15.0,0.0
2026-08-15 06:00:00,23.8,83,0.0,14.8,8.0
2026-08-15 07:00:00,24.2,81,0.0,14.4,110.0
2026-08-15 08:00:00,25.4,76,0.0,16.2,294.0
2026-08-15 09:00:00,26.7,69,0.0,18.7,501.0
2026-08-15 10:00:00,27.9,64,0.2,19.3,651.0
2026-08-15 11:00:00,28.3,60,0.1,19.4,757.0
2026-08-15 12:00:00,29.3,56,0.0,19.2,853.0
2026-08-15 13:00:00,30.0,53,0.1,19.4,836.0
2026-08-15 14:00:00,30.3,52,0.1,18.3,730.0
2026-08-15 15:00:00,30.2,53,0.2,18.2,615.0
2026-08-15 16:00:00,30.1,53,0.2,16.9,479.0
2026-08-15 17:00:00,29.3,57,0.0,15.1,294.0
2026-08-15 18:00:00,28.1,64,0.1,11.9,70.0
2026-08-15 19:00:00,26.9,73,0.0,8.5,1.0
2026-08-15 20:00:00,26.2,78,0.0,7.9,0.0
2026-08-15 21:00:00,25.6,77,0.0,9.8,0.0
2026-08-15 22:00:00,25.1,78,0.0,10.0,0.0
2026-08-15 23:00:00,25.6,77,0.0,14.8,0.0
2026-08-16 00:00:00,25.3,78,0.0,15.7,0.0
2026-08-16 01:00:00,24.8,79,0.0,15.8,0.0
2026-08-16 02:00:00,24.4,81,0.0,15.5,0.0
2026-08-16 03:00:00,24.1,82,0.0,14.2,0.0
2026-08-16 04:00:00,23.9,83,0.0,13.5,0.0
2026-08-16 05:00:00,23.9,85,0.0,13.9,0.0
2026-08-16 06:00:00,23.8,85,0.0,13.5,9.0
2026-08-16 07:00:00,24.2,84,0.0,12.6,66.0
2026-08-16 08:00:00,24.6,82,0.0,13.3,110.0
2026-08-16 09:00:00,26.0,74,0.0,15.9,293.0
2026-08-16 10:00:00,26.4,71,0.2,16.1,342.0
2026-08-16 11:00:00,28.3,62,0.0,15.3,402.0
2026-08-16 12:00:00,28.4,61,0.0,14.7,461.0
2026-08-16 13:00:00,28.5,60,0.0,15.2,365.0
2026-08-16 14:00:00,27.7,64,0.2,15.4,302.0
2026-08-16 15:00:00,27.3,71,0.3,11.3,353.0
2026-08-16 16:00:00,28.4,65,0.2,11.9,420.0
2026-08-16 17:00:00,28.6,62,0.1,11.4,256.0
2026-08-16 18:00:00,27.9,66,0.0,8.0,69.0
2026-08-16 19:00:00,27.3,70,0.0,8.3,1.0
2026-08-16 20:00:00,26.9,72,0.0,7.6,0.0
2026-08-16 21:00:00,26.4,74,0.0,7.2,0.0
2026-08-16 22:00:00,26.0,74,0.0,7.6,0.0
2026-08-16 23:00:00,26.3,75,0.0,9.5,0.0
2026-08-17 00:00:00,25.8,77,0.0,11.8,0.0
2026-08-17 01:00:00,25.4,77,0.0,14.9,0.0
2026-08-17 02:00:00,24.8,78,0.0,14.1,0.0
2026-08-17 03:00:00,24.6,80,0.0,13.5,0.0
2026-08-17 04:00:00,24.3,82,0.0,13.3,0.0
2026-08-17 05:00:00,24.2,82,0.0,14.4,0.0
2026-08-17 06:00:00,23.7,84,0.0,14.5,10.0
2026-08-17 07:00:00,24.6,80,0.0,14.4,149.0
2026-08-17 08:00:00,26.2,72,0.0,17.9,359.0
2026-08-17 09:00:00,27.8,64,0.0,18.0,559.0
2026-08-17 10:00:00,28.6,61,0.0,17.5,645.0
2026-08-17 11:00:00,29.6,55,0.0,18.4,838.0
2026-08-17 12:00:00,30.0,53,0.1,19.4,866.0
2026-08-17 13:00:00,29.8,55,0.1,19.1,710.0
2026-08-17 14:00:00,30.1,56,0.1,18.0,722.0
2026-08-17 15:00:00,30.2,55,0.0,16.0,654.0
2026-08-17 16:00:00,30.0,55,0.2,15.1,497.0
2026-08-17 17:00:00,29.5,57,0.3,16.6,257.0
2026-08-17 18:00:00,28.5,60,0.1,15.4,72.0
2026-08-17 19:00:00,27.6,66,0.0,12.6,0.0
2026-08-17 20:00:00,27.0,68,0.0,11.7,0.0
2026-08-17 21:00:00,26.6,70,0.0,11.9,0.0
2026-08-17 22:00:00,26.5,69,0.0,12.2,0.0
2026-08-17 23:00:00,26.2,69,0.0,14.1,0.0
2026-08-18 00:00:00,25.6,71,0.0,12.8,0.0
2026-08-18 01:00:00,25.1,74,0.0,12.5,0.0
2026-08-18 02:00:00,24.7,76,0.0,10.8,0.0
2026-08-18 03:00:00,24.6,77,0.0,10.6,0.0
2026-08-18 04:00:00,24.5,77,0.0,12.1,0.0
2026-08-18 05:00:00,24.2,79,0.0,13.5,0.0
2026-08-18 06:00:00,23.9,81,0.0,13.7,9.0
2026-08-18 07:00:00,24.4,78,0.0,15.8,113.0
2026-08-18 08:00:00,25.6,71,0.0,17.4,272.0
2026-08-18 09:00:00,26.9,64,0.0,18.7,394.0
2026-08-18 10:00:00,28.3,58,0.0,17.1,526.0
2026-08-18 11:00:00,29.3,53,0.0,16.1,601.0
2026-08-18 12:00:00,30.7,47,0.1,16.6,893.0
2026-08-18 13:00:00,31.2,46,0.4,15.9,796.0
2026-08-18 14:00:00,31.0,47,0.4,16.3,637.0
2026-08-18 15:00:00,30.4,51,0.3,15.5,520.0
2026-08-18 16:00:00,28.3,66,0.4,14.8,368.0
2026-08-18 17:00:00,27.7,69,0.0,10.9,244.0
2026-08-18 18:00:00,26.9,74,0.0,8.7,68.0
2026-08-18 19:00:00,26.2,78,0.0,12.1,0.0
2026-08-18 20:00:00,25.5,80,0.0,8.7,0.0
2026-08-18 21:00:00,25.2,82,0.0,8.1,0.0
2026-08-18 22:00:00,25.2,83,0.0,8.8,0.0
2026-08-18 23:00:00,25.4,80,0.0,13.2,0.0
2026-08-19 00:00:00,24.7,82,0.2,12.1,0.0
2026-08-19 01:00:00,23.9,85,0.3,11.9,0.0
2026-08-19 02:00:00,24.0,86,0.1,13.0,0.0
2026-08-19 03:00:00,23.9,86,0.0,12.4,0.0
2026-08-19 04:00:00,23.9,86,0.0,12.9,0.0
2026-08-19 05:00:00,24.3,81,0.0,14.5,0.0
2026-08-19 06:00:00,24.2,80,0.0,13.6,8.0
2026-08-19 07:00:00,24.8,78,0.0,14.3,109.0
2026-08-19 08:00:00,25.5,74,0.0,16.6,221.0
2026-08-19 09:00:00,26.7,67,0.0,15.8,369.0
2026-08-19 10:00:00,27.3,64,0.0,14.8,390.0
2026-08-19 11:00:00,28.2,59,0.1,14.9,735.0
2026-08-19 12:00:00,28.7,56,0.1,14.8,658.0
2026-08-19 13:00:00,29.3,53,0.1,15.9,705.0
2026-08-19 14:00:00,29.2,51,0.3,16.6,496.0
2026-08-19 15:00:00,26.9,68,1.1,13.3,217.0
2026-08-19 16:00:00,27.4,68,0.4,8.6,306.0
2026-08-19 17:00:00,27.7,62,0.0,14.2,76.0
2026-08-19 18:00:00,26.7,68,0.0,10.8,38.0
2026-08-19 19:00:00,25.8,73,0.0,10.2,0.0
2026-08-19 20:00:00,25.1,79,0.2,9.0,0.0
2026-08-19 21:00:00,24.7,83,0.1,8.9,0.0
2026-08-19 22:00:00,24.7,83,0.0,8.6,0.0
2026-08-19 23:00:00,25.1,84,0.0,7.0,0.0
2026-08-20 00:00:00,24.4,88,0.1,7.2,0.0
2026-08-20 01:00:00,24.0,89,0.3,10.0,0.0
2026-08-20 02:00:00,23.0,91,0.6,8.9,0.0
2026-08-20 03:00:00,23.3,90,0.1,9.9,0.0
2026-08-20 04:00:00,23.6,89,0.0,11.4,0.0
2026-08-20 05:00:00,23.4,89,0.0,13.8,0.0
2026-08-20 06:00:00,23.4,87,0.0,14.5,8.0
2026-08-20 07:00:00,24.4,82,0.0,12.9,138.0
2026-08-20 08:00:00,25.5,75,0.0,17.6,342.0
2026-08-20 09:00:00,26.9,68,0.0,16.9,554.0
2026-08-20 10:00:00,28.1,61,0.0,16.6,718.0
2026-08-20 11:00:00,28.6,58,0.0,15.4,832.0
2026-08-20 12:00:00,29.4,54,0.0,15.9,865.0
2026-08-20 13:00:00,30.0,50,0.0,16.4,851.0
2026-08-20 14:00:00,30.0,50,0.0,16.1,719.0
2026-08-20 15:00:00,30.0,51,0.0,14.7,580.0
2026-08-20 16:00:00,30.3,50,0.0,15.4,500.0
2026-08-20 17:00:00,28.7,58,0.0,14.9,256.0
2026-08-20 18:00:00,27.4,67,0.0,10.2,69.0
2026-08-20 19:00:00,26.6,72,0.0,9.9,0.0
2026-08-20 20:00:00,26.2,74,0.0,8.0,0.0
2026-08-20 21:00:00,25.7,77,0.0,7.8,0.0
2026-08-20 22:00:00,25.4,79,0.0,7.7,0.0
2026-08-20 23:00:00,25.6,79,0.0,6.8,0.0
2026-08-21 00:00:00,25.4,78,0.0,9.7,0.0
2026-08-21 01:00:00,25.4,75,0.0,11.2,0.0
2026-08-21 02:00:00,25.2,75,0.0,11.9,0.0
2026-08-21 03:00:00,24.9,76,0.0,12.5,0.0
2026-08-21 04:00:00,24.4,79,0.0,13.0,0.0
2026-08-21 05:00:00,24.2,80,0.0,15.1,0.0
2026-08-21 06:00:00,23.9,81,0.0,14.3,10.0
2026-08-21 07:00:00,24.6,77,0.0,14.2,149.0
2026-08-21 08:00:00,25.7,70,0.0,15.6,378.0
2026-08-21 09:00:00,27.0,65,0.0,15.2,601.0
2026-08-21 10:00:00,28.5,58,0.0,17.4,788.0
2026-08-21 11:00:00,29.6,53,0.0,16.8,852.0
2026-08-21 12:00:00,30.1,49,0.0,17.5,803.0
2026-08-21 13:00:00,30.6,46,0.0,18.1,737.0
2026-08-21 14:00:00,30.9,46,0.0,18.5,647.0
2026-08-21 15:00:00,30.9,46,0.0,16.9,585.0
2026-08-21 16:00:00,30.6,48,0.0,15.9,377.0
2026-08-21 17:00:00,30.6,48,0.0,11.6,227.0
2026-08-21 18:00:00,29.4,55,0.0,7.4,82.0
2026-08-21 19:00:00,28.3,62,0.0,6.1,0.0
2026-08-21 20:00:00,27.9,65,0.0,4.9,0.0
2026-08-21 21:00:00,27.1,71,0.1,6.5,0.0
2026-08-21 22:00:00,26.4,74,0.1,6.7,0.0
2026-08-21 23:00:00,26.0,77,0.0,8.1,0.0
2026-08-22 00:00:00,25.7,76,0.0,11.0,0.0
2026-08-22 01:00:00,25.4,73,0.0,14.3,0.0
2026-08-22 02:00:00,25.1,73,0.0,15.9,0.0
2026-08-22 03:00:00,24.8,74,0.0,15.1,0.0
2026-08-22 04:00:00,24.4,76,0.0,13.7,0.0
2026-08-22 05:00:00,24.5,77,0.0,14.7,0.0
2026-08-22 06:00:00,24.2,78,0.0,13.9,9.0
2026-08-22 07:00:00,25.1,75,0.0,15.6,145.0
2026-08-22 08:00:00,26.4,69,0.0,18.5,368.0
2026-08-22 09:00:00,27.7,63,0.0,17.3,560.0
2026-08-22 10:00:00,29.0,58,0.0,17.1,736.0
2026-08-22 11:00:00,30.2,51,0.0,17.6,883.0
2026-08-22 12:00:00,31.0,47,0.0,17.7,932.0
2026-08-22 13:00:00,31.2,46,0.0,17.4,798.0
2026-08-22 14:00:00,31.4,46,0.0,15.6,684.0
2026-08-22 15:00:00,31.5,46,0.0,14.8,662.0
2026-08-22 16:00:00,31.0,47,0.0,14.4,427.0
2026-08-22 17:00:00,30.4,50,0.0,11.2,205.0
2026-08-22 18:00:00,29.9,52,0.0,9.0,72.0
2026-08-22 19:00:00,28.9,57,0.2,9.1,0.0
2026-08-22 20:00:00,27.7,66,0.2,8.5,0.0
2026-08-22 21:00:00,26.9,70,0.0,8.7,0.0
2026-08-22 22:00:00,26.2,73,0.0,9.5,0.0
2026-08-22 23:00:00,25.6,77,0.0,11.0,0.0
2026-08-23 00:00:00,25.1,82,0.1,10.3,0.0
2026-08-23 01:00:00,24.9,82,0.0,11.2,0.0
2026-08-23 02:00:00,24.3,83,0.0,10.2,0.0
2026-08-23 03:00:00,23.9,85,0.0,9.3,0.0
2026-08-23 04:00:00,23.9,85,0.0,9.7,0.0
2026-08-23 05:00:00,24.0,88,0.0,11.3,0.0
2026-08-23 06:00:00,23.9,88,0.1,11.9,6.0
2026-08-23 07:00:00,24.8,83,0.0,14.7,112.0
2026-08-23 08:00:00,25.9,76,0.0,17.3,259.0
2026-08-23 09:00:00,27.0,70,0.1,16.8,406.0
2026-08-23 10:00:00,27.8,65,0.2,16.2,509.0
2026-08-23 11:00:00,28.2,62,0.2,16.1,735.0
2026-08-23 12:00:00,27.6,65,0.3,14.8,363.0
2026-08-23 13:00:00,27.0,69,0.9,13.5,382.0
2026-08-23 14:00:00,26.4,77,0.9,9.7,218.0
2026-08-23 15:00:00,26.3,78,0.4,7.6,151.0
2026-08-23 16:00:00,26.2,80,0.5,6.0,148.0
2026-08-23 17:00:00,25.2,84,0.8,9.3,89.0
2026-08-23 18:00:00,25.0,87,0.3,7.6,18.0
2026-08-23 19:00:00,24.7,90,1.1,8.7,0.0
2026-08-23 20:00:00,24.3,93,0.9,8.0,0.0
2026-08-23 21:00:00,24.1,94,1.7,8.5,0.0
2026-08-23 22:00:00,24.0,95,1.4,7.4,0.0
2026-08-23 23:00:00,24.0,94,1.1,7.1,0.0
2026-08-24 00:00:00,23.7,95,0.4,10.4,0.0
2026-08-24 01:00:00,23.5,94,0.1,11.6,0.0
2026-08-24 02:00:00,23.4,93,0.0,11.5,0.0
2026-08-24 03:00:00,23.2,92,0.1,13.0,0.0
2026-08-24 04:00:00,23.3,93,0.1,12.8,0.0
2026-08-24 05:00:00,23.3,92,0.4,15.4,0.0
2026-08-24 06:00:00,23.2,92,0.3,14.7,6.0
2026-08-24 07:00:00,23.7,91,0.2,13.3,89.0
2026-08-24 08:00:00,24.0,89,0.2,13.3,124.0
2026-08-24 09:00:00,24.8,83,0.2,16.5,260.0
2026-08-24 10:00:00,25.2,80,0.1,16.4,283.0
2026-08-24 11:00:00,24.3,86,0.1,14.3,275.0
2026-08-24 12:00:00,24.9,83,0.5,12.6,290.0
2026-08-24 13:00:00,25.7,79,0.2,11.1,397.0
2026-08-24 14:00:00,26.7,74,0.0,11.1,444.0
2026-08-24 15:00:00,27.4,71,0.0,11.1,479.0
2026-08-24 16:00:00,27.3,70,0.0,11.1,336.0
2026-08-24 17:00:00,26.4,77,0.0,8.3,156.0
2026-08-24 18:00:00,25.9,80,0.0,6.5,44.0
2026-08-24 19:00:00,25.4,83,0.0,6.9,0.0
2026-08-24 20:00:00,25.2,84,0.0,6.9,0.0
2026-08-24 21:00:00,25.2,83,0.0,8.4,0.0
2026-08-24 22:00:00,24.9,84,0.0,8.5,0.0
2026-08-24 23:00:00,25.4,81,0.0,10.6,0.0
2026-08-25 00:00:00,25.0,81,0.2,11.7,0.0
2026-08-25 01:00:00,24.3,85,0.4,9.4,0.0
2026-08-25 02:00:00,23.3,90,0.4,11.1,0.0
2026-08-25 03:00:00,23.5,89,0.0,12.0,0.0
2026-08-25 04:00:00,23.9,87,0.0,12.8,0.0
2026-08-25 05:00:00,23.9,84,0.0,14.2,0.0
2026-08-25 06:00:00,23.7,85,0.0,12.2,9.0
2026-08-25 07:00:00,24.5,83,0.0,12.0,122.0
2026-08-25 08:00:00,25.4,78,0.1,15.7,273.0
2026-08-25 09:00:00,26.5,73,0.0,15.5,508.0
2026-08-25 10:00:00,27.4,69,0.0,14.1,643.0
2026-08-25 11:00:00,27.8,68,0.6,13.5,828.0
2026-08-25 12:00:00,27.2,70,0.4,11.7,562.0
2026-08-25 13:00:00,27.8,67,0.3,13.3,660.0
2026-08-25 14:00:00,28.6,64,0.4,13.5,715.0
2026-08-25 15:00:00,29.0,60,0.1,15.0,666.0
2026-08-25 16:00:00,28.9,60,0.1,14.9,469.0
2026-08-25 17:00:00,28.0,68,0.2,11.9,249.0
2026-08-25 18:00:00,27.0,72,0.0,12.1,64.0
2026-08-25 19:00:00,26.3,74,0.0,11.7,0.0
2026-08-25 20:00:00,25.8,77,0.0,10.1,0.0
2026-08-25 21:00:00,25.3,80,0.0,9.2,0.0
2026-08-25 22:00:00,25.1,80,0.0,9.5,0.0
2026-08-25 23:00:00,25.4,76,0.0,12.1,0.0
2026-08-26 00:00:00,25.3,76,0.0,12.8,0.0
2026-08-26 01:00:00,24.9,77,0.0,13.9,0.0
2026-08-26 02:00:00,24.5,79,0.0,13.5,0.0
2026-08-26 03:00:00,24.2,80,0.0,13.3,0.0
2026-08-26 04:00:00,23.7,82,0.0,13.2,0.0
2026-08-26 05:00:00,23.5,86,0.0,13.9,0.0
2026-08-26 06:00:00,23.7,84,0.0,15.4,5.0
2026-08-26 07:00:00,24.2,82,0.0,14.1,88.0
2026-08-26 08:00:00,25.6,76,0.0,18.4,334.0
2026-08-26 09:00:00,26.9,68,0.0,19.1,520.0
2026-08-26 10:00:00,27.8,64,0.0,17.7,686.0
2026-08-26 11:00:00,28.4,60,0.1,16.7,796.0
2026-08-26 12:00:00,29.1,57,0.1,16.4,878.0
2026-08-26 13:00:00,29.7,54,0.1,16.6,867.0
2026-08-26 14:00:00,30.0,53,0.2,17.2,811.0
2026-08-26 15:00:00,30.1,52,0.1,16.5,659.0
2026-08-26 16:00:00,29.8,53,0.0,17.2,488.0
2026-08-26 17:00:00,28.3,62,0.1,11.8,261.0
2026-08-26 18:00:00,27.1,70,0.0,9.8,65.0
2026-08-26 19:00:00,26.2,75,0.0,6.6,0.0
2026-08-26 20:00:00,25.7,78,0.0,6.5,0.0
2026-08-26 21:00:00,25.7,78,0.0,7.7,0.0
2026-08-26 22:00:00,25.8,76,0.0,9.2,0.0
2026-08-26 23:00:00,26.1,73,0.0,11.6,0.0
2026-08-27 00:00:00,25.9,73,0.0,12.2,0.0
2026-08-27 01:00:00,25.6,75,0.0,13.9,0.0
2026-08-27 02:00:00,25.4,75,0.0,15.3,0.0
2026-08-27 03:00:00,24.8,78,0.0,14.5,0.0
2026-08-27 04:00:00,24.6,78,0.0,14.2,0.0
2026-08-27 05:00:00,24.2,78,0.0,16.1,0.0
2026-08-27 06:00:00,23.9,79,0.0,15.9,8.0
2026-08-27 07:00:00,24.4,78,0.0,14.0,117.0
2026-08-27 08:00:00,25.5,73,0.0,19.0,325.0
2026-08-27 09:00:00,27.0,66,0.0,20.1,544.0
2026-08-27 10:00:00,27.4,64,0.0,19.5,467.0
2026-08-27 11:00:00,27.9,61,0.0,20.1,551.0
2026-08-27 12:00:00,28.7,58,0.0,19.8,613.0
2026-08-27 13:00:00,28.8,58,0.0,18.0,498.0
2026-08-27 14:00:00,29.1,56,0.0,16.6,479.0
2026-08-27 15:00:00,29.3,56,0.0,16.1,409.0
2026-08-27 16:00:00,29.3,57,0.0,16.0,388.0
2026-08-27 17:00:00,29.3,57,0.0,11.1,228.0
2026-08-27 18:00:00,28.0,64,0.0,8.1,65.0
2026-08-27 19:00:00,27.1,71,0.0,6.5,0.0
2026-08-27 20:00:00,26.4,74,0.0,6.6,0.0
2026-08-27 21:00:00,25.8,77,0.0,6.3,0.0
2026-08-27 22:00:00,25.5,79,0.0,7.6,0.0
2026-08-27 23:00:00,25.6,78,0.0,8.6,0.0
2026-08-28 00:00:00,25.3,78,0.1,9.8,0.0
2026-08-28 01:00:00,25.1,76,0.0,13.2,0.0
2026-08-28 02:00:00,24.5,78,0.0,13.3,0.0
2026-08-28 03:00:00,24.3,79,0.0,13.5,0.0
2026-08-28 04:00:00,23.8,81,0.0,13.2,0.0
2026-08-28 05:00:00,23.7,80,0.0,13.4,0.0
2026-08-28 06:00:00,23.5,81,0.0,13.7,9.0
2026-08-28 07:00:00,24.2,78,0.0,14.3,143.0
2026-08-28 08:00:00,25.5,72,0.0,19.5,363.0
2026-08-28 09:00:00,26.7,65,0.0,19.0,505.0
2026-08-28 10:00:00,27.9,59,0.0,18.7,587.0
2026-08-28 11:00:00,28.3,56,0.0,18.1,691.0
2026-08-28 12:00:00,29.0,54,0.0,17.2,628.0
2026-08-28 13:00:00,29.8,51,0.1,17.4,804.0
2026-08-28 14:00:00,30.1,50,0.1,17.0,762.0
2026-08-28 15:00:00,30.4,49,0.1,16.7,662.0
2026-08-28 16:00:00,30.1,50,0.1,16.0,476.0
2026-08-28 17:00:00,29.3,53,0.0,12.0,269.0
2026-08-28 18:00:00,28.4,59,0.0,10.0,64.0
2026-08-28 19:00:00,27.6,64,0.0,8.4,0.0
2026-08-28 20:00:00,26.9,69,0.0,8.8,0.0
2026-08-28 21:00:00,26.4,70,0.0,12.7,0.0
2026-08-28 22:00:00,25.9,73,0.0,12.1,0.0
2026-08-28 23:00:00,25.7,71,0.0,15.1,0.0
2026-08-29 00:00:00,25.1,75,0.0,14.6,0.0
2026-08-29 01:00:00,24.7,77,0.0,14.1,0.0
2026-08-29 02:00:00,24.5,77,0.0,14.1,0.0
2026-08-29 03:00:00,24.2,77,0.0,14.4,0.0
2026-08-29 04:00:00,23.8,78,0.0,14.9,0.0
2026-08-29 05:00:00,24.0,79,0.0,16.1,0.0
2026-08-29 06:00:00,23.7,80,0.0,16.5,7.0
2026-08-29 07:00:00,24.2,78,0.0,16.5,104.0
2026-08-29 08:00:00,25.4,72,0.0,19.5,294.0
2026-08-29 09:00:00,26.8,65,0.0,19.5,487.0
2026-08-29 10:00:00,28.3,57,0.0,21.5,658.0
2026-08-29 11:00:00,28.7,55,0.0,21.5,580.0
2026-08-29 12:00:00,29.1,53,0.1,20.7,760.0
2026-08-29 13:00:00,29.5,52,0.1,19.4,777.0
2026-08-29 14:00:00,29.9,50,0.1,19.2,679.0
2026-08-29 15:00:00,30.1,49,0.0,19.1,610.0
2026-08-29 16:00:00,29.8,50,0.1,18.8,443.0
2026-08-29 17:00:00,28.5,58,0.1,16.0,207.0
2026-08-29 18:00:00,26.9,68,0.0,13.2,50.0
2026-08-29 19:00:00,25.9,76,0.1,13.2,0.0
2026-08-29 20:00:00,25.6,76,0.0,14.1,0.0
2026-08-29 21:00:00,24.9,78,0.0,13.6,0.0
2026-08-29 22:00:00,24.7,77,0.0,13.2,0.0
2026-08-29 23:00:00,24.4,80,0.0,16.4,0.0
2026-08-30 00:00:00,24.1,81,0.0,15.9,0.0
2026-08-30 01:00:00,23.8,81,0.0,15.3,0.0
2026-08-30 02:00:00,23.6,81,0.0,15.8,0.0
2026-08-30 03:00:00,23.5,81,0.0,16.0,0.0
2026-08-30 04:00:00,23.4,81,0.0,15.8,0.0
2026-08-30 05:00:00,23.8,78,0.0,17.4,0.0
2026-08-30 06:00:00,23.6,79,0.0,18.1,4.0
2026-08-30 07:00:00,23.7,78,0.0,16.7,58.0
2026-08-30 08:00:00,24.2,75,0.0,19.1,156.0
2026-08-30 09:00:00,25.3,69,0.0,20.3,330.0
2026-08-30 10:00:00,26.5,63,0.0,20.5,428.0
2026-08-30 11:00:00,27.3,59,0.0,19.6,466.0
2026-08-30 12:00:00,27.7,57,0.0,19.0,651.0
2026-08-30 13:00:00,27.3,59,0.3,17.5,483.0
2026-08-30 14:00:00,27.9,56,0.0,17.2,625.0
2026-08-30 15:00:00,27.8,57,0.0,16.6,479.0
2026-08-30 16:00:00,26.7,62,0.0,11.8,106.0
2026-08-30 17:00:00,24.8,79,0.1,12.1,36.0
2026-08-30 18:00:00,24.6,81,0.3,10.0,28.0
2026-08-30 19:00:00,24.1,84,0.8,9.8,0.0
2026-08-30 20:00:00,23.8,88,0.8,9.4,0.0
2026-08-30 21:00:00,23.9,88,0.1,6.9,0.0
2026-08-30 22:00:00,24.0,88,0.0,8.5,0.0
2026-08-30 23:00:00,24.5,86,0.1,9.5,0.0
2026-08-31 00:00:00,24.2,86,0.1,10.5,0.0
2026-08-31 01:00:00,24.2,85,0.0,10.6,0.0
2026-08-31 02:00:00,24.3,81,0.0,13.2,0.0
2026-08-31 03:00:00,24.2,79,0.0,13.1,0.0
2026-08-31 04:00:00,23.9,79,0.0,13.7,0.0
2026-08-31 05:00:00,23.7,79,0.0,16.0,0.0
2026-08-31 06:00:00,23.3,80,0.0,16.2,4.0
2026-08-31 07:00:00,23.5,80,0.0,15.5,49.0
2026-08-31 08:00:00,23.8,81,0.0,14.5,108.0
2026-08-31 09:00:00,24.3,78,0.0,18.8,167.0
2026-08-31 10:00:00,25.4,73,0.0,19.7,323.0
2026-08-31 11:00:00,26.0,71,0.0,17.9,517.0
2026-08-31 12:00:00,26.1,68,0.0,17.1,388.0
2026-08-31 13:00:00,26.3,67,0.0,17.1,309.0
2026-08-31 14:00:00,27.2,62,0.0,16.9,452.0
2026-08-31 15:00:00,27.3,61,0.0,15.1,308.0
2026-08-31 16:00:00,27.4,61,0.0,13.1,207.0
2026-08-31 17:00:00,28.0,61,0.0,9.8,135.0
2026-08-31 18:00:00,26.7,68,0.0,7.6,40.0
2026-08-31 19:00:00,26.1,74,0.0,6.7,0.0
2026-08-31 20:00:00,25.6,77,0.0,6.6,0.0
2026-08-31 21:00:00,25.3,80,0.0,6.4,0.0
2026-08-31 22:00:00,24.8,81,0.0,7.6,0.0
2026-08-31 23:00:00,25.4,79,0.0,11.3,0.0
2026-09-01 00:00:00,25.1,80,0.0,12.8,0.0
2026-09-01 01:00:00,25.0,80,0.0,11.4,0.0
2026-09-01 02:00:00,24.4,83,0.0,11.5,0.0
2026-09-01 03:00:00,24.3,81,0.0,12.9,0.0
2026-09-01 04:00:00,23.9,80,0.0,11.8,0.0
2026-09-01 05:00:00,23.8,80,0.0,9.6,0.0
2026-09-01 06:00:00,23.5,82,0.0,10.3,7.0
2026-09-01 07:00:00,24.4,78,0.0,11.1,120.0
2026-09-01 08:00:00,25.5,73,0.0,16.0,313.0
2026-09-01 09:00:00,26.2,70,0.0,15.3,444.0
2026-09-01 10:00:00,27.5,63,0.0,15.7,648.0
2026-09-01 11:00:00,28.5,58,0.0,13.4,783.0
2026-09-01 12:00:00,29.2,54,0.0,13.1,846.0
2026-09-01 13:00:00,29.8,51,0.1,14.1,917.0
2026-09-01 14:00:00,29.8,51,0.1,13.6,750.0
2026-09-01 15:00:00,29.8,51,0.1,12.7,672.0
2026-09-01 16:00:00,29.6,53,0.0,11.4,471.0
2026-09-01 17:00:00,29.2,54,0.0,9.1,261.0
2026-09-01 18:00:00,28.5,56,0.0,7.5,60.0
2026-09-01 19:00:00,27.9,61,0.0,6.1,0.0
2026-09-01 20:00:00,27.4,63,0.0,6.1,0.0
2026-09-01 21:00:00,26.7,67,0.0,7.1,0.0
2026-09-01 22:00:00,26.2,70,0.0,8.0,0.0
2026-09-01 23:00:00,26.3,69,0.0,4.8,0.0
2026-09-02 00:00:00,25.7,72,0.0,3.1,0.0
2026-09-02 01:00:00,25.4,73,0.0,3.2,0.0
2026-09-02 02:00:00,25.3,75,0.0,5.9,0.0
2026-09-02 03:00:00,24.9,78,0.0,5.2,0.0
2026-09-02 04:00:00,24.6,79,0.0,5.2,0.0
2026-09-02 05:00:00,24.6,77,0.0,5.8,0.0
2026-09-02 06:00:00,24.4,78,0.0,7.2,2.0
2026-09-02 07:00:00,24.4,80,0.2,9.1,34.0
2026-09-02 08:00:00,25.4,76,0.0,11.4,154.0
2026-09-02 09:00:00,27.5,65,0.0,13.6,492.0
2026-09-02 10:00:00,29.1,56,0.0,14.0,731.0
2026-09-02 11:00:00,30.2,52,0.0,13.7,858.0
2026-09-02 12:00:00,31.0,48,0.0,14.3,912.0
2026-09-02 13:00:00,31.3,46,0.0,15.4,890.0
2026-09-02 14:00:00,31.2,46,0.0,14.5,762.0
2026-09-02 15:00:00,30.4,48,0.0,13.6,505.0
2026-09-02 16:00:00,29.5,52,0.3,11.4,284.0
2026-09-02 17:00:00,30.1,49,0.0,13.2,175.0
2026-09-02 18:00:00,29.1,54,0.0,10.4,55.0
2026-09-02 19:00:00,28.1,60,0.0,8.9,0.0
2026-09-02 20:00:00,27.4,61,0.0,4.6,0.0
2026-09-02 21:00:00,27.3,61,0.0,3.0,0.0
2026-09-02 22:00:00,26.8,64,0.0,5.7,0.0
2026-09-02 23:00:00,24.6,81,0.0,10.3,0.0
2026-09-03 00:00:00,24.6,82,0.2,8.5,0.0
2026-09-03 01:00:00,24.7,81,0.0,10.6,0.0
2026-09-03 02:00:00,24.0,83,0.0,9.2,0.0
2026-09-03 03:00:00,23.7,84,0.0,9.2,0.0
2026-09-03 04:00:00,23.7,85,0.0,9.5,0.0
2026-09-03 05:00:00,23.8,84,0.0,10.3,0.0
2026-09-03 06:00:00,23.8,84,0.0,10.5,5.0
2026-09-03 07:00:00,24.6,80,0.0,12.6,76.0
2026-09-03 08:00:00,25.7,73,0.1,13.3,236.0
2026-09-03 09:00:00,26.3,70,0.1,11.9,261.0
2026-09-03 10:00:00,27.4,65,0.0,10.6,366.0
2026-09-03 11:00:00,28.0,60,0.0,12.5,371.0
2026-09-03 12:00:00,28.2,59,0.0,13.0,425.0
2026-09-03 13:00:00,28.1,58,0.0,13.6,337.0
2026-09-03 14:00:00,28.4,57,0.0,13.3,477.0
2026-09-03 15:00:00,27.8,61,0.0,12.5,301.0
2026-09-03 16:00:00,27.3,64,0.0,10.2,178.0
2026-09-03 17:00:00,27.9,59,0.0,15.3,137.0
2026-09-03 18:00:00,27.0,64,0.0,10.3,36.0
2026-09-03 19:00:00,26.4,69,0.0,8.2,0.0
2026-09-03 20:00:00,26.0,72,0.0,7.0,0.0
2026-09-03 21:00:00,25.6,74,0.0,8.2,0.0
2026-09-03 22:00:00,25.2,76,0.0,9.1,0.0
2026-09-03 23:00:00,25.3,79,0.0,9.6,0.0
2026-09-04 00:00:00,25.0,81,0.0,9.2,0.0
2026-09-04 01:00:00,25.0,81,0.0,9.5,0.0
2026-09-04 02:00:00,24.9,80,0.0,10.7,0.0
2026-09-04 03:00:00,24.6,81,0.0,11.0,0.0
2026-09-04 04:00:00,24.3,82,0.0,10.8,0.0
2026-09-04 05:00:00,24.7,79,0.0,10.9,0.0
2026-09-04 06:00:00,24.5,80,0.0,10.2,8.0
2026-09-04 07:00:00,25.5,74,0.0,10.9,133.0
2026-09-04 08:00:00,26.7,68,0.0,11.9,339.0
2026-09-04 09:00:00,27.9,63,0.0,11.4,532.0
2026-09-04 10:00:00,29.2,57,0.0,11.8,729.0
2026-09-04 11:00:00,30.2,52,0.0,11.8,878.0
2026-09-04 12:00:00,30.9,48,0.0,12.4,943.0
2026-09-04 13:00:00,30.6,48,0.0,13.1,707.0
2026-09-04 14:00:00,30.4,49,0.0,11.5,609.0
2026-09-04 15:00:00,30.4,49,0.0,11.1,529.0
2026-09-04 16:00:00,30.0,51,0.0,10.8,393.0
2026-09-04 17:00:00,30.0,50,0.0,9.7,203.0
2026-09-04 18:00:00,29.3,52,0.0,9.1,52.0
2026-09-04 19:00:00,28.9,54,0.0,6.8,0.0
2026-09-04 20:00:00,28.3,58,0.0,4.7,0.0
2026-09-04 21:00:00,27.9,61,0.0,2.9,0.0
2026-09-04 22:00:00,27.3,64,0.0,4.6,0.0
2026-09-04 23:00:00,26.8,67,0.0,6.6,0.0
2026-09-05 00:00:00,26.0,70,0.1,5.0,0.0
2026-09-05 01:00:00,25.6,72,0.0,4.3,0.0
2026-09-05 02:00:00,25.3,74,0.0,6.8,0.0
2026-09-05 03:00:00,25.1,75,0.0,7.4,0.0
2026-09-05 04:00:00,24.7,77,0.0,7.5,0.0
2026-09-05 05:00:00,24.8,78,0.0,8.3,0.0
2026-09-05 06:00:00,24.5,79,0.0,8.3,8.0
2026-09-05 07:00:00,25.6,73,0.0,9.4,139.0
2026-09-05 08:00:00,27.1,66,0.0,10.6,357.0
2026-09-05 09:00:00,28.6,59,0.0,10.3,566.0
2026-09-05 10:00:00,29.9,53,0.1,11.0,718.0
2026-09-05 11:00:00,30.5,49,0.2,9.8,839.0
2026-09-05 12:00:00,30.8,48,0.3,11.4,842.0
2026-09-05 13:00:00,31.0,48,0.5,12.6,860.0
2026-09-05 14:00:00,31.2,48,0.5,12.2,773.0
2026-09-05 15:00:00,31.2,47,0.3,12.3,605.0
2026-09-05 16:00:00,31.0,47,0.2,11.9,436.0
2026-09-05 17:00:00,30.9,47,0.0,8.8,238.0
2026-09-05 18:00:00,30.4,48,0.0,8.0,52.0
2026-09-05 19:00:00,30.1,49,0.0,6.6,0.0
2026-09-05 20:00:00,29.6,51,0.0,5.6,0.0
2026-09-05 21:00:00,28.9,56,0.0,5.1,0.0
2026-09-05 22:00:00,28.2,61,0.0,4.6,0.0
2026-09-05 23:00:00,28.0,63,0.0,4.2,0.0
2026-09-06 00:00:00,25.2,77,0.4,13.3,0.0
2026-09-06 01:00:00,25.1,75,0.2,7.0,0.0
2026-09-06 02:00:00,24.8,76,0.1,6.7,0.0
2026-09-06 03:00:00,24.7,77,0.0,6.1,0.0
2026-09-06 04:00:00,24.7,79,0.0,6.1,0.0
2026-09-06 05:00:00,25.0,75,0.0,6.6,0.0
2026-09-06 06:00:00,24.8,76,0.0,7.1,8.0
2026-09-06 07:00:00,25.7,73,0.0,9.0,139.0
2026-09-06 08:00:00,27.5,64,0.0,9.8,365.0
2026-09-06 09:00:00,29.1,56,0.0,9.3,588.0
2026-09-06 10:00:00,30.4,51,0.1,9.8,735.0
2026-09-06 11:00:00,31.4,48,0.1,9.3,885.0
2026-09-06 12:00:00,32.0,46,0.2,10.3,899.0
2026-09-06 13:00:00,31.8,47,0.3,11.4,826.0
2026-09-06 14:00:00,31.5,50,0.8,11.9,759.0
2026-09-06 15:00:00,31.7,51,0.4,10.6,594.0
2026-09-06 16:00:00,31.1,48,0.3,11.7,389.0
2026-09-06 17:00:00,30.6,51,0.1,10.0,205.0
2026-09-06 18:00:00,30.0,53,0.0,8.4,50.0
2026-09-06 19:00:00,29.8,55,0.0,5.4,0.0
2026-09-06 20:00:00,29.6,56,0.0,5.4,0.0
2026-09-06 21:00:00,26.8,70,0.5,11.2,0.0
2026-09-06 22:00:00,25.8,74,0.9,3.3,0.0
2026-09-06 23:00:00,26.9,68,0.9,4.5,0.0
2026-09-07 00:00:00,25.9,74,0.0,7.7,0.0
2026-09-07 01:00:00,23.5,85,1.3,11.7,0.0
2026-09-07 02:00:00,22.0,97,7.4,8.5,0.0
2026-09-07 03:00:00,22.8,96,2.7,4.7,0.0
2026-09-07 04:00:00,23.3,94,0.1,5.9,0.0
2026-09-07 05:00:00,23.7,87,0.0,3.7,0.0
2026-09-07 06:00:00,23.9,87,0.0,6.3,7.0
2026-09-07 07:00:00,25.3,80,0.0,7.5,134.0
2026-09-07 08:00:00,27.0,71,0.0,10.6,351.0
2026-09-07 09:00:00,28.1,65,0.0,9.5,482.0
2026-09-07 10:00:00,28.8,62,0.0,8.4,501.0
2026-09-07 11:00:00,28.0,62,0.0,7.2,664.0
2026-09-07 12:00:00,30.5,53,0.0,8.6,648.0
2026-09-07 13:00:00,31.7,50,0.0,10.8,845.0
2026-09-07 14:00:00,31.8,50,0.0,11.4,781.0
2026-09-07 15:00:00,31.5,51,0.0,10.9,589.0
2026-09-07 16:00:00,31.1,53,0.0,10.3,436.0
2026-09-07 17:00:00,29.6,57,0.2,9.2,224.0
2026-09-07 18:00:00,28.9,61,0.0,8.1,46.0
2026-09-07 19:00:00,28.6,64,0.0,6.5,0.0
2026-09-07 20:00:00,28.5,64,0.0,3.8,0.0
2026-09-07 21:00:00,28.3,65,0.0,4.0,0.0
2026-09-07 22:00:00,27.9,67,0.0,4.5,0.0
2026-09-07 23:00:00,28.2,66,0.0,4.6,0.0
2026-09-08 00:00:00,27.1,75,0.0,5.9,0.0
2026-09-08 01:00:00,26.3,78,0.0,6.3,0.0
2026-09-08 02:00:00,25.8,78,0.0,8.1,0.0
2026-09-08 03:00:00,25.4,77,0.0,8.2,0.0
2026-09-08 04:00:00,24.9,79,0.0,7.9,0.0
2026-09-08 05:00:00,25.3,78,0.0,7.3,0.0
2026-09-08 06:00:00,25.2,79,0.0,8.2,7.0
2026-09-08 07:00:00,26.2,71,0.0,11.1,129.0
2026-09-08 08:00:00,27.7,63,0.0,14.2,337.0
2026-09-08 09:00:00,28.9,58,0.0,12.1,555.0
2026-09-08 10:00:00,30.1,54,0.1,11.6,717.0
2026-09-08 11:00:00,30.5,53,0.0,12.2,861.0
2026-09-08 12:00:00,31.4,50,0.1,12.6,897.0
2026-09-08 13:00:00,32.0,47,0.0,13.2,907.0
2026-09-08 14:00:00,31.7,48,0.1,12.6,670.0
2026-09-08 15:00:00,32.1,45,0.0,13.0,598.0
2026-09-08 16:00:00,31.5,46,0.0,13.8,451.0
2026-09-08 17:00:00,31.1,47,0.0,11.5,232.0
2026-09-08 18:00:00,30.2,49,0.0,9.6,45.0
2026-09-08 19:00:00,29.8,52,0.0,8.7,0.0
2026-09-08 20:00:00,29.3,55,0.0,6.9,0.0
2026-09-08 21:00:00,28.8,58,0.0,5.2,0.0
2026-09-08 22:00:00,28.1,62,0.0,6.1,0.0
2026-09-08 23:00:00,27.9,62,0.0,4.3,0.0
2026-09-09 00:00:00,27.1,67,0.0,4.3,0.0
2026-09-09 01:00:00,26.5,72,0.0,5.9,0.0
2026-09-09 02:00:00,25.9,74,0.0,6.2,0.0
2026-09-09 03:00:00,25.4,76,0.0,6.8,0.0
2026-09-09 04:00:00,25.1,76,0.0,7.1,0.0
2026-09-09 05:00:00,25.6,72,0.0,10.0,0.0
2026-09-09 06:00:00,25.2,74,0.0,10.9,7.0
2026-09-09 07:00:00,26.0,70,0.0,13.5,137.0
2026-09-09 08:00:00,27.3,64,0.0,13.6,359.0
2026-09-09 09:00:00,28.9,57,0.0,12.3,557.0
2026-09-09 10:00:00,30.1,54,0.1,11.4,734.0
2026-09-09 11:00:00,31.1,50,0.1,11.2,878.0
2026-09-09 12:00:00,31.7,48,0.2,10.2,893.0
2026-09-09 13:00:00,32.2,48,0.0,12.3,918.0
2026-09-09 14:00:00,32.2,49,0.0,13.1,793.0
2026-09-09 15:00:00,29.9,54,1.2,14.6,534.0
2026-09-09 16:00:00,30.2,56,0.5,10.8,293.0
2026-09-09 17:00:00,30.1,55,0.5,10.3,218.0
2026-09-09 18:00:00,29.2,60,0.0,9.7,40.0
2026-09-09 19:00:00,28.8,61,0.0,8.6,0.0
2026-09-09 20:00:00,28.5,63,0.0,6.4,0.0
2026-09-09 21:00:00,28.0,65,0.0,7.0,0.0
2026-09-09 22:00:00,27.5,68,0.0,7.0,0.0
2026-09-09 23:00:00,27.5,68,0.0,6.3,0.0
2026-09-10 00:00:00,27.0,69,0.0,6.6,0.0
2026-09-10 01:00:00,26.6,70,0.0,6.1,0.0
2026-09-10 02:00:00,26.2,72,0.0,6.4,0.0
2026-09-10 03:00:00,25.8,74,0.0,7.1,0.0
2026-09-10 04:00:00,25.4,76,0.0,7.6,0.0
2026-09-10 05:00:00,25.6,77,0.0,7.8,0.0
2026-09-10 06:00:00,25.2,79,0.0,7.9,7.0
2026-09-10 07:00:00,26.3,73,0.0,10.2,136.0
2026-09-10 08:00:00,27.4,65,0.0,14.1,307.0
2026-09-10 09:00:00,28.3,61,0.1,15.3,479.0
2026-09-10 10:00:00,29.6,56,0.1,14.1,641.0
2026-09-10 11:00:00,29.3,56,0.1,13.0,692.0
2026-09-10 12:00:00,30.5,53,0.1,12.9,782.0
2026-09-10 13:00:00,31.1,50,0.1,12.5,759.0
2026-09-10 14:00:00,31.5,49,0.0,14.2,751.0
2026-09-10 15:00:00,31.2,46,0.4,15.1,625.0
2026-09-10 16:00:00,30.3,51,1.7,14.7,375.0
2026-09-10 17:00:00,29.9,54,0.5,13.0,181.0
2026-09-10 18:00:00,29.3,57,0.1,11.2,38.0
2026-09-10 19:00:00,29.1,57,0.0,10.0,0.0
2026-09-10 20:00:00,28.8,59,0.0,10.0,0.0
2026-09-10 21:00:00,28.2,63,0.0,9.4,0.0
2026-09-10 22:00:00,27.9,64,0.0,7.0,0.0
2026-09-10 23:00:00,28.1,64,0.0,7.9,0.0
2026-09-11 00:00:00,27.4,67,0.0,8.4,0.0
2026-09-11 01:00:00,27.0,69,0.0,7.4,0.0
2026-09-11 02:00:00,26.5,71,0.0,6.4,0.0
2026-09-11 03:00:00,26.3,72,0.0,7.7,0.0
2026-09-11 04:00:00,26.0,72,0.0,8.8,0.0
2026-09-11 05:00:00,26.1,68,0.0,9.4,0.0
2026-09-11 06:00:00,25.6,71,0.0,10.7,6.0
2026-09-11 07:00:00,26.4,68,0.0,13.9,124.0
2026-09-11 08:00:00,26.7,67,0.0,15.3,173.0
2026-09-11 09:00:00,27.3,65,0.0,14.5,229.0
2026-09-11 10:00:00,29.0,57,0.0,14.0,507.0
2026-09-11 11:00:00,29.7,55,0.0,13.7,683.0
2026-09-11 12:00:00,29.8,54,0.0,12.2,502.0
2026-09-11 13:00:00,29.9,51,0.1,12.6,393.0
2026-09-11 14:00:00,30.6,48,0.4,13.0,537.0
2026-09-11 15:00:00,29.3,54,0.6,14.0,325.0
2026-09-11 16:00:00,28.6,59,0.0,12.2,191.0
2026-09-11 17:00:00,28.3,59,0.0,7.8,59.0
2026-09-11 18:00:00,27.9,62,0.0,6.5,8.0
2026-09-11 19:00:00,27.8,64,0.0,6.1,0.0
2026-09-11 20:00:00,27.6,66,0.0,6.4,0.0
2026-09-11 21:00:00,27.2,68,0.0,4.6,0.0
2026-09-11 22:00:00,26.8,71,0.1,5.4,0.0
2026-09-11 23:00:00,26.9,75,0.3,2.3,0.0
2026-09-12 00:00:00,26.2,79,0.3,4.3,0.0
2026-09-12 01:00:00,25.8,82,0.2,3.9,0.0
2026-09-12 02:00:00,25.1,79,0.1,3.8,0.0
2026-09-12 03:00:00,23.9,87,0.7,6.2,0.0
2026-09-12 04:00:00,23.9,89,0.5,5.3,0.0
2026-09-12 05:00:00,23.5,88,0.0,5.1,0.0
2026-09-12 06:00:00,23.6,86,0.0,5.9,6.0
2026-09-12 07:00:00,24.5,79,0.0,8.1,102.0
2026-09-12 08:00:00,25.6,73,0.0,8.5,169.0
2026-09-12 09:00:00,27.8,63,0.0,10.7,473.0
2026-09-12 10:00:00,29.1,55,0.0,12.5,611.0
2026-09-12 11:00:00,28.0,61,0.1,12.4,788.0
2026-09-12 12:00:00,28.1,60,0.1,12.9,444.0
2026-09-12 13:00:00,29.4,54,0.1,14.2,696.0
2026-09-12 14:00:00,29.9,52,0.0,15.0,602.0
2026-09-12 15:00:00,29.6,54,0.0,12.8,470.0
2026-09-12 16:00:00,28.9,57,0.0,9.8,262.0
2026-09-12 17:00:00,26.8,68,0.0,5.7,93.0
2026-09-12 18:00:00,26.3,72,0.3,3.2,12.0
2026-09-12 19:00:00,26.2,74,0.0,1.8,0.0
2026-09-12 20:00:00,26.1,75,0.0,4.2,0.0
2026-09-12 21:00:00,26.0,77,0.0,2.1,0.0
2026-09-12 22:00:00,25.8,79,0.0,4.7,0.0
2026-09-12 23:00:00,25.4,76,0.0,7.5,0.0
2026-09-13 00:00:00,24.7,80,0.0,7.6,0.0
2026-09-13 01:00:00,24.3,83,0.3,9.7,0.0
2026-09-13 02:00:00,23.9,87,0.0,9.8,0.0
2026-09-13 03:00:00,23.6,90,0.0,7.8,0.0
2026-09-13 04:00:00,23.7,91,0.0,7.1,0.0
2026-09-13 05:00:00,22.7,94,0.0,6.3,0.0
2026-09-13 06:00:00,22.8,93,0.7,4.5,3.0
2026-09-13 07:00:00,23.2,92,0.8,1.9,49.0
2026-09-13 08:00:00,23.4,90,0.0,2.2,58.0
2026-09-13 09:00:00,24.1,84,0.4,2.2,149.0
2026-09-13 10:00:00,24.9,79,0.9,2.7,328.0
2026-09-13 11:00:00,27.7,63,0.3,4.0,393.0
2026-09-13 12:00:00,28.5,58,0.1,6.5,743.0
2026-09-13 13:00:00,28.5,57,0.4,7.2,545.0
2026-09-13 14:00:00,28.8,57,0.5,6.7,492.0
2026-09-13 15:00:00,29.3,55,0.1,8.2,498.0
2026-09-13 16:00:00,29.1,55,0.1,10.4,365.0
2026-09-13 17:00:00,28.6,59,0.0,7.8,164.0
2026-09-13 18:00:00,27.7,64,0.0,5.8,30.0
2026-09-13 19:00:00,26.0,77,0.0,8.9,0.0
2026-09-13 20:00:00,24.8,86,0.0,8.5,0.0
2026-09-13 21:00:00,24.4,88,0.0,6.0,0.0
2026-09-13 22:00:00,24.0,90,0.0,4.7,0.0
2026-09-13 23:00:00,24.8,90,0.0,6.4,0.0
2026-09-14 00:00:00,24.3,91,0.0,5.1,0.0
2026-09-14 01:00:00,24.4,89,0.0,5.3,0.0
2026-09-14 02:00:00,24.3,89,0.0,4.2,0.0
2026-09-14 03:00:00,24.1,90,0.2,6.1,0.0
2026-09-14 04:00:00,23.8,92,0.7,5.4,0.0
2026-09-14 05:00:00,22.9,97,0.8,4.7,0.0
2026-09-14 06:00:00,23.0,98,0.8,6.3,2.0
2026-09-14 07:00:00,23.0,98,0.5,2.4,29.0
2026-09-14 08:00:00,23.6,94,0.2,2.0,66.0
2026-09-14 09:00:00,23.9,91,0.6,3.7,117.0
2026-09-14 10:00:00,25.1,81,0.7,3.7,303.0
2026-09-14 11:00:00,25.1,77,0.5,3.9,405.0
2026-09-14 12:00:00,25.3,76,0.4,5.0,276.0
2026-09-14 13:00:00,26.4,69,0.1,6.1,482.0
2026-09-14 14:00:00,27.1,65,0.0,5.6,533.0
2026-09-14 15:00:00,27.1,67,0.0,6.2,412.0
2026-09-14 16:00:00,27.1,68,0.0,4.7,316.0
2026-09-14 17:00:00,27.0,67,0.0,6.3,176.0
2026-09-14 18:00:00,26.9,67,0.0,3.1,30.0
2026-09-14 19:00:00,26.9,67,0.0,1.4,0.0
2026-09-14 20:00:00,26.8,67,0.0,2.6,0.0
2026-09-14 21:00:00,26.8,68,0.0,3.1,0.0
2026-09-14 22:00:00,26.8,68,0.0,4.3,0.0
2026-09-14 23:00:00,25.7,75,0.0,7.5,0.0
2026-09-15 00:00:00,24.6,83,0.0,10.6,0.0
2026-09-15 01:00:00,23.6,89,0.0,8.0,0.0
2026-09-15 02:00:00,23.3,90,0.0,4.3,0.0
2026-09-15 03:00:00,23.3,91,0.0,3.6,0.0
2026-09-15 04:00:00,23.4,90,0.0,3.8,0.0
2026-09-15 05:00:00,24.2,91,0.0,4.3,0.0
2026-09-15 06:00:00,24.1,90,0.1,5.1,6.0
2026-09-15 07:00:00,25.1,84,0.0,6.2,98.0
2026-09-15 08:00:00,26.5,71,0.1,8.5,228.0
2026-09-15 09:00:00,28.2,60,0.0,7.7,473.0
2026-09-15 10:00:00,29.6,54,0.1,7.3,704.0
2026-09-15 11:00:00,30.5,51,0.1,6.7,832.0
2026-09-15 12:00:00,31.4,47,0.1,6.6,853.0
2026-09-15 13:00:00,31.9,45,0.1,7.3,853.0
2026-09-15 14:00:00,32.2,44,0.1,8.0,760.0
2026-09-15 15:00:00,31.8,45,0.3,8.9,588.0
2026-09-15 16:00:00,30.7,50,0.9,8.9,391.0
2026-09-15 17:00:00,30.1,52,1.1,7.9,114.0
2026-09-15 18:00:00,29.9,52,0.1,3.1,33.0
2026-09-15 19:00:00,29.8,51,0.0,2.1,0.0
2026-09-15 20:00:00,29.5,52,0.0,2.4,0.0
2026-09-15 21:00:00,29.0,55,0.0,2.3,0.0
2026-09-15 22:00:00,28.5,57,0.0,4.4,0.0
2026-09-15 23:00:00,28.1,61,0.0,6.0,0.0
2026-09-16 00:00:00,27.0,68,0.0,6.2,0.0
2026-09-16 01:00:00,26.3,73,0.0,6.0,0.0
2026-09-16 02:00:00,25.8,76,0.0,6.1,0.0
2026-09-16 03:00:00,25.4,78,0.0,5.8,0.0
2026-09-16 04:00:00,25.2,78,0.0,5.9,0.0
2026-09-16 05:00:00,25.2,79,0.0,5.1,0.0
2026-09-16 06:00:00,24.8,82,0.0,5.6,7.0
2026-09-16 07:00:00,26.1,75,0.0,6.2,136.0
2026-09-16 08:00:00,27.9,65,0.0,8.0,360.0
2026-09-16 09:00:00,29.6,55,0.0,8.1,586.0
2026-09-16 10:00:00,31.1,48,0.0,7.0,759.0
2026-09-16 11:00:00,32.0,44,0.1,6.3,873.0
2026-09-16 12:00:00,33.0,41,0.1,6.5,907.0
2026-09-16 13:00:00,33.3,40,0.1,6.8,854.0
2026-09-16 14:00:00,33.3,39,0.2,6.7,689.0
2026-09-16 15:00:00,33.4,38,0.1,6.5,606.0
2026-09-16 16:00:00,33.0,39,0.2,8.5,404.0
2026-09-16 17:00:00,32.2,41,0.1,7.8,193.0
2026-09-16 18:00:00,31.3,46,0.7,5.0,29.0
2026-09-16 19:00:00,30.7,48,0.4,3.2,0.0
2026-09-16 20:00:00,30.6,48,0.0,2.6,0.0
2026-09-16 21:00:00,30.4,49,0.0,2.2,0.0
2026-09-16 22:00:00,30.0,50,0.0,2.5,0.0
2026-09-16 23:00:00,29.2,57,0.0,6.6,0.0
2026-09-17 00:00:00,28.1,64,0.0,6.1,0.0
2026-09-17 01:00:00,27.6,67,0.0,6.2,0.0
2026-09-17 02:00:00,27.0,68,0.0,6.2,0.0
2026-09-17 03:00:00,26.6,69,0.0,5.1,0.0
2026-09-17 04:00:00,26.4,70,0.0,4.1,0.0
2026-09-17 05:00:00,26.4,72,0.0,3.6,0.0
2026-09-17 06:00:00,26.0,74,0.1,7.2,6.0
2026-09-17 07:00:00,26.7,71,0.3,4.6,113.0
2026-09-17 08:00:00,28.7,62,0.0,6.3,323.0
2026-09-17 09:00:00,30.6,51,0.0,6.7,554.0
2026-09-17 10:00:00,32.0,45,0.1,7.3,738.0
2026-09-17 11:00:00,32.6,42,0.2,9.0,823.0
2026-09-17 12:00:00,33.1,41,0.1,9.6,881.0
2026-09-17 13:00:00,33.4,40,0.2,10.5,865.0
2026-09-17 14:00:00,33.2,41,0.3,10.7,716.0
2026-09-17 15:00:00,32.7,45,0.4,10.6,528.0
2026-09-17 16:00:00,32.1,48,0.3,10.1,361.0
2026-09-17 17:00:00,32.4,46,0.1,7.7,194.0
2026-09-17 18:00:00,31.9,47,0.0,7.6,29.0
2026-09-17 19:00:00,31.4,49,0.0,5.8,0.0
2026-09-17 20:00:00,30.8,53,0.0,5.5,0.0
2026-09-17 21:00:00,30.3,57,0.0,3.1,0.0
2026-09-17 22:00:00,29.9,59,0.0,3.4,0.0
2026-09-17 23:00:00,29.2,61,0.0,4.2,0.0
2026-09-18 00:00:00,26.4,73,1.0,11.5,0.0
2026-09-18 01:00:00,24.3,85,2.0,4.9,0.0
2026-09-18 02:00:00,24.4,85,0.3,2.0,0.0
2026-09-18 03:00:00,24.4,86,0.0,2.5,0.0
2026-09-18 04:00:00,24.3,87,0.0,5.3,0.0
2026-09-18 05:00:00,24.4,86,0.0,0.8,0.0
2026-09-18 06:00:00,24.5,85,0.0,1.6,7.0
2026-09-18 07:00:00,25.7,79,0.0,4.1,132.0
2026-09-18 08:00:00,27.5,68,0.0,5.5,356.0
2026-09-18 09:00:00,30.1,55,0.0,7.8,576.0
2026-09-18 10:00:00,31.6,49,0.0,8.1,630.0
2026-09-18 11:00:00,32.2,47,0.0,9.4,717.0
2026-09-18 12:00:00,31.2,52,0.5,10.5,727.0
2026-09-18 13:00:00,31.8,50,0.3,9.0,638.0
2026-09-18 14:00:00,32.3,48,0.1,9.4,763.0
2026-09-18 15:00:00,32.1,48,0.3,9.3,628.0
2026-09-18 16:00:00,29.7,59,2.6,9.9,389.0
2026-09-18 17:00:00,29.9,59,1.2,10.5,143.0
2026-09-18 18:00:00,29.3,62,0.1,7.9,27.0
2026-09-18 19:00:00,29.1,62,0.0,4.0,0.0
2026-09-18 20:00:00,29.0,62,0.0,5.1,0.0
2026-09-18 21:00:00,28.5,64,0.0,5.0,0.0
2026-09-18 22:00:00,27.9,67,0.1,4.4,0.0
2026-09-18 23:00:00,25.6,81,0.1,6.9,0.0
2026-09-19 00:00:00,25.3,80,0.0,4.9,0.0
2026-09-19 01:00:00,25.1,82,0.0,3.3,0.0
2026-09-19 02:00:00,25.0,83,0.0,3.2,0.0
2026-09-19 03:00:00,25.0,83,0.0,2.3,0.0
2026-09-19 04:00:00,24.9,84,0.0,3.0,0.0
2026-09-19 05:00:00,25.4,87,0.0,4.5,0.0
2026-09-19 06:00:00,25.2,88,0.0,4.9,6.0
2026-09-19 07:00:00,26.3,81,0.0,4.5,108.0
2026-09-19 08:00:00,28.3,65,0.0,7.4,320.0
2026-09-19 09:00:00,29.3,58,0.4,7.0,535.0
2026-09-19 10:00:00,30.4,57,0.2,5.9,647.0
2026-09-19 11:00:00,31.3,54,0.0,5.6,840.0
2026-09-19 12:00:00,31.5,54,0.0,8.0,908.0
2026-09-19 13:00:00,31.5,53,0.1,5.3,723.0
2026-09-19 14:00:00,32.0,52,0.1,5.4,755.0
2026-09-19 15:00:00,32.1,51,0.2,6.1,590.0
2026-09-19 16:00:00,31.8,52,0.0,6.9,382.0
2026-09-19 17:00:00,30.4,54,0.1,5.3,189.0
2026-09-19 18:00:00,29.6,60,0.0,4.5,27.0
2026-09-19 19:00:00,29.2,63,0.0,3.7,0.0
2026-09-19 20:00:00,28.7,66,0.0,4.5,0.0
2026-09-19 21:00:00,28.4,68,0.0,4.7,0.0
2026-09-19 22:00:00,27.8,72,0.0,3.3,0.0
2026-09-19 23:00:00,27.1,74,0.0,4.3,0.0
2026-09-20 00:00:00,26.5,78,0.0,4.0,0.0
2026-09-20 01:00:00,26.3,80,0.0,4.7,0.0
2026-09-20 02:00:00,26.1,80,0.0,5.9,0.0
2026-09-20 03:00:00,25.8,81,0.0,4.4,0.0
2026-09-20 04:00:00,25.5,82,0.0,6.5,0.0
2026-09-20 05:00:00,25.2,81,1.8,9.7,0.0
2026-09-20 06:00:00,24.6,84,0.0,3.4,6.0
2026-09-20 07:00:00,25.6,78,0.0,3.3,125.0
2026-09-20 08:00:00,27.1,71,0.0,6.0,345.0
2026-09-20 09:00:00,27.6,69,0.4,3.2,517.0
2026-09-20 10:00:00,29.1,62,0.3,1.5,631.0
2026-09-20 11:00:00,28.2,65,0.4,1.3,789.0
2026-09-20 12:00:00,29.3,61,0.1,1.2,574.0
2026-09-20 13:00:00,30.8,56,0.0,0.8,739.0
2026-09-20 14:00:00,31.2,54,0.0,1.3,623.0
2026-09-20 15:00:00,31.3,53,0.0,2.2,463.0
2026-09-20 16:00:00,30.9,54,0.0,3.4,287.0
2026-09-20 17:00:00,29.6,60,0.1,7.9,95.0
2026-09-20 18:00:00,28.3,66,0.0,8.9,22.0
2026-09-20 19:00:00,27.5,72,0.0,8.7,0.0
2026-09-20 20:00:00,27.1,76,0.0,6.5,0.0
2026-09-20 21:00:00,26.8,78,0.0,5.8,0.0
2026-09-20 22:00:00,26.6,78,0.0,3.9,0.0
2026-09-20 23:00:00,26.3,74,0.0,5.5,0.0
2026-09-21 00:00:00,25.9,75,0.0,3.6,0.0
2026-09-21 01:00:00,25.6,79,0.0,2.4,0.0
2026-09-21 02:00:00,25.4,79,0.0,2.1,0.0
2026-09-21 03:00:00,25.3,80,0.0,2.5,0.0
2026-09-21 04:00:00,25.0,81,0.0,3.6,0.0
2026-09-21 05:00:00,25.0,84,0.0,3.1,0.0
2026-09-21 06:00:00,24.7,85,0.0,3.7,6.0
2026-09-21 07:00:00,25.5,81,0.0,3.5,127.0
2026-09-21 08:00:00,26.8,74,0.0,3.3,343.0
2026-09-21 09:00:00,28.2,66,0.1,4.1,558.0
2026-09-21 10:00:00,29.4,60,0.1,4.4,706.0
2026-09-21 11:00:00,29.8,57,0.2,4.8,817.0
2026-09-21 12:00:00,30.3,57,0.3,5.3,781.0
2026-09-21 13:00:00,31.0,56,0.0,6.5,814.0
2026-09-21 14:00:00,31.3,54,0.0,6.9,735.0
2026-09-21 15:00:00,26.9,73,1.0,15.8,268.0
2026-09-21 16:00:00,27.8,73,0.6,6.4,332.0
2026-09-21 17:00:00,28.2,70,0.0,5.1,174.0
2026-09-21 18:00:00,27.7,72,0.0,5.2,25.0
2026-09-21 19:00:00,27.3,75,0.0,6.2,0.0
2026-09-21 20:00:00,26.8,78,0.0,5.5,0.0
2026-09-21 21:00:00,26.5,81,0.0,4.6,0.0
2026-09-21 22:00:00,26.3,82,0.0,5.5,0.0
2026-09-21 23:00:00,26.3,83,0.0,5.4,0.0
2026-09-22 00:00:00,25.7,86,0.0,5.5,0.0
2026-09-22 01:00:00,25.4,88,0.0,5.1,0.0
2026-09-22 02:00:00,25.1,90,0.0,6.1,0.0
2026-09-22 03:00:00,24.8,91,0.0,6.8,0.0
2026-09-22 04:00:00,24.5,91,0.0,7.0,0.0
2026-09-22 05:00:00,24.6,91,0.0,8.3,0.0
2026-09-22 06:00:00,24.4,91,0.0,8.4,6.0
2026-09-22 07:00:00,25.4,84,0.0,9.0,121.0
2026-09-22 08:00:00,26.8,75,0.0,10.2,317.0
2026-09-22 09:00:00,28.2,67,0.0,10.0,505.0
2026-09-22 10:00:00,29.2,61,0.0,9.8,621.0
2026-09-22 11:00:00,29.9,59,0.0,11.0,723.0
2026-09-22 12:00:00,30.4,57,0.0,11.5,801.0
2026-09-22 13:00:00,30.9,55,0.0,10.7,774.0
2026-09-22 14:00:00,31.0,55,0.0,11.6,702.0
2026-09-22 15:00:00,30.9,54,0.0,12.1,543.0
2026-09-22 16:00:00,30.0,58,0.0,11.0,292.0
2026-09-22 17:00:00,25.8,80,0.2,7.6,114.0
2026-09-22 18:00:00,25.6,82,0.3,3.3,11.0
2026-09-22 19:00:00,25.9,81,0.0,6.5,0.0
2026-09-22 20:00:00,25.7,78,0.0,9.2,0.0
2026-09-22 21:00:00,25.3,83,0.0,11.0,0.0
2026-09-22 22:00:00,24.6,88,0.0,11.0,0.0
2026-09-22 23:00:00,24.8,85,0.0,10.9,0.0
2026-09-23 00:00:00,24.5,86,0.0,10.3,0.0
2026-09-23 01:00:00,24.3,88,0.1,9.1,0.0
2026-09-23 02:00:00,24.2,89,0.0,10.7,0.0
2026-09-23 03:00:00,24.0,90,0.0,14.0,0.0
2026-09-23 04:00:00,23.6,88,0.0,13.8,0.0
2026-09-23 05:00:00,23.6,89,0.0,13.4,0.0
2026-09-23 06:00:00,23.5,89,0.1,13.6,5.0
2026-09-23 07:00:00,24.4,85,0.0,11.6,80.0
2026-09-23 08:00:00,25.6,78,0.0,17.3,192.0
2026-09-23 09:00:00,26.7,74,0.0,18.1,312.0
2026-09-23 10:00:00,27.6,72,0.1,17.3,460.0
2026-09-23 11:00:00,28.5,66,0.2,16.2,501.0
2026-09-23 12:00:00,28.6,68,0.2,16.6,640.0
2026-09-23 13:00:00,29.2,64,0.1,15.7,601.0
2026-09-23 14:00:00,29.7,62,0.0,15.9,694.0
2026-09-23 15:00:00,29.3,64,0.0,15.8,485.0
2026-09-23 16:00:00,27.6,69,0.2,14.9,215.0
2026-09-23 17:00:00,26.4,82,0.0,11.8,111.0
2026-09-23 18:00:00,26.5,81,0.1,12.5,3.0
2026-09-23 19:00:00,26.4,81,0.3,13.6,0.0
2026-09-23 20:00:00,25.9,84,0.4,14.1,0.0
2026-09-23 21:00:00,25.8,83,0.2,14.0,0.0
2026-09-23 22:00:00,25.0,86,0.5,14.3,0.0
2026-09-23 23:00:00,22.8,94,2.5,16.7,0.0
2026-09-24 00:00:00,22.4,95,1.2,12.5,0.0
2026-09-24 01:00:00,22.9,95,1.6,12.0,0.0
2026-09-24 02:00:00,23.0,94,1.0,16.2,0.0
2026-09-24 03:00:00,22.8,94,0.7,16.1,0.0
2026-09-24 04:00:00,22.9,93,1.0,16.3,0.0
2026-09-24 05:00:00,23.1,93,0.3,14.6,0.0
2026-09-24 06:00:00,23.1,92,0.2,14.3,3.0
2026-09-24 07:00:00,23.3,91,0.2,13.5,35.0
2026-09-24 08:00:00,24.1,88,0.0,14.0,70.0
2026-09-24 09:00:00,25.1,83,0.1,16.0,195.0
2026-09-24 10:00:00,25.4,84,0.1,14.2,200.0
2026-09-24 11:00:00,26.8,75,0.1,16.6,332.0
2026-09-24 12:00:00,27.2,75,0.3,17.7,343.0
2026-09-24 13:00:00,27.5,73,0.1,17.3,343.0
2026-09-24 14:00:00,28.6,70,0.1,19.0,527.0
2026-09-24 15:00:00,28.7,68,0.2,17.6,361.0
2026-09-24 16:00:00,27.5,76,0.1,13.2,79.0
2026-09-24 17:00:00,27.4,76,0.0,13.9,62.0
2026-09-24 18:00:00,26.4,78,0.0,13.5,15.0
2026-09-24 19:00:00,26.1,77,0.0,13.9,0.0
2026-09-24 20:00:00,26.5,77,0.0,13.9,0.0
2026-09-24 21:00:00,26.5,78,0.0,13.4,0.0
2026-09-24 22:00:00,26.3,77,0.0,13.1,0.0
2026-09-24 23:00:00,26.3,73,0.0,17.4,0.0
2026-09-25 00:00:00,25.9,71,0.0,17.4,0.0
2026-09-25 01:00:00,25.8,69,0.0,17.5,0.0
2026-09-25 02:00:00,25.6,68,0.0,17.7,0.0
2026-09-25 03:00:00,25.4,68,0.0,17.5,0.0
2026-09-25 04:00:00,25.1,68,0.0,17.7,0.0
2026-09-25 05:00:00,24.9,71,0.0,18.8,0.0
2026-09-25 06:00:00,24.7,71,0.0,18.7,3.0
2026-09-25 07:00:00,25.0,71,0.0,18.8,68.0
2026-09-25 08:00:00,25.7,71,0.0,18.5,191.0
2026-09-25 09:00:00,26.4,72,0.0,18.3,326.0
2026-09-25 10:00:00,27.2,67,0.0,21.6,404.0
2026-09-25 11:00:00,27.8,62,0.0,19.2,446.0
2026-09-25 12:00:00,28.9,55,0.0,20.0,650.0
2026-09-25 13:00:00,29.8,51,0.0,20.1,794.0
2026-09-25 14:00:00,30.2,49,0.0,18.9,677.0
2026-09-25 15:00:00,30.2,49,0.0,19.1,620.0
2026-09-25 16:00:00,29.4,54,0.0,16.1,313.0
2026-09-25 17:00:00,28.6,60,0.0,13.0,125.0
2026-09-25 18:00:00,27.7,62,0.0,14.1,16.0
2026-09-25 19:00:00,27.1,64,0.0,13.0,0.0
2026-09-25 20:00:00,27.0,64,0.0,15.7,0.0
2026-09-25 21:00:00,26.8,64,0.0,14.8,0.0
2026-09-25 22:00:00,26.3,66,0.0,13.7,0.0
2026-09-25 23:00:00,26.1,66,0.0,15.3,0.0
2026-09-26 00:00:00,25.5,65,0.0,15.7,0.0
2026-09-26 01:00:00,24.9,68,0.0,15.6,0.0
2026-09-26 02:00:00,24.5,69,0.0,15.4,0.0
2026-09-26 03:00:00,24.1,71,0.0,15.6,0.0
2026-09-26 04:00:00,23.6,73,0.0,15.5,0.0
2026-09-26 05:00:00,23.5,74,0.0,15.5,0.0
2026-09-26 06:00:00,23.2,76,0.0,14.6,4.0
2026-09-26 07:00:00,23.8,75,0.0,14.0,112.0
2026-09-26 08:00:00,24.9,72,0.0,14.6,330.0
2026-09-26 09:00:00,26.3,67,0.0,15.2,546.0
2026-09-26 10:00:00,27.7,63,0.0,16.2,757.0
2026-09-26 11:00:00,28.6,60,0.0,14.2,836.0
2026-09-26 12:00:00,29.3,57,0.1,14.5,922.0
2026-09-26 13:00:00,29.7,59,0.0,12.8,779.0
2026-09-26 14:00:00,30.4,57,0.0,13.6,783.0
2026-09-26 15:00:00,30.2,58,0.0,13.6,587.0
2026-09-26 16:00:00,29.6,59,0.1,13.1,392.0
2026-09-26 17:00:00,28.0,67,0.1,12.2,161.0
2026-09-26 18:00:00,25.6,74,0.3,13.0,11.0
2026-09-26 19:00:00,24.6,80,0.1,9.5,0.0
2026-09-26 20:00:00,23.8,83,0.0,9.6,0.0
2026-09-26 21:00:00,23.8,82,0.0,7.3,0.0
2026-09-26 22:00:00,24.3,79,0.0,7.3,0.0
2026-09-26 23:00:00,24.1,83,0.0,5.9,0.0
2026-09-27 00:00:00,23.5,85,0.0,7.2,0.0
2026-09-27 01:00:00,23.4,84,0.0,7.6,0.0
2026-09-27 02:00:00,23.4,82,0.0,8.9,0.0
2026-09-27 03:00:00,23.6,78,0.0,9.4,0.0
2026-09-27 04:00:00,23.4,77,0.0,9.5,0.0
2026-09-27 05:00:00,23.4,77,0.0,8.6,0.0
2026-09-27 06:00:00,23.0,79,0.0,8.6,6.0
2026-09-27 07:00:00,24.0,77,0.0,6.4,134.0
2026-09-27 08:00:00,25.6,72,0.0,7.7,361.0
2026-09-27 09:00:00,27.3,66,0.0,8.0,585.0
2026-09-27 10:00:00,28.7,60,0.0,7.9,770.0
2026-09-27 11:00:00,30.0,51,0.0,7.5,892.0
2026-09-27 12:00:00,30.7,45,0.0,7.5,880.0
2026-09-27 13:00:00,31.3,41,0.0,7.7,862.0
2026-09-27 14:00:00,31.5,39,0.0,7.5,783.0
2026-09-27 15:00:00,31.3,40,0.0,7.8,582.0
2026-09-27 16:00:00,30.7,43,0.0,8.6,376.0
2026-09-27 17:00:00,30.1,46,0.0,7.6,188.0
2026-09-27 18:00:00,28.6,53,0.0,7.6,20.0
2026-09-27 19:00:00,27.7,58,0.0,6.9,0.0
2026-09-27 20:00:00,27.2,59,0.0,6.6,0.0
2026-09-27 21:00:00,26.7,61,0.0,6.3,0.0
2026-09-27 22:00:00,26.1,64,0.0,5.1,0.0
2026-09-27 23:00:00,25.8,72,0.0,2.8,0.0
2026-09-28 00:00:00,25.3,74,0.0,1.6,0.0
2026-09-28 01:00:00,25.0,72,0.0,0.6,0.0
2026-09-28 02:00:00,24.2,79,0.0,2.8,0.0
2026-09-28 03:00:00,23.8,83,0.0,1.5,0.0
2026-09-28 04:00:00,23.2,86,0.0,1.2,0.0
2026-09-28 05:00:00,23.6,86,0.0,0.4,0.0
2026-09-28 06:00:00,23.4,86,0.0,3.7,6.0
2026-09-28 07:00:00,24.9,76,0.0,2.2,134.0
2026-09-28 08:00:00,27.5,60,0.0,1.5,361.0
2026-09-28 09:00:00,29.7,48,0.0,2.2,586.0
2026-09-28 10:00:00,31.4,41,0.0,4.4,770.0
2026-09-28 11:00:00,32.2,38,0.0,6.6,844.0
2026-09-28 12:00:00,32.6,36,0.0,8.1,822.0
2026-09-28 13:00:00,32.9,35,0.0,8.3,831.0
2026-09-28 14:00:00,33.0,34,0.0,9.3,728.0
2026-09-28 15:00:00,32.4,35,0.1,10.6,539.0
2026-09-28 16:00:00,31.8,37,0.0,10.7,395.0
2026-09-28 17:00:00,30.6,42,0.0,10.3,176.0
2026-09-28 18:00:00,29.5,48,0.0,7.1,19.0
2026-09-28 19:00:00,28.9,53,0.0,5.0,0.0
2026-09-28 20:00:00,28.1,57,0.0,4.8,0.0
2026-09-28 21:00:00,27.5,61,0.0,4.6,0.0
2026-09-28 22:00:00,26.9,61,0.0,6.2,0.0
2026-09-28 23:00:00,26.8,64,0.0,4.8,0.0
2026-09-29 00:00:00,25.9,69,0.0,3.9,0.0
2026-09-29 01:00:00,25.3,72,0.0,3.7,0.0
2026-09-29 02:00:00,24.9,73,0.0,3.2,0.0
2026-09-29 03:00:00,24.5,76,0.0,1.1,0.0
2026-09-29 04:00:00,23.9,80,0.0,0.5,0.0
2026-09-29 05:00:00,24.3,78,0.0,2.9,0.0
2026-09-29 06:00:00,24.2,77,0.0,5.1,6.0
2026-09-29 07:00:00,25.7,69,0.0,3.2,134.0
2026-09-29 08:00:00,27.9,56,0.0,5.2,351.0
2026-09-29 09:00:00,29.8,43,0.0,6.5,580.0
2026-09-29 10:00:00,31.3,37,0.0,7.3,765.0
2026-09-29 11:00:00,32.0,38,0.0,8.3,862.0
2026-09-29 12:00:00,32.1,37,0.0,8.6,919.0
2026-09-29 13:00:00,32.4,36,0.0,9.7,842.0
2026-09-29 14:00:00,32.4,35,0.0,9.8,744.0
2026-09-29 15:00:00,32.4,34,0.0,10.1,619.0
2026-09-29 16:00:00,31.7,37,0.0,10.7,407.0
2026-09-29 17:00:00,31.3,38,0.0,9.3,166.0
2026-09-29 18:00:00,30.3,42,0.0,7.9,17.0
2026-09-29 19:00:00,29.7,44,0.0,6.7,0.0
2026-09-29 20:00:00,29.1,47,0.0,5.2,0.0
2026-09-29 21:00:00,28.4,51,0.0,4.3,0.0
2026-09-29 22:00:00,27.8,55,0.0,3.7,0.0
2026-09-29 23:00:00,27.7,55,0.0,3.4,0.0
2026-09-30 00:00:00,26.5,64,0.0,2.8,0.0
2026-09-30 01:00:00,26.1,66,0.0,0.4,0.0
2026-09-30 02:00:00,25.4,71,0.0,1.0,0.0
2026-09-30 03:00:00,24.5,76,0.0,1.9,0.0
2026-09-30 04:00:00,23.9,81,0.0,3.3,0.0
2026-09-30 05:00:00,23.9,83,0.0,1.5,0.0
2026-09-30 06:00:00,23.4,87,0.0,1.7,6.0
2026-09-30 07:00:00,25.5,72,0.0,1.0,133.0
2026-09-30 08:00:00,28.1,53,0.0,2.1,358.0
2026-09-30 09:00:00,30.1,40,0.0,5.4,582.0
2026-09-30 10:00:00,31.6,35,0.0,8.0,764.0
2026-09-30 11:00:00,32.4,36,0.0,8.2,883.0
2026-09-30 12:00:00,32.7,35,0.0,8.3,926.0
2026-09-30 13:00:00,32.9,34,0.0,9.9,837.0
2026-09-30 14:00:00,32.9,34,0.0,10.3,749.0
2026-09-30 15:00:00,32.5,35,0.0,9.7,584.0
2026-09-30 16:00:00,31.8,39,0.0,9.5,382.0
2026-09-30 17:00:00,31.2,39,0.0,10.4,171.0
2026-09-30 18:00:00,30.5,41,0.0,9.6,17.0
2026-09-30 19:00:00,30.0,42,0.0,7.1,0.0
2026-09-30 20:00:00,29.6,44,0.0,6.2,0.0
2026-09-30 21:00:00,28.9,48,0.0,6.5,0.0
2026-09-30 22:00:00,28.1,52,0.0,5.8,0.0
2026-09-30 23:00:00,28.0,54,0.0,4.6,0.0
2026-10-01 00:00:00,26.9,60,0.0,4.4,0.0
2026-10-01 01:00:00,26.3,64,0.0,3.3,0.0
2026-10-01 02:00:00,25.9,67,0.0,2.0,0.0
2026-10-01 03:00:00,25.5,70,0.0,0.4,0.0
2026-10-01 04:00:00,24.9,72,0.0,0.9,0.0
2026-10-01 05:00:00,25.0,74,0.0,2.0,0.0
2026-10-01 06:00:00,24.7,75,0.0,1.5,6.0
2026-10-01 07:00:00,26.3,67,0.0,0.6,127.0
2026-10-01 08:00:00,28.2,58,0.0,3.6,345.0
2026-10-01 09:00:00,30.0,48,0.0,6.1,544.0
2026-10-01 10:00:00,31.6,40,0.0,7.5,728.0
2026-10-01 11:00:00,32.7,36,0.0,9.3,872.0
2026-10-01 12:00:00,33.3,33,0.0,9.6,919.0
2026-10-01 13:00:00,33.6,33,0.0,10.2,863.0
2026-10-01 14:00:00,33.5,33,0.0,11.0,763.0
2026-10-01 15:00:00,33.1,35,0.0,11.7,603.0
2026-10-01 16:00:00,32.2,38,0.0,11.8,381.0
2026-10-01 17:00:00,31.5,40,0.0,12.3,166.0
2026-10-01 18:00:00,30.5,44,0.0,11.2,15.0
2026-10-01 19:00:00,30.1,46,0.0,10.3,0.0
2026-10-01 20:00:00,29.6,47,0.0,9.3,0.0
2026-10-01 21:00:00,28.9,50,0.0,7.2,0.0
2026-10-01 22:00:00,28.3,53,0.0,6.4,0.0
2026-10-01 23:00:00,28.0,54,0.0,5.5,0.0
2026-10-02 00:00:00,27.2,57,0.0,6.2,0.0
2026-10-02 01:00:00,26.7,60,0.0,5.9,0.0
2026-10-02 02:00:00,26.3,62,0.0,5.6,0.0
2026-10-02 03:00:00,25.9,64,0.0,5.1,0.0
2026-10-02 04:00:00,25.6,66,0.0,4.8,0.0
2026-10-02 05:00:00,25.6,67,0.0,4.1,0.0
2026-10-02 06:00:00,25.3,68,0.0,4.1,6.0
2026-10-02 07:00:00,26.4,63,0.0,2.7,129.0
2026-10-02 08:00:00,28.2,55,0.0,4.3,350.0
2026-10-02 09:00:00,29.8,48,0.0,6.4,566.0
2026-10-02 10:00:00,31.2,42,0.0,8.2,745.0
2026-10-02 11:00:00,32.1,38,0.0,10.0,807.0
2026-10-02 12:00:00,32.8,35,0.0,11.3,888.0
2026-10-02 13:00:00,32.9,33,0.0,11.6,826.0
2026-10-02 14:00:00,33.2,32,0.0,11.5,771.0
2026-10-02 15:00:00,32.7,34,0.0,12.6,576.0
2026-10-02 16:00:00,31.9,37,0.0,12.2,365.0
2026-10-02 17:00:00,31.4,37,0.0,12.4,160.0
2026-10-02 18:00:00,30.5,40,0.0,10.2,15.0
2026-10-02 19:00:00,29.9,43,0.0,9.2,0.0
2026-10-02 20:00:00,29.2,46,0.0,8.8,0.0
2026-10-02 21:00:00,28.4,50,0.0,7.6,0.0
2026-10-02 22:00:00,27.7,53,0.0,6.7,0.0
2026-10-02 23:00:00,27.3,57,0.0,6.5,0.0
2026-10-03 00:00:00,26.5,60,0.0,5.8,0.0
2026-10-03 01:00:00,25.9,62,0.0,5.1,0.0
2026-10-03 02:00:00,25.4,66,0.0,4.6,0.0
2026-10-03 03:00:00,24.9,70,0.0,3.6,0.0
2026-10-03 04:00:00,24.6,72,0.0,3.3,0.0
2026-10-03 05:00:00,25.2,70,0.0,3.6,0.0
2026-10-03 06:00:00,24.8,74,0.0,2.7,5.0
2026-10-03 07:00:00,25.8,70,0.0,2.2,128.0
2026-10-03 08:00:00,27.5,62,0.0,4.3,350.0
2026-10-03 09:00:00,29.2,52,0.0,5.4,572.0
2026-10-03 10:00:00,30.6,44,0.0,5.5,716.0
2026-10-03 11:00:00,31.5,40,0.1,6.0,790.0
2026-10-03 12:00:00,32.2,37,0.0,6.7,876.0
2026-10-03 13:00:00,32.9,35,0.0,7.7,819.0
2026-10-03 14:00:00,32.9,35,0.0,8.0,649.0
2026-10-03 15:00:00,32.3,36,0.0,7.7,453.0
2026-10-03 16:00:00,31.7,39,0.1,8.4,304.0
2026-10-03 17:00:00,30.7,42,0.0,10.3,123.0
2026-10-03 18:00:00,30.1,44,0.0,10.1,13.0
2026-10-03 19:00:00,29.4,46,0.0,9.1,0.0
2026-10-03 20:00:00,28.9,48,0.0,7.3,0.0
2026-10-03 21:00:00,28.4,51,0.0,7.1,0.0
2026-10-03 22:00:00,27.9,54,0.0,6.3,0.0
2026-10-03 23:00:00,27.6,59,0.0,6.9,0.0
2026-10-04 00:00:00,26.8,64,0.0,6.0,0.0
2026-10-04 01:00:00,26.2,68,0.0,5.8,0.0
2026-10-04 02:00:00,25.6,73,0.0,5.0,0.0
2026-10-04 03:00:00,25.2,77,0.0,4.3,0.0
2026-10-04 04:00:00,24.8,80,0.0,3.6,0.0
2026-10-04 05:00:00,25.4,75,0.0,3.2,0.0
2026-10-04 06:00:00,25.2,77,0.0,3.1,5.0
2026-10-04 07:00:00,26.1,72,0.0,4.1,127.0
2026-10-04 08:00:00,27.8,62,0.0,4.9,348.0
2026-10-04 09:00:00,29.5,50,0.0,4.8,570.0
2026-10-04 10:00:00,31.1,42,0.0,4.9,724.0
2026-10-04 11:00:00,32.3,36,0.0,6.0,843.0
2026-10-04 12:00:00,33.5,31,0.0,6.9,846.0
2026-10-04 13:00:00,33.9,30,0.0,7.9,778.0
2026-10-04 14:00:00,32.9,32,0.0,10.5,410.0
2026-10-04 15:00:00,32.3,34,0.0,11.0,309.0
2026-10-04 16:00:00,32.3,34,0.0,10.6,316.0
2026-10-04 17:00:00,31.6,36,0.0,11.1,130.0
2026-10-04 18:00:00,30.7,37,0.0,11.3,13.0
2026-10-04 19:00:00,30.4,38,0.0,8.3,0.0
2026-10-04 20:00:00,29.7,43,0.0,7.6,0.0
2026-10-04 21:00:00,28.8,48,0.0,6.9,0.0
2026-10-04 22:00:00,28.0,53,0.0,6.5,0.0
2026-10-04 23:00:00,27.5,57,0.0,6.6,0.0
